,UserID,GenderID,Age,SPSS_Regio5,BAS_huishoudgrootte,BAS_werkzaamheid_resp,BAS_bruto_jaarinkomen,afg_kinderen_huishouden,AFG_sk2015,BAS_voltooide_opleiding8_resp,SPSS_Lifestage,dbscan_labels,final_label
2,1.0,1.0,59.0,5.0,1.0,2.0,2.0,0.0,5.0,2.0,2.0,0,0
3,2.0,2.0,47.0,3.0,2.0,2.0,7.0,0.0,2.0,6.0,4.0,0,0
5,4.0,1.0,41.0,4.0,5.0,2.0,5.0,3.0,1.0,4.0,6.0,1,1
6,5.0,1.0,43.0,4.0,4.0,2.0,5.0,2.0,2.0,6.0,6.0,1,1
7,6.0,1.0,77.0,2.0,1.0,7.0,2.0,0.0,5.0,3.0,2.0,0,0
8,7.0,1.0,49.0,4.0,4.0,2.0,5.0,2.0,2.0,7.0,6.0,1,1
9,8.0,1.0,68.0,4.0,3.0,7.0,3.0,2.0,4.0,4.0,8.0,-1,-1
10,9.0,1.0,35.0,5.0,3.0,2.0,5.0,1.0,1.0,8.0,5.0,1,1
11,8829.0,1.0,51.0,4.0,3.0,3.0,3.0,1.0,3.0,4.0,8.0,1,1
12,10.0,1.0,51.0,4.0,3.0,3.0,3.0,1.0,3.0,4.0,8.0,1,1
13,7280.0,1.0,51.0,4.0,3.0,3.0,3.0,1.0,3.0,4.0,8.0,1,1
14,11.0,1.0,44.0,4.0,5.0,2.0,6.0,3.0,1.0,7.0,6.0,1,1
15,12.0,1.0,47.0,2.0,2.0,3.0,3.0,0.0,1.0,6.0,4.0,0,0
18,14.0,1.0,49.0,2.0,4.0,2.0,7.0,2.0,1.0,8.0,6.0,1,1
19,15.0,2.0,25.0,3.0,1.0,4.0,1.0,0.0,5.0,3.0,1.0,0,2
20,16.0,1.0,49.0,5.0,4.0,1.0,6.0,1.0,1.0,7.0,8.0,1,1
21,7282.0,2.0,57.0,4.0,3.0,2.0,5.0,0.0,1.0,3.0,7.0,1,0
22,9396.0,2.0,57.0,4.0,3.0,2.0,5.0,0.0,1.0,3.0,7.0,1,0
23,17.0,2.0,57.0,4.0,3.0,2.0,5.0,0.0,1.0,3.0,7.0,1,0
24,18.0,1.0,49.0,2.0,2.0,2.0,4.0,1.0,3.0,3.0,8.0,1,0
25,7283.0,2.0,48.0,2.0,3.0,4.0,8.0,1.0,1.0,4.0,6.0,1,1
26,19.0,2.0,48.0,2.0,3.0,4.0,8.0,1.0,1.0,4.0,6.0,1,1
27,20.0,1.0,33.0,4.0,4.0,2.0,5.0,2.0,1.0,8.0,5.0,1,1
28,21.0,1.0,53.0,3.0,4.0,2.0,4.0,0.0,3.0,4.0,7.0,1,1
29,22.0,1.0,73.0,4.0,2.0,7.0,2.0,0.0,2.0,6.0,4.0,0,0
30,23.0,2.0,42.0,5.0,3.0,2.0,2.0,2.0,2.0,4.0,8.0,1,1
31,9148.0,2.0,42.0,5.0,3.0,2.0,2.0,2.0,2.0,4.0,8.0,1,1
32,24.0,1.0,37.0,4.0,2.0,2.0,4.0,0.0,2.0,4.0,3.0,0,2
33,25.0,1.0,34.0,5.0,4.0,2.0,5.0,2.0,2.0,6.0,5.0,1,1
34,26.0,1.0,40.0,1.0,2.0,2.0,4.0,0.0,2.0,6.0,3.0,0,2
35,7284.0,2.0,87.0,5.0,1.0,7.0,2.0,0.0,5.0,2.0,2.0,0,0
36,27.0,1.0,44.0,4.0,4.0,1.0,5.0,2.0,2.0,6.0,8.0,1,1
38,29.0,2.0,48.0,4.0,4.0,2.0,5.0,0.0,3.0,4.0,7.0,1,1
40,31.0,1.0,45.0,4.0,4.0,2.0,5.0,2.0,3.0,3.0,6.0,1,1
41,32.0,1.0,77.0,4.0,2.0,1.0,5.0,0.0,1.0,8.0,4.0,0,0
42,33.0,1.0,47.0,2.0,5.0,2.0,7.0,3.0,1.0,7.0,6.0,1,1
43,34.0,1.0,36.0,4.0,4.0,2.0,5.0,2.0,1.0,4.4,8.0,1,1
44,7285.0,2.0,76.0,2.0,2.0,7.0,2.0,0.0,2.0,2.0,4.0,0,0
46,36.0,1.0,59.0,5.0,2.0,3.0,7.0,0.0,1.0,7.0,4.0,0,0
47,37.0,2.0,66.0,5.0,2.0,9.0,2.0,0.0,4.0,2.0,4.0,0,0
48,7286.0,2.0,66.0,5.0,2.0,9.0,2.0,0.0,4.0,2.0,4.0,0,0
50,38.0,1.0,32.0,5.0,3.0,2.0,8.0,0.0,3.0,4.0,7.0,1,1
51,39.0,2.0,74.0,2.0,2.0,2.0,8.0,0.0,4.0,5.0,4.0,0,0
52,7288.0,2.0,74.0,2.0,2.0,2.0,8.0,0.0,4.0,5.0,4.0,0,0
53,40.0,2.0,49.0,5.0,2.0,9.0,8.0,0.0,5.0,4.0,4.0,0,0
54,7289.0,2.0,49.0,5.0,2.0,9.0,8.0,0.0,5.0,4.0,4.0,0,0
55,41.0,1.0,48.0,5.0,5.0,2.0,6.0,2.0,2.0,4.0,6.0,1,1
56,42.0,1.0,36.0,2.0,4.0,2.0,5.0,2.0,2.0,5.0,5.0,1,1
57,43.0,1.0,37.0,1.0,6.0,2.0,5.0,4.0,2.0,4.0,8.0,-1,-1
58,44.0,2.0,43.0,5.0,3.0,9.0,8.0,0.0,2.0,4.0,7.0,1,0
59,7290.0,2.0,59.0,4.0,4.0,1.0,7.0,0.0,1.0,5.0,7.0,1,1
60,45.0,2.0,59.0,4.0,4.0,1.0,7.0,0.0,1.0,5.0,7.0,1,1
61,46.0,1.0,78.0,2.0,2.0,7.0,5.0,0.0,2.0,6.0,4.0,0,0
64,48.0,1.0,56.0,5.0,2.0,2.0,4.0,0.0,2.0,7.0,9.0,1,0
65,49.0,2.0,42.0,2.0,5.0,2.0,6.0,3.0,2.0,5.0,6.0,1,1
66,50.0,1.0,78.0,5.0,1.0,7.0,8.0,0.0,5.0,2.0,2.0,0,0
67,7291.0,1.0,78.0,5.0,1.0,7.0,8.0,0.0,5.0,2.0,2.0,0,0
68,8831.0,1.0,45.0,2.0,5.0,2.0,7.0,3.0,1.0,7.0,8.0,1,1
69,7292.0,1.0,45.0,2.0,5.0,2.0,7.0,3.0,1.0,7.0,8.0,1,1
70,51.0,1.0,45.0,2.0,5.0,2.0,7.0,3.0,1.0,7.0,8.0,1,1
71,7293.0,2.0,53.0,5.0,4.0,9.0,8.0,0.0,3.0,5.0,7.0,1,1
72,52.0,2.0,53.0,5.0,4.0,9.0,8.0,0.0,3.0,5.0,7.0,1,1
73,53.0,1.0,29.0,2.0,1.0,2.0,3.0,0.0,1.0,8.0,1.0,0,2
75,55.0,1.0,50.0,2.0,1.0,2.0,8.0,0.0,5.0,1.0,2.0,0,0
76,56.0,2.0,37.0,2.0,1.0,2.0,8.0,0.0,2.0,6.0,1.0,0,2
77,57.0,2.0,31.0,2.0,2.0,2.0,2.0,0.0,3.0,4.0,3.0,0,2
78,58.0,1.0,39.0,3.0,2.0,4.0,2.0,0.0,4.0,3.0,3.0,0,2
79,59.0,1.0,59.0,4.0,2.0,3.0,8.0,0.0,3.0,3.0,4.0,0,0
80,60.0,1.0,34.0,4.0,3.0,2.0,4.0,1.0,3.0,4.0,5.0,1,1
81,61.0,1.0,45.0,5.0,3.0,4.0,8.0,1.0,3.0,7.0,8.0,1,1
82,7294.0,2.0,46.0,2.0,4.0,2.0,7.0,2.0,1.0,8.0,5.0,1,1
83,62.0,2.0,46.0,2.0,4.0,2.0,7.0,2.0,1.0,8.0,5.0,1,1
84,63.0,2.0,26.0,4.0,2.0,2.0,6.0,0.0,1.0,6.0,3.0,0,2
85,64.0,1.0,55.0,5.0,3.0,3.0,5.0,1.0,2.0,5.0,7.0,1,1
86,65.0,1.0,33.0,5.0,1.0,2.0,4.0,0.0,2.0,7.0,1.0,0,2
88,67.0,1.0,33.0,2.0,2.0,2.0,6.0,0.0,1.0,6.0,3.0,0,2
89,7295.0,2.0,73.0,1.0,1.0,7.0,2.0,0.0,4.0,4.0,2.0,0,0
91,69.0,2.0,40.0,4.0,4.0,9.0,3.0,2.0,2.0,4.0,5.0,1,1
92,70.0,1.0,28.0,5.0,2.0,2.0,6.0,0.0,1.0,8.0,3.0,0,2
94,8832.0,2.0,35.0,4.0,4.0,9.0,3.0,2.0,2.0,7.0,5.0,1,1
95,7296.0,2.0,35.0,4.0,4.0,9.0,3.0,2.0,2.0,7.0,5.0,1,1
96,72.0,2.0,35.0,4.0,4.0,9.0,3.0,2.0,2.0,7.0,5.0,1,1
97,7297.0,2.0,64.0,1.0,2.0,2.0,5.0,0.0,1.0,7.0,4.0,0,0
98,73.0,2.0,41.0,2.0,3.0,2.0,3.0,2.0,3.0,4.0,8.0,1,1
99,7298.0,2.0,44.0,5.0,4.0,3.0,8.0,2.0,3.0,4.0,6.0,1,1
100,74.0,2.0,44.0,5.0,4.0,3.0,8.0,2.0,3.0,4.0,6.0,1,1
101,75.0,1.0,58.0,2.0,1.0,2.0,4.0,0.0,2.0,7.0,2.0,0,0
102,76.0,2.0,74.0,5.0,1.0,7.0,2.0,0.0,5.0,2.0,2.0,0,0
103,77.0,2.0,58.0,5.0,2.0,9.0,4.0,0.0,4.0,2.0,4.0,0,0
104,7299.0,2.0,58.0,5.0,2.0,9.0,4.0,0.0,4.0,2.0,4.0,0,0
105,78.0,1.0,33.0,5.0,5.0,2.0,4.0,3.0,2.0,7.0,6.0,1,1
106,79.0,1.0,28.0,3.0,1.0,1.0,1.0,0.0,1.0,6.0,1.0,0,2
107,80.0,1.0,55.0,2.0,4.0,2.0,5.0,1.0,1.0,4.0,6.0,1,1
108,81.0,1.0,31.0,5.0,3.0,2.0,8.0,0.0,3.0,4.0,7.0,1,1
109,7300.0,2.0,39.0,2.0,4.0,9.0,5.0,2.0,1.0,2.0,6.0,1,1
110,82.0,1.0,38.0,2.0,4.0,2.0,5.0,2.0,2.0,7.0,8.0,1,1
111,83.0,1.0,51.0,2.0,1.0,3.0,4.0,0.0,3.0,4.0,2.0,0,0
112,84.0,1.0,54.0,5.0,1.0,2.0,3.0,0.0,2.0,4.0,2.0,0,0
113,85.0,2.0,57.0,2.0,3.0,9.0,4.0,0.0,4.0,2.0,7.0,1,0
114,7301.0,2.0,57.0,2.0,3.0,9.0,4.0,0.0,4.0,2.0,7.0,1,0
115,9149.0,2.0,57.0,2.0,3.0,9.0,4.0,0.0,4.0,2.0,7.0,1,0
116,86.0,1.0,41.0,2.0,5.0,2.0,7.0,3.0,1.0,8.0,5.0,1,1
117,7302.0,2.0,38.0,1.0,4.0,5.0,6.0,2.0,1.0,8.0,5.0,1,1
118,87.0,2.0,38.0,1.0,4.0,5.0,6.0,2.0,1.0,8.0,5.0,1,1
119,88.0,1.0,26.0,5.0,2.0,2.0,5.0,0.0,1.0,8.0,3.0,0,2
120,7303.0,2.0,74.0,2.0,1.0,7.0,4.0,0.0,5.0,3.0,2.0,0,0
121,89.0,1.0,36.0,2.0,6.0,2.0,2.0,4.0,3.0,6.2,5.0,-1,-1
122,90.0,2.0,53.0,5.0,3.0,2.0,3.0,0.0,4.0,2.0,9.0,1,1
123,91.0,2.0,35.0,2.0,2.0,2.0,2.0,1.0,2.0,4.0,8.0,1,1
124,7304.0,2.0,35.0,2.0,2.0,2.0,2.0,1.0,2.0,4.0,8.0,1,1
125,92.0,2.0,27.0,3.0,2.0,2.0,8.0,0.0,2.0,7.0,3.0,0,2
126,93.0,2.0,49.0,1.0,1.0,5.0,4.0,0.0,3.0,7.0,2.0,0,2
127,94.0,2.0,39.0,4.0,1.0,3.0,4.0,0.0,1.0,8.0,1.0,0,2
129,96.0,2.0,37.0,2.0,2.0,2.0,5.0,0.0,3.0,4.0,3.0,0,2
130,97.0,2.0,79.0,4.0,2.0,7.0,2.0,0.0,4.0,2.0,4.0,0,0
131,98.0,1.0,37.0,4.0,5.0,2.0,5.0,3.0,1.0,8.0,5.0,1,1
132,99.0,2.0,30.0,3.0,3.0,2.0,8.0,1.0,2.0,4.0,5.0,1,1
133,100.0,2.0,47.0,2.0,2.0,2.0,1.0,1.0,1.0,8.0,8.0,1,1
134,101.0,2.0,68.0,4.0,2.0,7.0,4.0,0.0,4.0,4.0,4.0,0,0
136,103.0,1.0,36.0,5.0,3.0,2.0,5.0,1.0,3.0,4.0,5.0,1,1
138,105.0,1.0,38.0,5.0,4.0,2.0,5.0,2.0,1.0,5.0,5.0,1,1
139,106.0,2.0,73.0,2.0,1.0,7.0,2.0,0.0,5.0,3.0,2.0,0,0
140,107.0,1.0,40.0,3.0,4.0,2.0,5.0,2.0,2.0,4.6,6.0,1,1
141,108.0,1.0,24.0,3.0,3.0,8.0,1.0,0.0,1.0,4.0,7.0,-1,-1
142,109.0,2.0,50.0,2.0,1.0,2.0,2.0,0.0,2.0,5.0,2.0,0,0
144,110.0,1.0,39.0,2.0,6.0,3.0,5.0,4.0,2.0,4.0,5.0,2,1
145,7305.0,1.0,53.0,4.0,2.0,4.0,5.0,0.0,2.0,3.0,4.0,0,0
146,111.0,1.0,28.0,5.0,2.0,2.0,8.0,0.0,2.0,6.0,3.0,0,2
149,113.0,1.0,38.0,5.0,2.0,4.0,3.0,0.0,5.0,2.0,3.0,0,0
151,7307.0,2.0,37.0,5.0,2.0,2.0,7.0,0.0,2.0,7.0,3.0,0,2
152,115.0,2.0,37.0,5.0,2.0,2.0,7.0,0.0,2.0,7.0,3.0,0,2
153,116.0,1.0,22.0,3.0,1.0,8.0,1.0,0.0,3.0,6.0,1.0,0,2
154,117.0,1.0,37.0,4.0,2.0,2.0,5.0,0.0,2.0,6.0,3.0,0,2
156,119.0,2.0,32.0,4.0,3.0,2.0,5.0,1.0,1.0,7.0,5.0,1,1
157,7308.0,2.0,32.0,4.0,3.0,2.0,5.0,1.0,1.0,7.0,5.0,1,1
158,120.0,1.0,39.0,1.0,4.0,2.0,6.0,2.0,2.0,1.0,6.0,1,1
159,121.0,1.0,32.0,5.0,3.0,2.0,2.0,1.0,2.0,7.0,8.0,1,1
160,122.0,2.0,31.0,3.0,1.0,4.0,2.0,0.0,4.0,4.0,1.0,0,2
161,123.0,1.0,27.0,4.0,2.0,2.0,5.0,0.0,1.0,8.0,3.0,0,2
162,124.0,1.0,57.0,5.0,1.0,2.0,4.0,0.0,2.0,4.0,2.0,0,0
163,7309.0,2.0,67.0,1.0,2.0,2.0,4.0,0.0,5.0,3.0,4.0,0,0
164,125.0,2.0,67.0,1.0,2.0,2.0,4.0,0.0,5.0,3.0,4.0,0,0
165,7310.0,2.0,41.0,1.0,4.0,3.0,6.0,2.0,1.0,7.0,6.0,1,1
166,126.0,1.0,29.0,2.0,1.0,2.0,4.0,0.0,2.0,5.0,1.0,0,2
168,7311.0,2.0,47.0,5.0,4.0,2.0,5.0,2.0,3.0,4.0,6.0,1,1
169,128.0,1.0,34.0,2.0,2.0,2.0,4.0,0.0,1.0,5.0,3.0,0,2
170,129.0,1.0,44.0,2.0,4.0,2.0,4.0,2.0,2.0,4.0,6.0,1,1
171,8833.0,1.0,44.0,2.0,4.0,2.0,4.0,2.0,2.0,4.0,6.0,1,1
172,7312.0,1.0,44.0,2.0,4.0,2.0,4.0,2.0,2.0,4.0,6.0,1,1
173,130.0,1.0,36.0,5.0,3.0,2.0,4.0,1.0,4.0,2.0,5.0,1,1
174,131.0,1.0,32.0,4.0,4.0,3.0,5.0,2.0,2.0,4.0,5.0,1,1
175,132.0,1.0,24.0,4.0,4.0,5.0,8.0,0.0,2.0,6.0,7.0,1,1
176,133.0,2.0,20.0,5.0,1.0,2.0,1.0,0.0,2.0,4.0,1.0,0,2
177,134.0,1.0,36.0,2.0,1.0,1.0,5.0,0.0,1.0,7.0,1.0,0,2
178,135.0,2.0,48.0,5.0,4.0,2.0,8.0,0.0,1.0,4.0,7.0,1,1
179,136.0,1.0,40.0,1.0,3.0,2.0,2.0,1.0,3.0,6.0,5.0,1,1
180,137.0,2.0,32.0,4.0,3.0,2.0,6.0,1.0,3.0,8.0,5.0,1,1
181,138.0,2.0,58.0,2.0,2.0,2.0,8.0,0.0,4.0,3.0,4.0,0,0
182,139.0,2.0,49.0,2.0,4.0,2.0,5.0,2.0,2.0,3.0,6.0,1,1
183,140.0,1.0,44.0,4.0,4.0,3.0,8.0,2.0,1.0,8.0,8.0,1,1
184,141.0,2.0,44.0,5.0,4.0,2.0,5.0,2.0,3.0,4.0,6.0,1,1
185,142.0,1.0,57.0,3.0,1.0,2.0,8.0,0.0,2.0,7.0,2.0,0,0
186,143.0,1.0,47.0,2.0,5.0,2.0,5.0,3.0,1.0,4.0,6.0,1,1
187,144.0,2.0,30.0,4.0,1.0,2.0,2.0,0.0,1.0,8.0,1.0,0,2
189,145.0,2.0,52.0,1.0,5.0,2.0,3.0,0.0,2.0,4.6,9.0,1,1
191,147.0,1.0,43.0,2.0,4.0,2.0,7.0,2.0,2.0,7.0,6.0,1,1
192,148.0,2.0,45.0,4.0,4.0,2.0,4.0,2.0,3.0,6.0,8.0,1,1
193,149.0,1.0,56.0,5.0,2.0,2.0,6.0,0.0,3.0,3.0,4.0,0,0
195,7313.0,2.0,60.0,3.0,2.0,9.0,8.0,0.0,1.0,6.0,4.0,0,0
196,151.0,2.0,46.0,1.0,4.0,2.0,5.0,2.0,2.0,7.0,8.0,1,1
197,152.0,1.0,69.0,4.0,2.0,7.0,3.0,0.0,5.0,2.0,4.0,0,0
198,153.0,2.0,72.0,1.0,2.0,7.0,4.0,0.0,2.0,3.0,4.0,0,0
199,154.0,1.0,38.0,4.0,5.0,2.0,6.0,3.0,3.0,6.0,6.0,1,1
200,155.0,2.0,45.0,3.0,1.0,2.0,2.0,0.0,2.0,7.0,2.0,0,2
203,157.0,1.0,59.0,5.0,2.0,2.0,5.0,0.0,1.0,8.0,4.0,0,0
204,158.0,1.0,82.0,4.0,1.0,7.0,2.0,0.0,2.0,6.0,2.0,0,0
205,159.0,1.0,67.0,4.0,2.0,7.0,2.0,0.0,2.0,6.0,4.0,0,0
206,160.0,2.0,53.0,3.0,2.0,4.0,4.0,0.0,3.0,3.0,4.0,0,0
207,7314.0,2.0,53.0,3.0,2.0,4.0,4.0,0.0,3.0,3.0,4.0,0,0
210,163.0,1.0,42.0,2.0,2.0,2.0,4.0,0.0,3.0,4.0,3.0,0,0
211,164.0,1.0,59.0,5.0,1.0,2.0,5.0,0.0,2.0,6.0,2.0,0,0
212,165.0,1.0,58.0,3.0,3.0,2.0,7.0,0.0,2.0,5.0,7.0,1,0
213,7315.0,2.0,62.0,2.0,2.0,4.0,8.0,0.0,5.0,4.0,4.0,0,0
214,166.0,2.0,62.0,2.0,2.0,4.0,8.0,0.0,5.0,4.0,4.0,0,0
215,167.0,2.0,29.0,4.0,1.0,1.0,1.0,0.0,1.0,7.0,1.0,0,2
216,168.0,2.0,55.0,2.0,3.0,2.0,5.0,0.0,2.0,4.0,7.0,1,0
217,169.0,2.0,53.0,1.0,1.0,2.0,4.0,0.0,3.0,3.0,2.0,0,0
220,171.0,2.0,58.0,4.0,3.0,2.0,7.0,0.0,1.0,5.0,7.0,1,0
221,172.0,1.0,39.0,4.0,3.0,1.0,5.0,1.0,3.0,6.0,5.0,1,1
222,173.0,2.0,47.0,2.0,4.0,9.0,4.0,2.0,2.0,4.0,6.0,1,1
226,175.0,2.0,31.0,2.0,3.0,2.0,5.0,1.0,1.0,6.0,5.0,1,1
227,176.0,1.0,44.0,5.0,2.0,2.0,8.0,0.0,5.0,1.0,3.0,0,0
228,177.0,2.0,41.0,5.0,4.0,2.0,8.0,2.0,1.0,3.0,6.0,1,1
231,7318.0,2.0,66.0,4.0,2.0,7.0,2.0,0.0,4.0,1.0,4.0,0,0
232,180.0,2.0,66.0,4.0,2.0,7.0,2.0,0.0,4.0,1.0,4.0,0,0
233,181.0,2.0,70.0,3.0,2.0,7.0,5.0,0.0,1.0,7.0,4.0,0,0
234,7319.0,2.0,33.0,3.0,3.0,3.0,8.0,1.0,3.0,4.0,5.0,1,1
235,182.0,1.0,46.0,2.0,3.0,3.0,5.0,1.0,4.0,2.0,6.0,1,1
236,183.0,2.0,38.0,4.0,1.0,2.0,2.0,0.0,3.0,4.0,1.0,0,2
237,184.0,2.0,27.0,3.0,1.0,3.0,2.0,0.0,2.0,7.0,1.0,0,2
238,185.0,2.0,74.0,2.0,2.0,7.0,3.0,0.0,4.0,4.0,4.0,0,0
239,7320.0,2.0,74.0,2.0,2.0,7.0,3.0,0.0,4.0,4.0,4.0,0,0
241,187.0,2.0,30.0,1.0,1.0,2.0,8.0,0.0,2.0,7.0,1.0,0,2
243,189.0,1.0,36.0,2.0,3.0,2.0,3.0,1.0,2.0,4.0,5.0,1,1
244,7321.0,1.0,36.0,2.0,3.0,2.0,3.0,1.0,2.0,4.0,5.0,1,1
245,190.0,2.0,50.0,2.0,3.0,1.0,8.0,0.0,5.0,4.0,7.0,1,0
246,8835.0,2.0,50.0,2.0,3.0,1.0,8.0,0.0,5.0,4.0,7.0,1,0
247,7322.0,2.0,50.0,2.0,3.0,1.0,8.0,0.0,5.0,4.0,7.0,1,0
248,191.0,2.0,44.0,4.0,8.0,2.0,6.0,2.0,2.0,4.0,6.0,-1,-1
249,9659.0,2.0,54.0,3.0,3.0,2.0,4.0,0.0,4.0,4.0,7.0,1,0
250,7323.0,2.0,70.0,5.0,2.0,7.0,8.0,0.0,2.0,4.0,4.0,0,0
251,192.0,2.0,28.0,4.0,3.0,3.0,3.0,1.0,3.0,6.0,5.0,1,1
254,194.0,2.0,43.0,2.0,3.0,9.0,8.0,1.0,3.0,5.0,6.0,1,1
255,195.0,1.0,67.0,5.0,1.0,1.0,5.0,0.0,1.0,3.0,2.0,0,0
256,196.0,1.0,69.0,5.0,1.0,7.0,7.0,0.0,1.0,8.0,2.0,0,0
257,197.0,2.0,64.0,4.0,1.0,4.0,2.0,0.0,4.0,4.0,2.0,0,0
261,199.0,2.0,38.0,2.0,5.0,1.0,3.0,3.0,2.0,4.0,6.0,1,1
263,201.0,2.0,71.0,2.0,1.0,7.0,2.0,0.0,5.0,2.0,2.0,0,0
266,203.0,1.0,72.0,5.0,2.0,7.0,5.0,0.0,2.0,6.0,4.0,0,0
267,204.0,2.0,57.0,4.0,2.0,2.0,8.0,0.0,4.0,4.0,4.0,0,0
268,205.0,1.0,74.0,5.0,2.0,7.0,5.0,0.0,2.0,6.0,4.0,0,0
269,206.0,2.0,22.0,5.0,4.0,8.0,8.0,0.0,2.0,6.0,8.0,1,1
272,208.0,1.0,45.0,5.0,4.0,2.0,6.0,2.0,2.0,5.0,6.0,1,1
273,9575.0,2.0,69.0,2.0,2.0,7.0,2.0,0.0,2.0,6.0,4.0,0,0
274,7327.0,1.0,39.0,4.0,4.0,5.0,8.0,2.0,3.0,7.0,5.0,1,1
275,209.0,1.0,39.0,4.0,4.0,5.0,8.0,2.0,3.0,7.0,5.0,1,1
276,210.0,1.0,40.0,2.0,3.0,2.0,6.0,1.0,1.0,8.0,5.0,1,1
277,7328.0,1.0,76.0,5.0,2.0,7.0,4.0,0.0,2.0,5.0,4.0,0,0
278,211.0,1.0,76.0,5.0,2.0,7.0,4.0,0.0,2.0,5.0,4.0,0,0
280,8837.0,2.0,41.0,5.0,4.0,2.0,4.0,2.0,2.0,4.0,6.0,1,1
281,213.0,2.0,41.0,5.0,4.0,2.0,4.0,2.0,2.0,4.0,6.0,1,1
282,7329.0,2.0,41.0,5.0,4.0,2.0,4.0,2.0,2.0,4.0,6.0,1,1
283,9153.0,2.0,41.0,5.0,4.0,2.0,4.0,2.0,2.0,4.0,6.0,1,1
284,7330.0,2.0,27.0,2.0,2.0,2.0,3.0,0.0,3.0,4.0,3.0,0,2
285,214.0,2.0,27.0,2.0,2.0,2.0,3.0,0.0,3.0,4.0,3.0,0,2
291,220.0,1.0,71.0,1.0,1.0,7.0,4.0,0.0,5.0,3.0,2.0,0,0
292,7331.0,2.0,84.0,2.0,1.0,9.0,2.0,0.0,5.0,1.0,2.0,0,0
293,221.0,1.0,58.0,5.0,3.0,2.0,6.0,0.0,2.0,6.0,7.0,1,0
296,223.0,1.0,74.0,1.0,1.0,7.0,2.0,0.0,2.0,7.0,2.0,0,0
297,224.0,2.0,35.0,1.0,2.0,2.0,5.0,0.0,4.0,7.0,3.0,0,2
298,225.0,2.0,21.0,2.0,2.0,2.0,1.0,0.0,4.0,5.6,9.0,-1,-1
299,226.0,2.0,71.0,4.0,1.0,7.0,3.0,0.0,3.0,5.0,2.0,0,0
300,227.0,1.0,57.0,5.0,2.0,2.0,6.0,0.0,1.0,8.0,4.0,0,0
303,229.0,1.0,31.0,4.0,1.0,2.0,4.0,0.0,2.0,6.0,1.0,0,2
304,230.0,1.0,45.0,5.0,5.0,2.0,8.0,3.0,3.0,4.0,6.0,1,1
306,232.0,2.0,80.0,2.0,1.0,7.0,2.0,0.0,4.0,4.0,2.0,0,0
307,233.0,2.0,27.0,3.0,2.0,2.0,5.0,0.0,2.0,5.0,3.0,0,2
311,236.0,2.0,50.0,2.0,4.0,2.0,8.0,2.0,2.0,4.0,6.0,1,1
314,239.0,2.0,46.0,4.0,1.0,2.0,3.0,0.0,2.0,4.0,2.0,0,2
317,241.0,2.0,35.0,4.0,1.0,2.0,4.0,0.0,2.0,7.0,1.0,0,2
318,242.0,1.0,32.0,5.0,1.0,2.0,5.0,0.0,2.0,4.0,1.0,0,2
319,7336.0,2.0,56.0,4.0,2.0,2.0,8.0,0.0,2.0,8.0,4.0,0,0
320,243.0,2.0,56.0,4.0,2.0,2.0,8.0,0.0,2.0,8.0,4.0,0,0
321,244.0,2.0,60.0,5.0,2.0,3.0,8.0,0.0,5.0,2.0,4.0,0,0
322,245.0,1.0,27.0,5.0,3.0,2.0,7.0,0.0,1.0,8.0,7.0,1,1
323,7337.0,2.0,33.0,5.0,4.0,2.0,4.0,2.0,3.0,4.0,5.0,1,1
324,7338.0,2.0,41.0,2.0,2.0,4.0,4.0,0.0,3.0,3.0,3.0,0,0
325,246.0,2.0,41.0,2.0,2.0,4.0,4.0,0.0,3.0,3.0,3.0,0,0
328,7340.0,2.0,77.0,5.0,2.0,7.0,8.0,0.0,5.0,2.0,4.0,0,0
330,9660.0,2.0,67.0,3.0,1.0,7.0,8.0,0.0,5.0,2.0,2.0,0,0
331,248.0,1.0,68.0,5.0,2.0,7.0,4.0,0.0,2.0,7.0,4.0,0,0
334,250.0,1.0,48.0,2.0,4.0,2.0,6.0,2.0,3.0,4.0,8.0,1,1
336,252.0,1.0,65.0,1.0,3.0,7.0,7.0,0.0,2.0,6.0,9.0,1,0
337,253.0,1.0,63.0,5.0,2.0,4.0,5.0,0.0,1.0,2.0,4.0,0,0
338,254.0,1.0,71.0,1.0,2.0,7.0,7.0,0.0,2.0,6.0,4.0,0,0
339,255.0,2.0,58.0,1.0,1.0,5.0,1.0,0.0,3.0,5.0,2.0,0,0
340,256.0,1.0,77.0,1.0,2.0,7.0,8.0,0.0,5.0,2.0,4.0,0,0
341,257.0,1.0,55.0,4.0,1.0,2.0,4.0,0.0,2.0,4.0,2.0,0,0
342,258.0,1.0,31.0,5.0,4.0,2.0,4.0,2.0,3.0,4.0,5.0,1,1
343,259.0,2.0,41.0,3.0,3.0,2.0,1.0,2.0,2.0,5.0,8.0,1,1
344,7343.0,2.0,80.0,1.0,2.0,9.0,8.0,0.0,5.0,3.0,3.0,0,0
345,260.0,1.0,46.0,2.0,5.0,2.0,7.0,3.0,1.0,7.0,6.0,1,1
346,261.0,2.0,42.0,2.0,4.0,2.0,5.0,2.0,1.0,6.0,6.0,1,1
347,7344.0,2.0,42.0,2.0,4.0,2.0,5.0,2.0,1.0,6.0,6.0,1,1
348,7345.0,2.0,71.0,2.0,2.0,7.0,2.0,0.0,5.0,3.0,4.0,0,0
350,263.0,1.0,37.0,5.0,4.0,1.0,8.0,2.0,3.0,4.0,8.0,1,1
351,264.0,2.0,36.0,4.0,3.0,2.0,2.0,1.0,1.0,4.0,5.0,1,1
353,265.0,2.0,33.0,4.0,3.0,2.0,4.0,1.0,3.0,4.0,5.0,1,1
354,266.0,2.0,35.0,4.0,3.0,2.0,5.0,1.0,3.0,6.0,5.0,1,1
355,7347.0,2.0,45.0,4.0,3.0,9.0,2.0,0.0,4.0,2.0,7.0,1,0
356,267.0,2.0,45.0,4.0,3.0,9.0,2.0,0.0,4.0,2.0,7.0,1,0
357,268.0,2.0,46.0,2.0,3.0,1.0,8.0,1.0,1.0,3.0,8.0,1,1
360,270.0,1.0,50.0,3.0,4.0,2.0,6.0,1.0,2.0,4.0,7.0,1,1
361,7349.0,2.0,71.0,5.0,2.0,7.0,2.0,0.0,4.0,2.0,4.0,0,0
362,271.0,2.0,71.0,5.0,2.0,7.0,2.0,0.0,4.0,2.0,4.0,0,0
363,272.0,2.0,75.0,1.0,2.0,7.0,4.0,0.0,2.0,3.0,4.0,0,0
364,7350.0,2.0,75.0,1.0,2.0,7.0,4.0,0.0,2.0,3.0,4.0,0,0
365,273.0,1.0,71.0,3.0,1.0,7.0,2.0,0.0,4.0,4.0,2.0,0,0
366,274.0,1.0,76.0,5.0,2.0,7.0,5.0,0.0,2.0,7.0,4.0,0,0
367,275.0,1.0,73.0,2.0,2.0,7.0,5.0,0.0,1.0,8.0,4.0,0,0
368,7351.0,1.0,72.0,3.0,2.0,7.0,2.0,0.0,5.0,3.0,4.0,0,0
369,276.0,1.0,72.0,3.0,2.0,7.0,2.0,0.0,5.0,3.0,4.0,0,0
370,277.0,1.0,63.0,2.0,3.0,7.0,5.0,0.0,5.0,3.0,7.0,1,0
372,279.0,1.0,82.0,4.0,3.0,7.0,4.0,0.0,5.0,2.0,7.0,1,0
374,281.0,2.0,73.0,1.0,1.0,7.0,2.0,0.0,2.0,6.0,2.0,0,0
375,282.0,1.0,46.0,3.0,4.0,2.0,6.0,2.0,2.0,6.0,8.0,1,1
376,283.0,2.0,33.0,4.0,4.0,1.0,8.0,2.0,3.0,7.0,5.0,1,1
377,284.0,1.0,47.0,2.0,4.0,1.0,5.0,1.0,1.0,3.0,6.0,1,1
379,286.0,1.0,44.0,2.0,4.0,2.0,7.0,2.0,1.0,8.0,5.0,1,1
380,287.0,2.0,67.0,4.0,3.0,7.0,4.0,0.0,4.0,4.0,7.0,1,0
381,7352.0,2.0,67.0,4.0,3.0,7.0,4.0,0.0,4.0,4.0,7.0,1,0
382,288.0,1.0,35.0,3.0,2.0,3.0,4.0,0.0,4.0,4.0,3.0,0,2
389,291.0,2.0,31.0,4.0,4.0,1.0,8.0,2.0,1.0,8.0,5.0,1,1
390,7357.0,2.0,59.0,4.0,3.0,5.0,2.0,0.0,4.0,8.0,7.0,1,0
391,292.0,2.0,24.0,4.0,2.0,2.0,2.0,0.0,3.0,5.6,3.0,0,2
392,293.0,2.0,29.0,4.0,2.0,2.0,8.0,1.0,4.0,2.0,8.0,1,1
393,294.0,2.0,78.0,5.0,2.0,7.0,8.0,0.0,5.0,3.0,4.0,0,0
394,295.0,1.0,47.0,4.0,1.0,2.0,5.0,0.0,2.0,6.0,2.0,0,2
395,296.0,2.0,49.0,2.0,4.0,2.0,4.0,0.0,1.0,2.0,7.0,1,1
396,9397.0,2.0,62.0,2.0,5.0,9.0,3.0,0.0,2.0,4.0,7.0,1,1
397,7358.0,2.0,62.0,2.0,5.0,9.0,3.0,0.0,2.0,4.0,7.0,1,1
398,297.0,2.0,62.0,2.0,5.0,9.0,3.0,0.0,2.0,4.0,7.0,1,1
399,9154.0,2.0,62.0,2.0,5.0,9.0,3.0,0.0,2.0,4.0,7.0,1,1
400,298.0,1.0,70.0,5.0,2.0,7.0,5.0,0.0,1.0,5.0,4.0,0,0
403,300.0,1.0,50.0,4.0,4.0,2.0,6.0,0.0,3.0,4.0,7.0,1,1
405,9156.0,2.0,46.0,3.0,4.0,2.0,2.0,2.0,3.0,4.0,8.0,1,1
406,7360.0,2.0,46.0,3.0,4.0,2.0,2.0,2.0,3.0,4.0,8.0,1,1
407,9398.0,2.0,46.0,3.0,4.0,2.0,2.0,2.0,3.0,4.0,8.0,1,1
409,302.0,2.0,32.0,2.0,1.0,2.0,4.0,0.0,2.0,7.0,1.0,0,2
410,303.0,2.0,52.0,5.0,2.0,2.0,8.0,0.0,1.0,6.0,4.0,0,0
412,305.0,2.0,42.0,4.0,1.0,4.0,1.0,0.0,3.0,7.0,1.0,0,2
418,308.0,2.0,30.0,3.0,1.0,2.0,2.0,0.0,2.0,4.0,1.0,0,2
419,309.0,2.0,45.0,2.0,2.0,9.0,2.0,0.0,3.0,7.0,9.0,-1,-1
420,310.0,2.0,47.0,2.0,4.0,4.0,4.0,1.0,3.0,4.0,6.0,1,1
421,311.0,2.0,74.0,5.0,2.0,7.0,8.0,0.0,1.0,4.0,4.0,0,0
422,7362.0,2.0,74.0,5.0,2.0,7.0,8.0,0.0,1.0,4.0,4.0,0,0
423,312.0,1.0,53.0,5.0,3.0,2.0,6.0,1.0,1.0,8.0,8.0,1,1
427,315.0,2.0,39.0,4.0,4.0,4.0,2.0,2.0,2.0,4.0,6.0,1,1
428,7364.0,1.0,77.0,5.0,2.0,7.0,3.0,0.0,4.0,4.0,4.0,0,0
429,316.0,1.0,77.0,5.0,2.0,7.0,3.0,0.0,4.0,4.0,4.0,0,0
430,7365.0,2.0,42.0,5.0,3.0,4.0,3.0,1.0,2.0,2.0,6.0,1,1
431,8838.0,2.0,42.0,5.0,3.0,4.0,3.0,1.0,2.0,2.0,6.0,1,1
432,317.0,2.0,54.0,2.0,1.0,2.0,2.0,0.0,3.0,4.0,2.0,0,0
435,319.0,1.0,52.0,4.0,2.0,1.0,8.0,0.0,1.0,6.0,4.0,0,0
438,321.0,1.0,62.0,1.0,2.0,7.0,7.0,0.0,3.0,5.0,4.0,0,0
440,323.0,1.0,71.0,2.0,2.0,7.0,3.0,0.0,4.0,4.0,4.0,0,0
441,324.0,2.0,73.0,2.0,2.0,9.0,3.0,0.0,4.0,2.0,4.0,0,0
444,326.0,2.0,31.0,2.0,3.0,2.0,4.0,1.0,2.0,7.0,5.0,1,1
445,327.0,2.0,39.0,2.0,3.0,2.0,8.0,1.0,5.0,2.0,6.0,1,1
446,7369.0,2.0,39.0,2.0,3.0,2.0,8.0,1.0,5.0,2.0,6.0,1,1
447,328.0,1.0,40.0,4.0,4.0,2.0,5.0,2.0,2.0,4.0,6.0,1,1
452,331.0,2.0,38.0,3.0,1.0,6.0,1.0,0.0,4.0,4.0,1.0,0,2
454,333.0,1.0,36.0,2.0,3.0,2.0,4.0,1.0,2.0,4.0,5.0,1,1
455,334.0,2.0,38.0,5.0,3.0,2.0,5.0,1.0,3.0,2.0,6.0,1,1
456,7372.0,2.0,38.0,5.0,3.0,2.0,5.0,1.0,3.0,2.0,6.0,1,1
464,7375.0,2.0,45.0,3.0,4.0,2.0,2.0,0.0,2.0,5.0,7.0,1,1
466,337.0,2.0,35.0,5.0,4.0,2.0,5.0,2.0,1.0,4.0,6.0,1,1
469,7377.0,2.0,38.0,4.0,2.0,3.0,4.0,0.0,1.0,8.0,3.0,0,2
471,339.0,2.0,75.0,2.0,1.0,7.0,8.0,0.0,4.0,4.0,2.0,0,0
472,340.0,1.0,68.0,2.0,2.0,7.0,5.0,0.0,2.0,6.0,4.0,0,0
473,341.0,2.0,38.0,5.0,4.0,2.0,6.0,2.0,4.0,4.0,8.0,1,1
474,342.0,2.0,33.0,2.0,2.0,2.0,6.0,0.0,1.0,7.0,3.0,0,2
475,7379.0,2.0,37.0,3.0,4.0,2.0,8.0,2.0,3.0,7.0,5.0,1,1
476,343.0,1.0,58.0,5.0,3.0,3.0,5.0,1.0,2.0,6.0,6.0,1,1
477,344.0,2.0,69.0,4.0,2.0,7.0,3.0,0.0,5.0,6.0,4.0,0,0
478,345.0,1.0,41.0,5.0,4.0,2.0,5.0,2.0,2.0,4.0,5.0,1,1
479,346.0,1.0,60.0,2.0,1.0,1.0,5.0,0.0,1.0,5.0,2.0,0,0
480,347.0,2.0,36.0,4.0,5.0,2.0,5.0,3.0,2.0,4.0,5.0,1,1
481,348.0,2.0,45.0,2.0,3.0,3.0,6.0,1.0,3.0,5.0,7.0,1,1
482,7380.0,2.0,45.0,2.0,3.0,3.0,6.0,1.0,3.0,5.0,7.0,1,1
483,349.0,2.0,43.0,3.0,4.0,2.0,3.0,2.0,5.0,4.0,6.0,1,1
484,7381.0,2.0,43.0,3.0,4.0,2.0,3.0,2.0,5.0,4.0,6.0,1,1
485,8840.0,2.0,43.0,3.0,4.0,2.0,3.0,2.0,5.0,4.0,6.0,1,1
486,350.0,1.0,66.0,4.0,1.0,3.0,6.0,0.0,3.0,3.0,2.0,0,0
487,351.0,1.0,32.0,4.0,2.0,3.0,4.0,0.0,4.0,4.0,3.0,0,2
488,7382.0,1.0,32.0,4.0,2.0,3.0,4.0,0.0,4.0,4.0,3.0,0,2
491,7384.0,2.0,42.0,4.0,4.0,9.0,3.0,2.0,3.0,3.0,5.0,1,1
492,353.0,2.0,42.0,4.0,4.0,9.0,3.0,2.0,3.0,3.0,5.0,1,1
493,354.0,1.0,80.0,4.0,2.0,7.0,3.0,0.0,5.0,2.0,4.0,0,0
494,355.0,1.0,58.0,5.0,3.0,4.0,3.0,0.0,4.0,2.0,7.0,1,0
495,356.0,2.0,65.0,5.0,2.0,9.0,3.0,0.0,4.0,3.0,4.0,0,0
496,9160.0,2.0,65.0,5.0,2.0,9.0,3.0,0.0,4.0,3.0,4.0,0,0
498,7386.0,2.0,41.0,4.0,4.0,2.0,8.0,2.0,2.0,4.0,6.0,1,1
499,357.0,2.0,41.0,4.0,4.0,2.0,8.0,2.0,2.0,4.0,6.0,1,1
500,358.0,2.0,71.0,2.0,2.0,7.0,2.0,0.0,3.0,5.0,4.0,0,0
507,362.0,2.0,30.0,5.0,1.0,2.0,2.0,0.0,2.0,7.0,1.0,0,2
508,9505.0,2.0,62.0,2.0,2.0,9.0,8.0,0.0,5.0,2.0,4.0,0,0
509,363.0,2.0,62.0,2.0,2.0,9.0,8.0,0.0,5.0,2.0,4.0,0,0
510,364.0,2.0,66.0,2.0,2.0,7.0,8.0,0.0,2.0,3.0,4.0,0,0
511,7388.0,2.0,54.0,1.0,2.0,2.0,8.0,0.0,4.0,2.0,4.0,0,0
512,365.0,2.0,46.0,4.0,2.0,6.0,1.0,0.0,5.0,3.2,9.0,1,0
513,7389.0,2.0,46.0,4.0,2.0,6.0,1.0,0.0,5.0,4.0,9.0,1,0
514,366.0,2.0,59.0,5.0,2.0,2.0,8.0,0.0,5.0,2.0,4.0,0,0
517,369.0,1.0,51.0,1.0,3.0,1.0,6.0,0.0,1.0,4.0,7.0,1,0
521,371.0,2.0,26.0,1.0,1.0,8.0,2.0,0.0,3.0,7.0,1.0,0,2
523,373.0,2.0,52.0,3.0,3.0,9.0,8.0,0.0,1.0,3.0,7.0,1,0
524,374.0,2.0,53.0,1.0,1.0,4.0,1.0,0.0,5.0,2.0,2.0,0,0
527,377.0,2.0,30.0,2.0,2.0,8.0,3.0,0.0,5.0,7.0,9.0,-1,-1
529,7393.0,1.0,70.0,2.0,2.0,7.0,8.0,0.0,2.0,6.0,4.0,0,0
530,378.0,1.0,70.0,2.0,2.0,7.0,8.0,0.0,2.0,6.0,4.0,0,0
533,380.0,1.0,38.0,4.0,4.0,2.0,8.0,2.0,2.0,6.0,5.0,1,1
535,382.0,2.0,36.0,2.0,1.0,2.0,3.0,0.0,3.0,4.0,1.0,0,2
536,383.0,2.0,48.0,5.0,4.0,2.0,8.0,2.0,3.0,4.0,6.0,1,1
537,9162.0,2.0,41.0,4.0,4.0,2.0,4.0,2.0,4.0,5.0,6.0,1,1
538,8842.0,2.0,41.0,4.0,4.0,2.0,4.0,2.0,4.0,5.0,6.0,1,1
539,384.0,2.0,41.0,4.0,4.0,2.0,4.0,2.0,4.0,5.0,6.0,1,1
540,385.0,2.0,65.0,1.0,2.0,2.0,6.0,0.0,3.0,4.0,4.0,0,0
542,387.0,1.0,75.0,2.0,2.0,7.0,3.0,0.0,3.0,5.0,4.0,0,0
543,7395.0,1.0,75.0,2.0,2.0,7.0,3.0,0.0,3.0,5.0,4.0,0,0
544,388.0,1.0,53.0,4.0,5.0,2.0,5.0,0.0,2.0,3.0,7.0,1,1
545,7396.0,2.0,52.0,4.0,3.0,3.0,5.0,0.0,2.0,4.0,7.0,1,0
546,389.0,2.0,28.0,2.0,1.0,2.0,4.0,0.0,1.0,8.0,1.0,0,2
547,390.0,2.0,36.0,2.0,2.0,5.0,3.0,0.0,2.0,6.0,3.0,0,2
548,7397.0,2.0,36.0,2.0,2.0,5.0,3.0,0.0,2.0,6.0,3.0,0,2
550,392.0,2.0,29.0,2.0,2.0,4.0,5.0,0.0,3.0,5.6,3.0,0,2
551,393.0,2.0,55.0,5.0,3.0,9.0,8.0,0.0,3.0,4.0,7.0,1,0
552,7398.0,2.0,55.0,5.0,3.0,9.0,8.0,0.0,3.0,4.0,7.0,1,0
553,394.0,2.0,32.0,2.0,2.0,2.0,2.0,1.0,2.0,6.0,8.0,1,1
554,395.0,2.0,52.0,3.0,1.0,4.0,2.0,0.0,4.0,4.0,2.0,0,0
556,396.0,2.0,42.0,4.0,2.0,2.0,5.0,0.0,4.0,4.0,3.0,0,0
557,397.0,2.0,61.0,5.0,2.0,2.0,7.0,0.0,1.0,3.0,4.0,0,0
558,7399.0,2.0,46.0,5.0,2.0,9.0,8.0,0.0,3.0,4.0,4.0,0,0
559,398.0,1.0,64.0,5.0,2.0,4.0,2.0,0.0,5.0,3.0,4.0,0,0
560,7400.0,1.0,64.0,5.0,2.0,4.0,2.0,0.0,5.0,3.0,4.0,0,0
562,8843.0,2.0,32.0,1.0,5.0,2.0,2.0,3.0,1.0,4.0,6.0,1,1
563,399.0,2.0,32.0,1.0,5.0,2.0,2.0,3.0,1.0,4.0,6.0,1,1
564,7402.0,2.0,32.0,1.0,5.0,2.0,2.0,3.0,1.0,4.0,6.0,1,1
566,401.0,2.0,50.0,5.0,3.0,2.0,6.0,1.0,3.0,3.0,6.0,1,1
567,402.0,2.0,64.0,3.0,2.0,2.0,8.0,0.0,2.0,4.0,4.0,0,0
568,7403.0,2.0,64.0,3.0,2.0,2.0,8.0,0.0,2.0,4.0,4.0,0,0
569,403.0,1.0,60.0,3.0,1.0,2.0,5.0,0.0,2.0,5.0,2.0,0,0
570,404.0,2.0,73.0,1.0,2.0,7.0,3.0,0.0,5.0,3.0,4.0,0,0
573,407.0,2.0,32.0,1.0,1.0,8.0,1.0,0.0,3.0,8.0,1.0,0,2
574,408.0,1.0,65.0,2.0,2.0,1.0,4.0,0.0,2.0,2.0,4.0,0,0
575,409.0,1.0,40.0,2.0,5.0,2.0,5.0,3.0,3.0,4.0,6.0,1,1
577,7404.0,2.0,71.0,2.0,2.0,7.0,3.0,0.0,5.0,2.0,4.0,0,0
581,413.0,1.0,76.0,4.0,2.0,7.0,3.0,0.0,5.0,2.0,4.0,0,0
582,414.0,2.0,26.0,2.0,3.0,6.0,4.0,0.0,4.0,5.0,7.0,1,1
583,415.0,2.0,67.0,4.0,1.0,7.0,2.0,0.0,5.0,3.0,2.0,0,0
584,416.0,1.0,33.0,5.0,3.0,3.0,5.0,1.0,1.0,4.0,8.0,1,1
586,418.0,2.0,38.0,1.0,5.0,2.0,6.0,3.0,2.0,7.0,5.0,1,1
587,419.0,2.0,42.0,4.0,4.0,2.0,6.0,2.0,1.0,8.0,6.0,1,1
588,420.0,2.0,73.0,4.0,2.0,7.0,4.0,0.0,3.0,2.0,4.0,0,0
589,7406.0,2.0,73.0,4.0,2.0,7.0,4.0,0.0,3.0,2.0,4.0,0,0
590,421.0,2.0,70.0,4.0,1.0,9.0,2.0,0.0,5.0,3.0,2.0,0,0
591,422.0,2.0,69.0,2.0,2.0,7.0,3.0,0.0,4.0,4.0,4.0,0,0
592,423.0,2.0,62.0,2.0,2.0,4.0,8.0,0.0,2.0,5.0,4.0,0,0
593,7407.0,2.0,32.0,3.0,4.0,9.0,2.0,2.0,3.0,5.0,6.0,1,1
594,424.0,2.0,32.0,3.0,4.0,9.0,2.0,2.0,3.0,5.0,6.0,1,1
595,8844.0,2.0,41.0,1.0,4.0,2.0,3.0,2.0,2.0,4.0,6.0,1,1
596,7408.0,2.0,41.0,1.0,4.0,2.0,3.0,2.0,2.0,4.0,6.0,1,1
597,425.0,2.0,41.0,1.0,4.0,2.0,3.0,2.0,2.0,4.0,6.0,1,1
600,427.0,1.0,20.0,4.0,1.0,2.0,2.0,0.0,2.0,6.2,1.0,0,2
601,428.0,2.0,29.0,2.0,1.0,2.0,8.0,0.0,3.0,4.0,1.0,0,2
602,429.0,2.0,30.0,5.0,2.0,1.0,4.0,0.0,1.0,6.0,3.0,0,2
605,431.0,1.0,65.0,2.0,2.0,4.0,3.0,1.0,3.0,6.0,9.0,-1,-1
606,7411.0,1.0,65.0,2.0,2.0,4.0,3.0,1.0,3.0,6.0,9.0,-1,-1
608,433.0,2.0,32.0,2.0,2.0,2.0,7.0,0.0,1.0,8.0,3.0,0,2
610,435.0,1.0,47.0,3.0,2.0,2.0,4.0,0.0,3.0,4.0,4.0,0,0
612,437.0,2.0,28.0,4.0,1.0,2.0,4.0,0.0,1.0,8.0,1.0,0,2
613,438.0,2.0,61.0,5.0,2.0,2.0,5.0,0.0,2.0,4.4,4.0,0,0
615,440.0,1.0,63.0,5.0,2.0,4.0,5.0,0.0,3.0,6.0,4.0,0,0
616,9550.0,1.0,25.0,5.0,1.0,8.0,1.0,0.0,3.0,7.0,1.0,0,2
617,441.0,1.0,25.0,5.0,1.0,8.0,1.0,0.0,3.0,7.0,1.0,0,2
618,8845.0,1.0,25.0,5.0,1.0,8.0,1.0,0.0,3.0,7.0,1.0,0,2
619,9553.0,1.0,25.0,5.0,1.0,8.0,1.0,0.0,3.0,7.0,1.0,0,2
620,9557.0,1.0,25.0,5.0,1.0,8.0,1.0,0.0,3.0,7.0,1.0,0,2
621,442.0,2.0,71.0,4.0,2.0,7.0,4.0,0.0,2.0,6.0,4.0,0,0
622,443.0,2.0,53.0,5.0,3.0,2.0,4.0,0.0,4.0,3.0,7.0,1,0
623,7412.0,2.0,53.0,5.0,3.0,2.0,4.0,0.0,4.0,3.0,7.0,1,0
624,444.0,1.0,62.0,4.0,3.0,2.0,5.0,0.0,3.0,1.0,7.0,1,0
626,446.0,1.0,76.0,2.0,2.0,7.0,4.0,0.0,3.0,5.0,4.0,0,0
627,447.0,2.0,30.0,4.0,2.0,2.0,5.0,0.0,1.0,7.0,3.0,0,2
628,448.0,1.0,36.0,3.0,2.0,2.0,5.0,0.0,2.0,4.0,3.0,0,2
633,451.0,1.0,58.0,3.0,2.0,2.0,5.0,0.0,2.0,5.0,4.0,0,0
634,452.0,1.0,25.0,2.0,3.0,2.0,8.0,0.0,3.0,2.0,7.0,-1,-1
636,454.0,1.0,51.0,1.0,1.0,2.0,8.0,0.0,2.0,7.0,2.0,0,2
637,7415.0,2.0,30.0,5.0,2.0,2.0,5.0,0.0,2.0,7.0,3.0,0,2
638,455.0,2.0,22.0,2.0,4.0,8.0,4.0,1.0,4.0,5.0,6.0,1,1
639,7416.0,2.0,22.0,2.0,4.0,8.0,4.0,1.0,4.0,5.0,6.0,1,1
640,7417.0,2.0,64.0,2.0,2.0,9.0,2.0,0.0,3.0,3.0,4.0,0,0
641,456.0,2.0,64.0,2.0,2.0,9.0,2.0,0.0,3.0,3.0,4.0,0,0
642,457.0,1.0,72.0,2.0,2.0,7.0,5.0,0.0,5.0,3.0,4.0,0,0
643,458.0,1.0,70.0,4.0,3.0,1.0,5.0,0.0,1.0,1.0,7.0,1,0
644,459.0,2.0,46.0,2.0,6.0,5.0,5.0,4.0,1.0,7.0,6.0,-1,-1
645,9506.0,2.0,46.0,2.0,6.0,5.0,5.0,4.0,1.0,7.0,6.0,-1,-1
646,9163.0,2.0,46.0,2.0,6.0,5.0,5.0,4.0,1.0,7.0,6.0,-1,-1
647,9400.0,2.0,46.0,2.0,6.0,5.0,5.0,4.0,1.0,7.0,6.0,-1,-1
648,7418.0,2.0,46.0,2.0,6.0,5.0,5.0,4.0,1.0,7.0,6.0,-1,-1
650,461.0,2.0,53.0,3.0,1.0,2.0,4.0,0.0,3.0,4.0,2.0,0,0
652,463.0,1.0,46.0,5.0,4.0,3.0,5.0,1.0,1.0,6.0,7.0,1,1
653,464.0,2.0,37.0,4.0,1.0,2.0,3.0,0.0,3.0,4.0,1.0,0,2
654,465.0,1.0,56.0,5.0,1.0,3.0,5.0,0.0,2.0,7.0,2.0,0,0
656,467.0,2.0,37.0,3.0,5.0,9.0,5.0,3.0,3.0,7.0,5.0,1,1
657,468.0,2.0,52.0,3.0,2.0,1.0,5.0,0.0,1.0,8.0,4.0,0,0
658,469.0,1.0,51.0,2.0,4.0,2.0,4.0,1.0,2.0,5.0,6.0,1,1
659,8846.0,1.0,51.0,2.0,4.0,2.0,4.0,1.0,2.0,5.0,6.0,1,1
660,7419.0,1.0,51.0,2.0,4.0,2.0,4.0,1.0,2.0,5.0,6.0,1,1
662,470.0,2.0,54.0,5.0,4.0,2.0,4.0,0.0,4.0,4.0,7.0,1,1
663,7421.0,1.0,68.0,4.0,2.0,7.0,4.0,0.0,4.0,4.0,4.0,0,0
664,471.0,2.0,37.0,2.0,3.0,2.0,7.0,1.0,2.0,7.0,8.0,1,1
666,472.0,1.0,59.0,1.0,1.0,2.0,3.0,0.0,2.0,4.0,2.0,0,0
667,473.0,2.0,49.0,5.0,2.0,4.0,4.0,0.0,2.0,5.0,4.0,0,0
668,474.0,1.0,47.0,2.0,4.0,2.0,7.0,2.0,1.0,8.0,8.0,1,1
669,475.0,2.0,64.0,5.0,2.0,2.0,5.0,0.0,4.0,3.0,4.0,0,0
670,476.0,2.0,51.0,2.0,3.0,3.0,3.0,1.0,2.0,6.0,9.0,1,1
676,479.0,2.0,47.0,5.0,4.0,2.0,2.0,3.0,2.0,7.0,8.0,1,1
677,480.0,1.0,54.0,4.0,3.0,1.0,7.0,0.0,1.0,8.0,7.0,1,0
678,481.0,2.0,34.0,5.0,3.0,2.0,8.0,2.0,2.0,4.0,8.0,1,1
679,7425.0,2.0,34.0,5.0,3.0,2.0,8.0,2.0,2.0,4.0,8.0,1,1
683,485.0,2.0,38.0,3.0,4.0,2.0,5.0,2.0,3.0,4.0,6.0,1,1
684,486.0,1.0,58.0,5.0,1.0,2.0,8.0,0.0,1.0,7.0,2.0,0,0
685,487.0,1.0,50.0,1.0,3.0,2.0,7.0,1.0,1.0,7.0,6.0,1,1
686,488.0,1.0,70.0,5.0,2.0,7.0,3.0,0.0,5.0,3.0,4.0,0,0
688,489.0,2.0,49.0,1.0,3.0,2.0,7.0,0.0,1.0,7.0,7.0,1,1
690,490.0,1.0,46.0,5.0,4.0,2.0,5.0,2.0,3.0,4.0,6.0,1,1
691,9165.0,1.0,45.0,4.0,4.0,2.0,3.0,2.0,3.0,4.0,6.0,1,1
692,491.0,1.0,45.0,4.0,4.0,2.0,3.0,2.0,3.0,4.0,6.0,1,1
693,492.0,1.0,54.0,4.0,2.0,2.0,4.0,0.0,3.0,4.0,4.0,0,0
694,493.0,2.0,27.0,5.0,2.0,2.0,4.0,0.0,3.0,4.0,3.0,0,2
695,7428.0,2.0,27.0,5.0,2.0,2.0,4.0,0.0,3.0,4.0,3.0,0,2
697,495.0,1.0,39.0,2.0,2.0,4.0,6.0,0.0,3.0,7.0,3.0,0,2
707,501.0,1.0,37.0,2.0,5.0,3.0,6.0,3.0,1.0,7.0,5.0,1,1
709,7433.0,2.0,59.0,3.0,2.0,2.0,4.0,0.0,2.0,3.0,4.0,0,0
710,502.0,2.0,59.0,3.0,2.0,2.0,4.0,0.0,2.0,3.0,4.0,0,0
712,8848.0,2.0,51.0,4.0,4.0,2.0,8.0,0.0,5.0,4.0,7.0,1,1
713,503.0,2.0,51.0,4.0,4.0,2.0,8.0,0.0,5.0,4.0,7.0,1,1
714,504.0,2.0,49.0,2.0,2.0,2.0,3.0,0.0,4.0,4.0,4.0,0,0
715,7435.0,1.0,64.0,5.0,2.0,4.0,7.0,0.0,1.0,8.0,4.0,0,0
716,505.0,1.0,64.0,5.0,2.0,4.0,7.0,0.0,1.0,8.0,4.0,0,0
717,506.0,2.0,19.0,2.0,4.0,8.0,8.0,1.0,5.0,5.0,7.0,-1,-1
719,508.0,1.0,32.0,5.0,3.0,2.0,8.0,1.0,5.0,1.0,5.0,1,1
721,7437.0,2.0,31.0,5.0,5.0,9.0,2.0,2.0,3.0,3.0,5.0,1,1
723,510.0,1.0,38.0,2.0,3.0,2.0,5.0,1.0,2.0,7.0,6.0,1,1
726,512.0,1.0,62.0,3.0,4.0,2.0,2.0,2.0,3.0,6.0,6.0,1,1
734,518.0,1.0,63.0,4.0,2.0,4.0,4.0,0.0,4.0,4.0,4.0,0,0
737,520.0,1.0,32.0,3.0,2.0,2.0,5.0,0.0,3.0,4.0,3.0,0,2
738,521.0,2.0,23.0,2.0,2.0,8.0,2.0,0.0,3.0,7.0,3.0,0,2
742,524.0,1.0,50.0,1.0,1.0,2.0,2.0,0.0,3.0,6.0,2.0,0,0
748,528.0,1.0,33.0,5.0,2.0,2.0,4.0,0.0,2.0,6.0,3.0,0,2
749,529.0,2.0,49.0,2.0,2.0,2.0,8.0,0.0,4.0,2.0,4.0,0,0
752,532.0,2.0,34.0,5.0,3.0,9.0,5.0,1.0,1.0,7.0,5.0,1,1
754,533.0,2.0,65.0,4.0,2.0,4.0,4.0,0.0,4.0,3.0,4.0,0,0
755,534.0,2.0,50.0,1.0,1.0,4.0,2.0,0.0,4.0,4.0,2.0,0,0
762,538.0,1.0,69.0,2.0,2.0,7.0,5.0,0.0,4.0,4.0,4.0,0,0
763,539.0,2.0,41.0,1.0,1.0,2.0,4.0,0.0,3.0,4.0,1.0,0,2
764,540.0,2.0,41.0,2.0,4.0,4.0,4.0,1.0,4.0,4.0,6.0,1,1
765,541.0,2.0,28.0,1.0,2.0,2.0,5.0,0.0,2.0,7.0,3.0,0,2
766,7444.0,2.0,33.0,5.0,5.0,2.0,6.0,3.0,1.0,8.0,5.0,1,1
767,542.0,1.0,62.0,5.0,1.0,6.0,1.0,0.0,4.0,3.0,2.0,0,0
768,543.0,1.0,48.0,5.0,2.0,2.0,5.0,0.0,3.0,4.8,4.0,0,0
769,544.0,1.0,35.0,5.0,4.0,2.0,7.0,2.0,1.0,5.2,8.0,1,1
770,545.0,2.0,28.0,5.0,1.0,2.0,1.0,0.0,4.0,4.0,1.0,0,2
771,546.0,2.0,48.0,5.0,4.0,9.0,8.0,2.0,5.0,4.0,6.0,1,1
772,547.0,2.0,72.0,2.0,1.0,7.0,2.0,0.0,4.0,2.0,2.0,0,0
773,548.0,2.0,55.0,4.0,2.0,1.0,4.0,0.0,5.0,4.0,4.0,0,0
774,7445.0,2.0,55.0,4.0,2.0,1.0,4.0,0.0,5.0,4.0,4.0,0,0
775,7446.0,1.0,57.0,3.0,3.0,2.0,7.0,0.0,3.0,7.0,7.0,1,0
776,549.0,1.0,57.0,3.0,3.0,2.0,7.0,0.0,3.0,7.0,7.0,1,0
778,551.0,1.0,47.0,5.0,1.0,2.0,4.0,0.0,1.0,8.0,2.0,0,2
779,552.0,2.0,49.0,4.0,3.0,2.0,8.0,0.0,1.0,8.0,7.0,1,1
780,553.0,2.0,34.0,2.0,2.0,4.0,4.0,0.0,1.0,7.0,3.0,0,2
784,7447.0,1.0,69.0,4.0,2.0,7.0,7.0,0.0,1.0,8.0,4.0,0,0
785,556.0,1.0,69.0,4.0,2.0,7.0,7.0,0.0,1.0,8.0,4.0,0,0
786,557.0,2.0,57.0,4.0,2.0,9.0,8.0,0.0,2.0,5.0,4.0,0,0
787,558.0,2.0,35.0,5.0,3.0,2.0,6.0,1.0,1.0,7.0,5.0,1,1
789,560.0,2.0,40.0,2.0,3.0,9.0,4.0,1.0,3.0,4.0,5.0,1,1
790,9167.0,2.0,55.0,2.0,3.0,5.0,8.0,0.0,2.0,6.0,7.0,1,0
791,561.0,2.0,55.0,2.0,3.0,5.0,8.0,0.0,2.0,6.0,7.0,1,0
792,562.0,2.0,27.0,4.0,3.0,8.0,8.0,0.0,4.0,6.0,7.0,1,1
795,564.0,1.0,49.0,5.0,3.0,3.0,5.0,0.0,2.0,4.0,7.0,1,0
796,8853.0,2.0,38.0,1.0,6.0,9.0,2.0,4.0,3.0,4.0,6.0,-1,-1
797,565.0,2.0,38.0,1.0,6.0,9.0,2.0,4.0,3.0,4.0,6.0,-1,-1
798,7449.0,2.0,38.0,1.0,6.0,9.0,2.0,4.0,3.0,4.0,6.0,-1,-1
799,566.0,2.0,50.0,2.0,5.0,2.0,6.0,0.0,1.0,5.0,7.0,1,1
800,567.0,2.0,63.0,2.0,2.0,2.0,4.0,0.0,3.0,4.0,4.0,0,0
801,568.0,1.0,64.0,1.0,1.0,3.0,4.0,0.0,2.0,6.0,2.0,0,0
802,569.0,1.0,63.0,4.0,2.0,2.0,7.0,0.0,2.0,6.0,4.0,0,0
804,571.0,2.0,62.0,2.0,1.0,4.0,8.0,0.0,4.0,4.0,2.0,0,0
807,7451.0,2.0,38.0,5.0,4.0,2.0,8.0,2.0,2.0,6.0,6.0,1,1
808,573.0,2.0,38.0,5.0,4.0,2.0,8.0,2.0,2.0,6.0,6.0,1,1
810,575.0,1.0,52.0,2.0,2.0,2.0,5.0,0.0,3.0,4.0,9.0,1,0
811,576.0,1.0,48.0,2.0,4.0,3.0,6.0,2.0,2.0,6.0,6.0,1,1
812,577.0,1.0,58.0,3.0,3.0,2.0,2.0,1.0,5.0,2.0,6.0,1,0
813,578.0,1.0,35.0,4.0,1.0,2.0,2.0,0.0,1.0,5.0,1.0,0,2
814,579.0,2.0,58.0,2.0,4.0,5.0,5.0,1.0,3.0,7.0,9.0,1,1
815,580.0,1.0,47.0,2.0,4.0,2.0,6.0,2.0,2.0,6.0,6.0,1,1
816,581.0,1.0,45.0,4.0,3.0,2.0,4.0,1.0,3.0,4.0,6.0,1,1
817,7452.0,2.0,54.0,3.0,3.0,2.0,3.0,0.0,1.0,5.0,7.0,1,0
818,582.0,1.0,45.0,5.0,3.0,3.0,7.0,0.0,1.0,7.0,9.0,1,1
819,583.0,2.0,32.0,5.0,1.0,2.0,5.0,0.0,2.0,7.0,1.0,0,2
820,584.0,1.0,33.0,2.0,2.0,2.0,8.0,0.0,1.0,8.0,3.0,0,2
822,586.0,1.0,50.0,3.0,3.0,2.0,4.0,1.0,2.0,4.0,8.0,1,1
823,587.0,1.0,45.0,2.0,4.0,5.0,3.0,2.0,4.0,3.0,8.0,1,1
824,588.0,1.0,73.0,5.0,2.0,7.0,5.0,0.0,2.0,6.0,4.0,0,0
825,589.0,2.0,74.0,5.0,2.0,7.0,8.0,0.0,3.0,3.0,4.0,0,0
826,590.0,2.0,44.0,4.0,1.0,2.0,2.0,0.0,3.0,4.0,1.0,0,2
827,591.0,1.0,49.0,5.0,3.0,2.0,5.0,1.0,3.0,4.0,7.0,1,1
828,592.0,1.0,46.0,2.0,5.0,2.0,5.0,3.0,1.0,5.0,6.0,1,1
830,593.0,2.0,38.0,2.0,1.0,4.0,1.0,0.0,5.0,2.0,1.0,0,2
831,594.0,1.0,44.0,2.0,2.0,2.0,5.0,0.0,1.0,7.0,3.0,0,2
832,595.0,1.0,51.0,3.0,1.0,4.0,1.0,0.0,5.0,3.0,2.0,0,0
833,596.0,1.0,59.0,1.0,1.0,2.0,4.0,0.0,2.0,7.0,2.0,0,0
834,597.0,2.0,36.0,4.0,3.0,2.0,4.0,0.0,2.0,8.0,7.0,1,1
835,598.0,1.0,75.0,5.0,1.0,7.0,3.0,0.0,4.0,4.0,2.0,0,0
837,600.0,1.0,47.0,5.0,4.0,2.0,7.0,2.0,1.0,3.0,8.0,1,1
841,603.0,2.0,43.0,1.0,2.0,2.0,4.0,1.0,2.0,6.0,8.0,1,1
842,604.0,1.0,60.0,2.0,1.0,3.0,5.0,0.0,4.0,2.0,2.0,0,0
843,605.0,2.0,30.0,3.0,1.0,4.0,1.0,0.0,4.0,4.0,1.0,0,2
844,606.0,1.0,59.0,2.0,1.0,2.0,3.0,0.0,3.0,3.0,2.0,0,0
846,7456.0,2.0,71.0,4.0,2.0,7.0,4.0,0.0,5.0,5.0,4.0,0,0
847,607.0,2.0,71.0,4.0,2.0,7.0,4.0,0.0,5.0,5.0,4.0,0,0
849,609.0,2.0,72.0,4.0,1.0,7.0,1.0,0.0,5.0,2.0,2.0,0,0
850,610.0,1.0,42.0,5.0,1.0,2.0,5.0,0.0,3.0,6.0,1.0,0,2
851,611.0,2.0,35.0,4.0,2.0,1.0,5.0,0.0,2.0,8.0,3.0,0,2
852,612.0,2.0,61.0,2.0,1.0,5.0,1.0,0.0,4.0,3.0,2.0,0,0
856,9168.0,2.0,57.0,5.0,4.0,1.0,5.0,0.0,2.0,4.0,7.0,1,1
857,614.0,2.0,57.0,5.0,4.0,1.0,5.0,0.0,2.0,4.0,7.0,1,1
859,615.0,1.0,46.0,3.0,2.0,2.0,3.0,0.0,2.0,4.0,4.0,0,0
860,616.0,1.0,55.0,4.0,2.0,2.0,5.0,0.0,2.0,4.0,4.0,0,0
862,618.0,1.0,49.0,2.0,1.0,2.0,5.0,0.0,3.0,4.4,2.0,0,0
863,619.0,2.0,31.0,4.0,3.0,1.0,4.0,1.0,1.0,7.0,5.0,1,1
864,620.0,1.0,39.0,2.0,6.0,2.0,5.0,4.0,3.0,4.0,5.0,2,1
865,7460.0,2.0,51.0,3.0,3.0,4.0,1.0,1.0,5.0,2.0,7.0,1,1
866,621.0,2.0,51.0,3.0,3.0,4.0,1.0,1.0,5.0,2.0,7.0,1,1
867,622.0,1.0,48.0,5.0,1.0,3.0,5.0,0.0,1.0,8.0,2.0,0,2
868,623.0,1.0,45.0,3.0,4.0,2.0,4.0,2.0,3.0,4.0,6.0,1,1
869,624.0,1.0,25.0,4.0,2.0,8.0,2.0,0.0,1.0,6.0,3.0,0,2
870,625.0,2.0,32.0,3.0,3.0,3.0,5.0,1.0,3.0,6.0,5.0,1,1
871,626.0,2.0,37.0,5.0,1.0,2.0,1.0,0.0,2.0,4.0,1.0,0,2
872,627.0,1.0,43.0,3.0,4.0,2.0,6.0,2.0,2.0,4.0,8.0,1,1
873,628.0,2.0,60.0,1.0,1.0,4.0,2.0,0.0,4.0,4.0,2.0,0,0
874,629.0,1.0,42.0,2.0,5.0,2.0,7.0,3.0,2.0,6.0,5.0,1,1
877,631.0,1.0,47.0,4.0,7.0,2.0,5.0,3.0,1.0,4.0,6.0,-1,-1
878,632.0,1.0,28.0,5.0,2.0,3.0,4.0,0.0,1.0,6.0,3.0,0,2
879,633.0,1.0,46.0,2.0,4.0,2.0,4.0,2.0,2.0,2.0,8.0,1,1
881,634.0,2.0,36.0,4.0,4.0,2.0,8.0,2.0,2.0,4.0,6.0,1,1
882,635.0,2.0,30.0,1.0,1.0,8.0,1.0,0.0,3.0,7.0,1.0,0,2
883,636.0,1.0,29.0,3.0,4.0,8.0,1.0,2.0,4.0,7.0,8.0,1,1
886,638.0,1.0,24.0,4.0,1.0,8.0,8.0,0.0,3.0,6.0,1.0,0,2
887,639.0,1.0,50.0,5.0,4.0,2.0,6.0,1.0,2.0,6.0,6.0,1,1
888,640.0,2.0,24.0,5.0,1.0,8.0,1.0,0.0,3.0,5.0,1.0,0,2
890,642.0,1.0,43.0,3.0,3.0,2.0,5.0,1.0,2.0,4.0,6.0,1,1
891,643.0,1.0,62.0,4.0,2.0,7.0,5.0,0.0,4.0,4.0,4.0,0,0
894,645.0,2.0,66.0,2.0,1.0,9.0,1.0,0.0,5.0,4.0,2.0,0,0
897,647.0,2.0,55.0,5.0,2.0,9.0,4.0,0.0,5.0,4.0,4.0,0,0
898,9169.0,2.0,55.0,5.0,2.0,9.0,4.0,0.0,5.0,4.0,4.0,0,0
899,648.0,2.0,63.0,5.0,1.0,4.0,2.0,0.0,5.0,1.0,2.0,0,0
900,649.0,1.0,25.0,5.0,4.0,8.0,8.0,0.0,5.0,6.4,7.0,1,1
901,650.0,1.0,66.0,5.0,2.0,1.0,8.0,0.0,1.0,4.0,4.0,0,0
908,655.0,1.0,47.0,5.0,5.0,2.0,4.0,0.0,3.0,3.0,7.0,1,1
914,659.0,2.0,23.0,4.0,1.0,8.0,1.0,0.0,3.0,7.0,1.0,0,2
915,660.0,1.0,40.0,5.0,4.0,1.0,2.0,2.0,1.0,3.0,6.0,1,1
919,663.0,2.0,50.0,2.0,1.0,2.0,8.0,0.0,4.0,3.0,2.0,0,0
920,664.0,2.0,44.0,5.0,2.0,6.0,3.0,0.0,3.0,4.0,3.0,0,0
926,668.0,1.0,66.0,5.0,2.0,4.0,4.0,0.0,4.0,4.0,4.0,0,0
927,669.0,2.0,36.0,5.0,4.0,3.0,5.0,2.0,3.0,4.0,5.0,1,1
928,670.0,1.0,68.0,2.0,1.0,7.0,4.0,0.0,5.0,2.0,2.0,0,0
929,671.0,2.0,25.0,2.0,2.0,2.0,5.0,0.0,1.0,4.0,3.0,0,2
930,672.0,1.0,66.0,4.0,2.0,7.0,3.0,0.0,4.0,4.0,4.0,0,0
931,673.0,1.0,68.0,1.0,2.0,7.0,4.0,0.0,2.0,6.0,4.0,0,0
933,675.0,1.0,60.0,2.0,2.0,2.0,6.0,0.0,3.0,4.0,4.0,0,0
934,7470.0,1.0,62.0,1.0,2.0,2.0,5.0,0.0,1.0,6.0,4.0,0,0
935,676.0,1.0,62.0,1.0,2.0,2.0,5.0,0.0,1.0,6.0,4.0,0,0
936,677.0,1.0,68.0,2.0,3.0,7.0,3.0,0.0,4.0,4.0,9.0,1,0
937,9171.0,1.0,68.0,2.0,3.0,7.0,3.0,0.0,4.0,4.0,9.0,1,0
938,8855.0,1.0,76.0,1.0,2.0,7.0,4.0,0.0,4.0,4.0,4.0,0,0
939,678.0,1.0,76.0,1.0,2.0,7.0,4.0,0.0,4.0,4.0,4.0,0,0
941,679.0,1.0,77.0,2.0,2.0,2.0,4.0,0.0,2.0,3.0,4.0,0,0
944,681.0,1.0,42.0,3.0,1.0,5.0,2.0,0.0,3.0,7.0,1.0,0,2
946,682.0,1.0,47.0,5.0,3.0,1.0,7.0,1.0,1.0,6.0,6.0,1,1
950,685.0,1.0,39.0,5.0,4.0,2.0,5.0,2.0,3.0,4.0,5.0,1,1
952,686.0,2.0,23.0,4.0,1.0,8.0,1.0,0.0,3.0,5.0,1.0,0,2
954,687.0,1.0,35.0,4.0,4.0,2.0,7.0,2.0,2.0,7.0,5.0,1,1
955,688.0,1.0,74.0,3.0,1.0,7.0,5.0,0.0,1.0,8.0,2.0,0,0
958,690.0,2.0,46.0,3.0,4.0,2.0,8.0,2.0,1.0,4.0,6.0,1,1
959,9172.0,2.0,46.0,3.0,4.0,2.0,8.0,2.0,1.0,4.0,6.0,1,1
962,9507.0,1.0,42.0,5.0,10.0,2.0,8.0,8.0,4.0,2.0,5.0,-1,-1
963,692.0,1.0,42.0,5.0,10.0,2.0,8.0,8.0,4.0,2.0,5.0,-1,-1
964,693.0,1.0,21.0,5.0,1.0,8.0,1.0,0.0,3.0,6.0,1.0,0,2
965,694.0,1.0,37.0,2.0,1.0,2.0,4.0,0.0,4.0,2.0,1.0,0,2
967,695.0,1.0,73.0,1.0,2.0,7.0,6.0,0.0,1.0,8.0,4.0,0,0
968,9577.0,2.0,52.0,5.0,4.0,2.0,6.0,0.0,2.0,7.0,7.0,1,1
969,696.0,1.0,39.0,3.0,4.0,2.0,5.0,2.0,3.0,4.0,6.0,1,1
970,697.0,1.0,26.0,2.0,2.0,2.0,2.0,0.0,3.0,5.0,9.0,-1,-1
974,699.0,1.0,50.0,2.0,3.0,1.0,2.0,1.0,1.0,3.0,8.0,1,1
975,700.0,1.0,62.0,5.0,1.0,2.0,5.0,0.0,1.0,8.0,2.0,0,0
976,701.0,1.0,45.0,2.0,4.0,2.0,5.0,2.0,3.0,4.0,5.0,1,1
977,7480.0,2.0,43.0,1.0,3.0,2.0,3.0,2.0,2.0,3.0,8.0,1,1
978,702.0,1.0,33.0,5.0,1.0,1.0,2.0,0.0,1.0,7.0,1.0,0,2
979,703.0,1.0,31.0,5.0,2.0,2.0,6.0,0.0,1.0,6.0,3.0,0,2
980,704.0,1.0,49.0,2.0,4.0,3.0,8.0,2.0,2.0,7.0,6.0,1,1
981,705.0,1.0,65.0,4.0,2.0,2.0,7.0,0.0,1.0,8.0,4.0,0,0
982,706.0,2.0,35.0,5.0,2.0,2.0,5.0,0.0,3.0,6.0,3.0,0,2
983,707.0,1.0,49.0,1.0,1.0,2.0,7.0,0.0,1.0,8.0,2.0,0,2
984,708.0,1.0,48.0,3.0,2.0,2.0,6.0,0.0,2.0,4.0,4.0,0,0
985,709.0,2.0,38.0,4.0,6.0,2.0,8.0,4.0,3.0,4.0,6.0,2,1
986,710.0,2.0,70.0,1.0,1.0,7.0,2.0,0.0,3.0,5.0,2.0,0,0
987,711.0,1.0,35.0,3.0,2.0,5.0,4.0,0.0,2.0,6.0,3.0,0,2
988,712.0,1.0,44.0,4.0,4.0,2.0,7.0,2.0,1.0,7.0,6.0,1,1
989,7481.0,2.0,30.0,5.0,4.0,2.0,3.0,2.0,2.0,5.0,5.0,1,1
990,713.0,2.0,35.0,5.0,2.0,2.0,5.0,0.0,2.0,7.0,3.0,0,2
993,715.0,2.0,37.0,1.0,4.0,2.0,5.0,2.0,1.0,4.0,6.0,1,1
994,716.0,1.0,39.0,5.0,4.0,2.0,6.0,2.0,3.0,4.0,5.0,1,1
995,7483.0,2.0,45.0,1.0,4.0,2.0,8.0,1.0,1.0,7.0,7.0,1,1
996,717.0,2.0,79.0,4.0,2.0,9.0,3.0,0.0,5.0,2.0,4.0,0,0
997,718.0,1.0,35.0,1.0,1.0,2.0,5.0,0.0,1.0,8.0,1.0,0,2
999,720.0,2.0,33.0,1.0,2.0,2.0,7.0,0.0,1.0,6.6,3.0,0,2
1000,721.0,2.0,29.0,5.0,4.0,2.0,5.0,2.0,3.0,6.0,5.0,1,1
1001,722.0,2.0,34.0,2.0,3.0,2.0,4.0,1.0,1.0,4.0,5.0,1,1
1003,724.0,2.0,35.0,2.0,4.0,1.0,7.0,2.0,1.0,8.0,8.0,1,1
1004,725.0,1.0,63.0,4.0,1.0,1.0,2.0,0.0,1.0,8.0,2.0,0,0
1005,726.0,1.0,31.0,4.0,2.0,2.0,5.0,0.0,2.0,7.0,3.0,0,2
1006,727.0,1.0,34.0,5.0,2.0,2.0,5.0,0.0,1.0,7.0,3.0,0,2
1007,728.0,2.0,32.0,2.0,1.0,2.0,4.0,0.0,1.0,6.0,1.0,0,2
1008,729.0,2.0,32.0,2.0,1.0,2.0,4.0,0.0,2.0,6.0,1.0,0,2
1009,730.0,2.0,30.0,5.0,5.0,1.0,8.0,2.0,4.0,4.0,6.0,1,1
1010,731.0,1.0,46.0,5.0,4.0,2.0,8.0,2.0,1.0,4.0,6.0,1,1
1011,732.0,1.0,52.0,3.0,3.0,2.0,5.0,0.0,2.0,6.0,7.0,1,0
1014,734.0,1.0,31.0,2.0,2.0,2.0,5.0,0.0,2.0,6.0,3.0,0,2
1015,735.0,1.0,38.0,2.0,4.0,2.0,8.0,2.0,2.0,5.2,6.0,1,1
1020,739.0,1.0,37.0,3.0,1.0,5.0,2.0,0.0,3.0,5.0,1.0,0,2
1021,740.0,2.0,58.0,1.0,2.0,7.0,3.0,0.0,4.0,5.0,4.0,0,0
1022,741.0,2.0,33.0,4.0,1.0,2.0,3.0,0.0,1.0,6.0,1.0,0,2
1023,742.0,1.0,31.0,2.0,2.0,2.0,6.0,0.0,2.0,7.0,3.0,0,2
1027,744.0,1.0,39.0,4.0,3.0,2.0,3.0,2.0,4.0,4.0,8.0,1,1
1028,745.0,2.0,58.0,1.0,3.0,4.0,1.0,0.0,3.0,3.0,6.0,1,0
1031,748.0,2.0,33.0,2.0,3.0,2.0,5.0,1.0,3.0,4.0,5.0,1,1
1033,749.0,2.0,66.0,4.0,1.0,3.0,5.0,0.0,3.0,3.0,2.0,0,0
1034,750.0,2.0,33.0,4.0,3.0,1.0,8.0,1.0,1.0,8.0,8.0,1,1
1035,751.0,1.0,24.0,4.0,3.0,2.0,8.0,0.0,4.0,4.0,7.0,1,1
1036,752.0,2.0,29.0,4.0,1.0,2.0,2.0,0.0,2.0,6.0,1.0,0,2
1037,753.0,1.0,27.0,2.0,2.0,1.0,5.0,0.0,1.0,7.0,3.0,0,2
1038,754.0,2.0,25.0,2.0,2.0,8.0,4.0,0.0,1.0,6.0,3.0,0,2
1039,755.0,1.0,73.0,5.0,1.0,7.0,3.0,0.0,2.0,6.0,2.0,0,0
1040,756.0,1.0,54.0,2.0,3.0,2.0,6.0,0.0,1.0,6.0,8.0,1,0
1041,9173.0,1.0,54.0,2.0,3.0,2.0,6.0,0.0,1.0,6.0,8.0,1,0
1042,757.0,1.0,26.0,5.0,4.0,8.0,8.0,0.0,4.0,6.0,7.0,1,1
1043,758.0,1.0,25.0,1.0,5.0,2.0,8.0,0.0,4.0,5.6,7.0,-1,-1
1044,759.0,2.0,27.0,2.0,1.0,8.0,1.0,0.0,3.0,7.0,1.0,0,2
1045,760.0,1.0,52.0,5.0,1.0,4.0,3.0,0.0,5.0,2.0,2.0,0,0
1046,761.0,1.0,25.0,3.0,2.0,8.0,3.0,0.0,1.0,6.0,3.0,0,2
1047,762.0,2.0,36.0,5.0,5.0,1.0,4.0,3.0,2.0,5.0,5.0,1,1
1048,763.0,2.0,34.0,4.0,4.0,2.0,4.0,2.0,3.0,4.0,6.0,1,1
1049,764.0,1.0,38.0,4.0,2.0,2.0,2.0,0.0,5.0,2.0,3.0,0,0
1050,765.0,2.0,27.0,2.0,3.0,8.0,1.0,0.0,3.0,6.4,7.0,1,1
1052,766.0,1.0,74.0,1.0,2.0,7.0,4.0,0.0,5.0,1.0,4.0,0,0
1053,767.0,2.0,34.0,3.0,1.0,2.0,4.0,0.0,1.0,8.0,1.0,0,2
1054,768.0,1.0,48.0,1.0,4.0,2.0,5.0,2.0,2.0,2.0,6.0,1,1
1056,769.0,1.0,45.0,5.0,4.0,2.0,8.0,2.0,2.0,6.0,6.0,1,1
1057,7489.0,1.0,45.0,5.0,4.0,2.0,8.0,2.0,2.0,6.0,6.0,1,1
1058,770.0,1.0,46.0,2.0,5.0,2.0,4.0,3.0,1.0,5.0,5.0,1,1
1059,771.0,1.0,41.0,4.0,4.0,2.0,5.0,2.0,3.0,4.0,6.0,1,1
1061,772.0,1.0,45.0,5.0,5.0,1.0,7.0,3.0,1.0,8.0,6.0,1,1
1062,773.0,2.0,38.0,2.0,4.0,9.0,2.0,3.0,5.0,3.0,8.0,-1,-1
1063,774.0,2.0,28.0,4.0,1.0,8.0,1.0,0.0,3.0,7.0,1.0,0,2
1064,775.0,1.0,31.0,4.0,4.0,2.0,5.0,2.0,1.0,4.0,5.0,1,1
1065,776.0,2.0,29.0,2.0,2.0,2.0,3.0,0.0,2.0,7.0,3.0,0,2
1066,777.0,1.0,41.0,2.0,4.0,2.0,5.0,2.0,2.0,4.0,5.0,1,1
1067,778.0,2.0,31.0,1.0,1.0,2.0,4.0,0.0,1.0,8.0,1.0,0,2
1068,779.0,2.0,59.0,1.0,2.0,9.0,4.0,0.0,1.0,7.0,4.0,0,0
1072,781.0,2.0,32.0,2.0,3.0,2.0,5.0,1.0,1.0,7.0,8.0,1,1
1076,784.0,1.0,40.0,3.0,6.0,2.0,7.0,4.0,1.0,8.0,6.0,-1,-1
1078,785.0,1.0,20.0,2.0,3.0,5.0,8.0,0.0,5.0,5.0,9.0,-1,-1
1079,786.0,1.0,34.0,5.0,4.0,2.0,5.0,2.0,1.0,6.0,5.0,1,1
1081,788.0,1.0,33.0,2.0,3.0,2.0,6.0,1.0,2.0,7.0,8.0,1,1
1084,790.0,1.0,30.0,2.0,1.0,2.0,3.0,0.0,2.0,6.0,1.0,0,2
1086,792.0,1.0,35.0,5.0,1.0,2.0,8.0,0.0,4.0,2.0,1.0,0,2
1087,793.0,1.0,46.0,5.0,2.0,3.0,5.0,1.0,1.0,7.0,8.0,1,1
1088,794.0,1.0,21.0,1.0,2.0,2.0,8.0,0.0,3.0,4.0,3.0,0,2
1089,795.0,1.0,31.0,2.0,2.0,2.0,8.0,0.0,2.0,4.0,3.0,0,2
1090,796.0,1.0,40.0,3.0,4.0,2.0,5.0,2.0,1.0,7.0,6.0,1,1
1091,797.0,1.0,31.0,1.0,3.0,2.0,8.0,0.0,1.0,8.0,7.0,-1,-1
1092,798.0,1.0,44.0,2.0,1.0,2.0,4.0,0.0,2.0,4.0,1.0,0,2
1093,799.0,1.0,31.0,4.0,2.0,2.0,4.0,0.0,2.0,6.0,3.0,0,2
1095,801.0,1.0,37.0,5.0,4.0,2.0,5.0,2.0,1.0,8.0,5.0,1,1
1096,802.0,1.0,25.0,2.0,1.0,8.0,1.0,0.0,3.0,6.0,1.0,0,2
1098,803.0,2.0,32.0,1.0,4.0,1.0,4.0,2.0,3.0,4.0,5.0,1,1
1099,804.0,2.0,83.0,5.0,1.0,7.0,4.0,0.0,2.0,6.0,2.0,0,0
1101,806.0,1.0,33.0,2.0,1.0,2.0,2.0,0.0,2.0,5.0,1.0,0,2
1102,9402.0,2.0,54.0,4.0,4.0,2.0,4.0,0.0,2.0,4.0,7.0,1,1
1103,807.0,2.0,54.0,4.0,4.0,2.0,4.0,0.0,2.0,4.0,7.0,1,1
1104,808.0,1.0,24.0,2.0,1.0,3.0,3.0,0.0,1.0,8.0,1.0,0,2
1105,809.0,1.0,34.0,5.0,5.0,2.0,5.0,3.0,2.0,6.0,5.0,1,1
1106,810.0,2.0,35.0,5.0,3.0,2.0,5.0,1.0,2.0,5.0,5.0,1,1
1107,811.0,1.0,26.0,5.0,2.0,2.0,4.0,0.0,4.0,6.0,3.0,0,2
1110,813.0,2.0,65.0,5.0,2.0,4.0,4.0,0.0,5.0,2.0,4.0,0,0
1111,7496.0,1.0,26.0,4.0,3.0,1.0,4.0,1.0,1.0,4.0,6.0,1,1
1112,814.0,1.0,26.0,4.0,3.0,1.0,4.0,1.0,1.0,4.0,6.0,1,1
1114,816.0,2.0,50.0,4.0,3.0,4.0,1.0,2.0,3.0,5.0,8.0,1,1
1115,817.0,2.0,27.0,2.0,1.0,3.0,4.0,0.0,2.0,7.0,1.0,0,2
1116,818.0,2.0,48.0,2.0,2.0,2.0,6.0,0.0,1.0,6.0,9.0,1,0
1117,819.0,1.0,37.0,5.0,4.0,2.0,5.0,2.0,1.0,6.0,5.0,1,1
1120,822.0,2.0,30.0,2.0,2.0,2.0,4.0,0.0,2.0,8.0,3.0,0,2
1121,9403.0,2.0,30.0,2.0,2.0,2.0,4.0,0.0,2.0,8.0,3.0,0,2
1122,823.0,2.0,42.0,5.0,4.0,2.0,5.0,2.0,4.0,7.0,6.0,1,1
1123,824.0,1.0,35.0,4.0,4.0,2.0,5.0,2.0,3.0,6.0,5.0,1,1
1124,825.0,1.0,31.0,2.0,3.0,2.0,5.0,1.0,1.0,8.0,5.0,1,1
1125,826.0,1.0,30.0,2.0,3.0,2.0,5.0,1.0,1.0,7.0,5.0,1,1
1126,7497.0,2.0,39.0,2.0,4.0,2.0,5.0,2.0,3.0,4.0,6.0,1,1
1127,827.0,1.0,38.0,1.0,3.0,2.0,5.0,1.0,1.0,5.0,8.0,1,1
1128,828.0,1.0,38.0,2.0,4.0,2.0,5.0,2.0,3.0,4.0,6.0,1,1
1129,829.0,1.0,50.0,2.0,4.0,2.0,5.0,0.0,3.0,4.0,7.0,1,1
1131,831.0,1.0,44.0,2.0,2.0,2.0,5.0,0.0,1.0,8.0,3.0,0,2
1132,7498.0,2.0,40.0,2.0,6.0,9.0,3.0,4.0,4.0,2.0,6.0,-1,-1
1133,8859.0,2.0,40.0,2.0,6.0,9.0,3.0,4.0,4.0,2.0,6.0,-1,-1
1134,9509.0,2.0,40.0,2.0,6.0,9.0,3.0,4.0,4.0,2.0,6.0,-1,-1
1135,832.0,2.0,40.0,2.0,6.0,9.0,3.0,4.0,4.0,2.0,6.0,-1,-1
1136,9174.0,2.0,40.0,2.0,6.0,9.0,3.0,4.0,4.0,2.0,6.0,-1,-1
1137,833.0,2.0,58.0,5.0,2.0,9.0,8.0,0.0,3.0,4.0,4.0,0,0
1138,834.0,1.0,35.0,1.0,6.0,3.0,5.0,4.0,2.0,7.0,5.0,-1,-1
1139,835.0,1.0,73.0,1.0,2.0,7.0,5.0,0.0,2.0,6.0,4.0,0,0
1140,836.0,1.0,66.0,4.0,2.0,4.0,2.0,0.0,5.0,2.0,4.0,0,0
1141,837.0,1.0,32.0,2.0,4.0,3.0,5.0,2.0,1.0,8.0,5.0,1,1
1143,839.0,2.0,66.0,2.0,1.0,4.0,2.0,0.0,5.0,2.0,2.0,0,0
1144,840.0,1.0,21.0,5.0,3.0,8.0,8.0,1.0,2.0,5.0,9.0,-1,-1
1145,841.0,1.0,26.0,3.0,2.0,2.0,3.0,0.0,3.0,7.0,3.0,0,2
1146,842.0,1.0,69.0,3.0,2.0,7.0,7.0,0.0,1.0,8.0,4.0,0,0
1147,843.0,2.0,30.0,4.0,2.0,8.0,8.0,0.0,5.0,4.0,3.0,0,2
1148,844.0,2.0,63.0,5.0,2.0,2.0,8.0,0.0,4.0,3.0,4.0,0,0
1149,845.0,1.0,43.0,3.0,3.0,2.0,8.0,1.0,2.0,7.0,6.0,1,1
1150,8860.0,2.0,48.0,4.0,4.0,2.0,8.0,2.0,2.0,6.0,8.0,1,1
1151,846.0,2.0,48.0,4.0,4.0,2.0,8.0,2.0,2.0,6.0,8.0,1,1
1152,847.0,1.0,45.0,4.0,4.0,2.0,6.0,2.0,3.0,5.0,6.0,1,1
1153,848.0,2.0,21.0,5.0,3.0,2.0,4.0,0.0,1.0,4.0,7.0,1,1
1154,849.0,2.0,21.0,2.0,4.0,8.0,2.0,0.0,4.0,6.0,7.0,1,1
1156,851.0,2.0,58.0,5.0,2.0,2.0,8.0,0.0,3.0,4.0,4.0,0,0
1157,852.0,1.0,33.0,2.0,4.0,2.0,5.0,2.0,1.0,6.0,5.0,1,1
1158,853.0,1.0,31.0,4.0,2.0,3.0,5.0,0.0,1.0,8.0,3.0,0,2
1159,854.0,1.0,32.0,5.0,2.0,2.0,6.0,0.0,1.0,7.0,3.0,0,2
1160,7499.0,1.0,32.0,5.0,2.0,2.0,6.0,0.0,1.0,7.0,3.0,0,2
1161,855.0,1.0,37.0,4.0,1.0,2.0,2.0,0.0,1.0,8.0,1.0,0,2
1162,856.0,1.0,34.0,2.0,2.0,2.0,5.0,0.0,2.0,7.6,3.0,0,2
1163,857.0,2.0,49.0,5.0,4.0,2.0,8.0,1.0,2.0,4.0,8.0,1,1
1164,858.0,1.0,34.0,4.0,4.0,2.0,5.0,2.0,2.0,7.0,5.0,1,1
1165,859.0,1.0,32.0,2.0,1.0,3.0,3.0,0.0,1.0,8.0,1.0,0,2
1166,860.0,1.0,66.0,4.0,2.0,4.0,3.0,0.0,3.0,6.0,4.0,0,0
1167,7500.0,1.0,66.0,4.0,2.0,4.0,3.0,0.0,3.0,6.0,4.0,0,0
1168,861.0,1.0,27.0,2.0,1.0,8.0,1.0,0.0,3.0,6.0,1.0,0,2
1169,862.0,2.0,57.0,4.0,2.0,9.0,5.0,0.0,3.0,7.0,4.0,0,0
1170,863.0,1.0,37.0,2.0,1.0,3.0,4.0,0.0,1.0,8.0,1.0,0,2
1171,864.0,1.0,34.0,5.0,1.0,2.0,4.0,0.0,1.0,8.0,1.0,0,2
1172,865.0,2.0,45.0,3.0,3.0,5.0,3.0,1.0,4.0,4.0,6.0,1,1
1173,866.0,1.0,32.0,2.0,2.0,3.0,5.0,0.0,1.0,8.0,3.0,0,2
1174,9175.0,2.0,61.0,4.0,2.0,7.0,2.0,0.0,5.0,2.0,4.0,0,0
1175,867.0,1.0,30.0,2.0,2.0,2.0,4.0,0.0,2.0,7.0,3.0,0,2
1176,7501.0,2.0,59.0,2.0,2.0,9.0,3.0,0.0,4.0,2.0,4.0,0,0
1177,868.0,2.0,59.0,2.0,2.0,9.0,3.0,0.0,4.0,2.0,4.0,0,0
1178,869.0,2.0,21.0,5.0,1.0,8.0,1.0,0.0,3.0,6.0,1.0,0,2
1179,870.0,2.0,63.0,5.0,2.0,2.0,3.0,0.0,5.0,2.0,4.0,0,0
1180,7502.0,2.0,63.0,5.0,2.0,2.0,3.0,0.0,5.0,2.0,4.0,0,0
1181,871.0,1.0,33.0,3.0,5.0,2.0,3.0,3.0,4.0,2.0,5.0,1,1
1183,873.0,2.0,20.0,2.0,4.0,8.0,8.0,0.0,5.0,2.0,7.0,-1,-1
1184,874.0,1.0,22.0,5.0,5.0,2.0,8.0,1.0,3.0,4.0,8.0,-1,-1
1185,875.0,1.0,25.0,2.0,4.0,3.0,8.0,0.0,1.0,4.4,7.0,1,1
1186,876.0,1.0,23.0,4.0,4.0,8.0,5.0,1.0,2.0,7.0,7.0,-1,-1
1189,879.0,2.0,60.0,4.0,2.0,9.0,6.0,0.0,1.0,6.0,4.0,0,0
1191,881.0,1.0,36.0,2.0,3.0,2.0,5.0,1.0,1.0,6.0,6.0,1,1
1192,882.0,1.0,38.0,2.0,2.0,2.0,5.0,0.0,3.0,4.0,3.0,0,2
1193,883.0,1.0,63.0,5.0,2.0,2.0,8.0,0.0,3.0,2.0,4.0,0,0
1194,884.0,2.0,35.0,5.0,3.0,2.0,4.0,1.0,2.0,7.0,8.0,1,1
1195,885.0,1.0,29.0,4.0,4.0,2.0,5.0,2.0,2.0,6.0,5.0,1,1
1196,886.0,2.0,34.0,1.0,4.0,2.0,6.0,2.0,1.0,8.0,5.0,1,1
1197,887.0,1.0,33.0,2.0,5.0,3.0,6.0,3.0,2.0,7.0,5.0,1,1
1198,7503.0,2.0,71.0,1.0,2.0,9.0,8.0,0.0,5.0,3.0,4.0,0,0
1199,888.0,2.0,71.0,1.0,2.0,9.0,8.0,0.0,5.0,3.0,4.0,0,0
1201,9510.0,2.0,41.0,4.0,6.0,9.0,5.0,4.0,2.0,5.0,6.0,-1,-1
1202,7504.0,2.0,41.0,4.0,6.0,9.0,5.0,4.0,2.0,5.0,6.0,-1,-1
1203,890.0,1.0,37.0,3.0,1.0,5.0,1.0,0.0,4.0,5.8,1.0,0,2
1204,891.0,2.0,68.0,5.0,2.0,9.0,3.0,0.0,5.0,3.0,4.0,0,0
1205,892.0,2.0,23.0,3.0,1.0,8.0,1.0,0.0,3.0,6.0,1.0,0,2
1206,893.0,1.0,36.0,3.0,4.0,2.0,8.0,2.0,4.0,6.6,6.0,1,1
1209,895.0,1.0,35.0,2.0,2.0,2.0,4.0,0.0,3.0,4.0,3.0,0,2
1210,896.0,1.0,42.0,1.0,1.0,2.0,5.0,0.0,1.0,6.0,1.0,0,2
1211,897.0,1.0,51.0,3.0,1.0,1.0,6.0,0.0,1.0,5.0,2.0,0,0
1212,898.0,1.0,43.0,1.0,4.0,3.0,7.0,2.0,1.0,8.0,6.0,1,1
1213,899.0,1.0,57.0,2.0,5.0,2.0,7.0,1.0,1.0,7.0,7.0,1,1
1214,900.0,2.0,31.0,5.0,1.0,2.0,2.0,0.0,2.0,7.0,1.0,0,2
1216,902.0,2.0,66.0,2.0,2.0,7.0,8.0,0.0,5.0,4.0,4.0,0,0
1217,7506.0,1.0,55.0,3.0,2.0,2.0,1.0,0.0,5.0,2.0,9.0,1,0
1218,903.0,1.0,55.0,3.0,2.0,2.0,1.0,0.0,5.0,2.0,9.0,1,0
1219,904.0,2.0,38.0,1.0,2.0,2.0,5.0,0.0,5.0,8.0,3.0,0,2
1220,905.0,1.0,31.0,1.0,2.0,2.0,5.0,0.0,1.0,8.0,3.0,0,2
1221,906.0,2.0,46.0,4.0,1.0,4.0,2.0,0.0,4.0,6.2,2.0,0,2
1222,907.0,1.0,30.0,3.0,4.0,2.0,5.0,2.0,1.0,6.0,5.0,1,1
1223,908.0,2.0,54.0,1.0,2.0,2.0,8.0,0.0,2.0,6.0,4.0,0,0
1224,7507.0,2.0,54.0,1.0,2.0,2.0,8.0,0.0,2.0,6.0,4.0,0,0
1225,909.0,2.0,38.0,2.0,2.0,6.0,1.0,1.0,4.0,4.0,8.0,1,1
1226,910.0,2.0,33.0,2.0,3.0,3.0,3.0,1.0,3.0,4.0,8.0,1,1
1227,911.0,2.0,71.0,4.0,1.0,7.0,3.0,0.0,5.0,3.0,2.0,0,0
1228,912.0,1.0,71.0,5.0,1.0,7.0,3.0,0.0,5.0,3.0,2.0,0,0
1229,913.0,2.0,47.0,1.0,6.0,2.0,7.0,1.0,3.0,4.0,8.0,-1,-1
1230,914.0,2.0,74.0,4.0,2.0,7.0,8.0,0.0,1.0,6.0,4.0,0,0
1231,7508.0,2.0,74.0,4.0,2.0,7.0,8.0,0.0,1.0,6.0,4.0,0,0
1232,915.0,1.0,33.0,3.0,4.0,2.0,8.0,2.0,3.0,4.0,5.0,1,1
1233,916.0,1.0,35.0,4.0,2.0,5.0,4.0,0.0,1.0,8.0,3.0,0,2
1234,917.0,1.0,33.0,3.0,4.0,2.0,4.0,0.0,1.0,7.0,7.0,1,1
1235,918.0,1.0,37.0,5.0,2.0,1.0,7.0,0.0,1.0,8.0,3.0,0,2
1236,919.0,1.0,33.0,2.0,2.0,2.0,5.0,0.0,2.0,7.0,3.0,0,2
1237,920.0,1.0,37.0,4.0,2.0,2.0,5.0,0.0,3.0,4.0,3.0,0,2
1238,921.0,1.0,28.0,4.0,1.0,8.0,1.0,0.0,3.0,6.0,1.0,0,2
1240,923.0,1.0,35.0,2.0,1.0,2.0,8.0,0.0,2.0,4.0,1.0,0,2
1241,924.0,1.0,22.0,2.0,4.0,8.0,8.0,0.0,2.0,2.0,7.0,1,1
1242,925.0,2.0,30.0,4.0,3.0,2.0,5.0,1.0,2.0,4.0,5.0,1,1
1243,926.0,1.0,22.0,5.0,3.0,8.0,5.0,0.0,4.0,6.0,7.0,1,1
1244,927.0,1.0,70.0,2.0,1.0,7.0,2.0,0.0,4.0,4.0,2.0,0,0
1245,928.0,2.0,62.0,2.0,3.0,9.0,2.0,0.0,4.0,4.0,7.0,1,0
1246,929.0,2.0,41.0,4.0,3.0,2.0,4.0,2.0,1.0,7.0,8.0,1,1
1247,930.0,1.0,36.0,1.0,2.0,2.0,7.0,0.0,1.0,7.0,3.0,0,2
1248,931.0,1.0,50.0,4.0,1.0,3.0,5.0,0.0,1.0,8.0,2.0,0,2
1249,932.0,2.0,70.0,5.0,2.0,7.0,5.0,0.0,3.0,5.0,4.0,0,0
1250,933.0,1.0,37.0,5.0,2.0,2.0,4.0,0.0,2.0,4.0,3.0,0,2
1251,934.0,1.0,62.0,1.0,2.0,1.0,7.0,0.0,1.0,8.0,4.0,0,0
1252,935.0,1.0,38.0,4.0,4.0,2.0,5.0,2.0,1.0,7.0,5.0,1,1
1253,936.0,2.0,37.0,4.0,4.0,3.0,3.0,2.0,2.0,6.0,5.0,1,1
1254,937.0,2.0,33.0,4.0,3.0,2.0,7.0,1.0,1.0,8.0,8.0,1,1
1255,938.0,2.0,49.0,4.0,3.0,4.0,4.0,0.0,4.0,4.0,7.0,1,0
1256,9176.0,2.0,65.0,1.0,1.0,5.0,3.0,0.0,4.0,5.0,2.0,0,0
1257,9579.0,1.0,64.0,3.0,3.0,5.0,8.0,0.0,5.0,2.0,7.0,1,0
1258,939.0,1.0,24.0,5.0,3.0,8.0,4.0,0.0,2.0,6.0,7.0,1,1
1259,940.0,1.0,43.0,2.0,4.0,2.0,6.0,2.0,2.0,7.0,6.0,1,1
1260,941.0,1.0,35.0,2.0,1.0,2.0,8.0,0.0,3.0,4.0,1.0,0,2
1261,942.0,2.0,70.0,4.0,2.0,7.0,2.0,0.0,2.0,6.0,4.0,0,0
1262,943.0,2.0,29.0,5.0,3.0,9.0,2.0,2.0,5.0,6.6,8.0,-1,-1
1263,944.0,1.0,82.0,2.0,2.0,7.0,3.0,0.0,4.0,4.0,4.0,0,0
1264,945.0,1.0,63.0,1.0,4.0,9.0,7.0,0.0,3.0,5.0,9.0,-1,-1
1265,946.0,2.0,37.0,4.0,2.0,2.0,5.0,0.0,2.0,7.0,3.0,0,2
1266,947.0,1.0,48.0,5.0,4.0,2.0,7.0,2.0,1.0,7.0,6.0,1,1
1267,948.0,1.0,57.0,5.0,2.0,2.0,5.0,0.0,4.0,2.0,4.0,0,0
1268,949.0,1.0,82.0,2.0,1.0,7.0,2.0,0.0,5.0,1.0,2.0,0,0
1269,7509.0,2.0,68.0,5.0,2.0,7.0,3.0,0.0,5.0,3.0,4.0,0,0
1270,950.0,2.0,68.0,5.0,2.0,7.0,3.0,0.0,5.0,3.0,4.0,0,0
1271,951.0,1.0,24.0,2.0,2.0,8.0,2.0,0.0,4.0,6.0,3.0,0,2
1272,952.0,2.0,78.0,2.0,2.0,9.0,5.0,0.0,1.0,3.0,4.0,0,0
1273,953.0,1.0,32.0,1.0,2.0,2.0,6.0,0.0,1.0,7.0,3.0,0,2
1274,954.0,2.0,34.0,5.0,5.0,2.0,8.0,3.0,2.0,7.0,8.0,1,1
1275,955.0,2.0,73.0,5.0,2.0,7.0,4.0,0.0,3.0,3.2,4.0,0,0
1276,9580.0,1.0,43.0,3.0,3.0,4.0,3.0,1.0,4.0,5.0,6.0,1,1
1277,956.0,2.0,56.0,5.0,2.0,1.0,2.0,0.0,3.0,4.0,4.0,0,0
1278,7510.0,2.0,56.0,5.0,2.0,1.0,2.0,0.0,3.0,4.0,4.0,0,0
1279,957.0,1.0,69.0,1.0,1.0,7.0,2.0,0.0,5.0,2.0,2.0,0,0
1280,958.0,1.0,34.0,4.0,2.0,2.0,4.0,0.0,5.0,5.6,3.0,0,2
1281,959.0,2.0,72.0,5.0,1.0,7.0,2.0,0.0,2.0,7.0,2.0,0,0
1282,960.0,2.0,28.0,2.0,2.0,2.0,8.0,0.0,2.0,8.0,3.0,0,2
1283,7511.0,2.0,63.0,5.0,2.0,4.0,3.0,0.0,3.0,2.0,4.0,0,0
1284,961.0,2.0,63.0,5.0,2.0,4.0,3.0,0.0,3.0,2.0,4.0,0,0
1287,963.0,2.0,56.0,5.0,2.0,2.0,4.0,0.0,4.0,2.0,4.0,0,0
1288,964.0,1.0,64.0,4.0,4.0,2.0,5.0,0.0,3.0,4.0,9.0,1,1
1289,965.0,2.0,63.0,2.0,1.0,9.0,8.0,0.0,4.0,5.0,2.0,0,0
1290,966.0,2.0,55.0,4.0,3.0,2.0,2.0,1.0,3.0,3.0,8.0,1,1
1291,967.0,2.0,41.0,3.0,3.0,2.0,4.0,1.0,1.0,2.0,6.0,1,1
1292,968.0,1.0,33.0,2.0,3.0,2.0,6.0,0.0,1.0,4.0,7.0,1,1
1293,969.0,2.0,48.0,2.0,4.0,9.0,4.0,0.0,4.0,2.0,7.0,1,1
1294,970.0,2.0,43.0,2.0,4.0,2.0,5.0,2.0,2.0,7.0,8.0,1,1
1295,971.0,2.0,42.0,2.0,3.0,2.0,4.0,1.0,3.0,4.0,9.0,1,1
1296,972.0,1.0,57.0,2.0,3.0,2.0,6.0,0.0,1.0,8.0,7.0,1,0
1297,973.0,2.0,56.0,2.0,3.0,97.0,8.0,0.0,5.0,4.6,9.0,-1,-1
1298,974.0,1.0,65.0,5.0,2.0,1.0,5.0,0.0,1.0,6.0,4.0,0,0
1299,975.0,2.0,56.0,5.0,2.0,2.0,5.0,0.0,1.0,7.0,4.0,0,0
1301,977.0,1.0,66.0,5.0,2.0,7.0,7.0,0.0,1.0,8.0,4.0,0,0
1302,7512.0,1.0,66.0,5.0,2.0,7.0,7.0,0.0,1.0,8.0,4.0,0,0
1303,978.0,2.0,61.0,5.0,2.0,2.0,4.0,0.0,1.0,7.0,4.0,0,0
1304,9581.0,1.0,80.0,1.0,2.0,7.0,3.0,0.0,4.0,4.0,4.0,0,0
1305,979.0,1.0,56.0,5.0,3.0,2.0,5.0,0.0,3.0,4.0,7.0,1,0
1306,980.0,1.0,32.0,3.0,2.0,2.0,3.0,0.0,2.0,7.0,3.0,0,2
1307,981.0,2.0,53.0,4.0,4.0,2.0,5.0,0.0,3.0,5.0,7.0,1,1
1308,982.0,1.0,60.0,5.0,4.0,4.0,8.0,0.0,5.0,3.0,9.0,1,1
1309,7513.0,2.0,69.0,3.0,2.0,7.0,5.0,0.0,3.0,4.0,4.0,0,0
1310,983.0,1.0,39.0,4.0,5.0,1.0,3.0,3.0,2.0,6.0,8.0,1,1
1311,984.0,2.0,30.0,2.0,2.0,4.0,4.0,0.0,3.0,6.0,3.0,0,2
1312,985.0,1.0,78.0,2.0,3.0,7.0,3.0,0.0,2.0,6.0,7.0,1,0
1313,986.0,1.0,51.0,1.0,1.0,2.0,4.0,0.0,3.0,4.0,2.0,0,0
1314,987.0,2.0,48.0,4.0,3.0,2.0,2.0,1.0,5.0,2.0,8.0,1,1
1315,988.0,1.0,82.0,2.0,2.0,7.0,5.0,0.0,3.0,5.0,4.0,0,0
1317,990.0,2.0,66.0,3.0,2.0,7.0,2.0,0.0,2.0,3.0,4.0,0,0
1318,991.0,2.0,32.0,5.0,4.0,8.0,2.0,2.0,3.0,7.0,5.0,1,1
1319,992.0,1.0,34.0,5.0,4.0,2.0,5.0,2.0,2.0,7.0,5.0,1,1
1320,993.0,2.0,66.0,2.0,2.0,4.0,5.0,0.0,2.0,3.0,4.0,0,0
1321,994.0,2.0,47.0,3.0,4.0,2.0,8.0,0.0,5.0,2.0,7.0,1,1
1322,995.0,1.0,41.0,3.0,3.0,2.0,2.0,1.0,3.0,4.0,8.0,1,1
1324,997.0,2.0,52.0,2.0,4.0,2.0,4.0,2.0,2.0,8.0,6.0,1,1
1326,999.0,2.0,64.0,4.0,3.0,4.0,4.0,0.0,2.0,6.0,7.0,1,0
1327,1000.0,1.0,55.0,5.0,5.0,1.0,4.0,0.0,2.0,2.0,7.0,1,1
1328,1001.0,1.0,49.0,5.0,4.0,2.0,4.0,2.0,3.0,4.0,6.0,1,1
1329,1002.0,1.0,51.0,2.0,4.0,2.0,2.0,2.0,2.0,6.0,6.0,1,1
1330,1003.0,2.0,50.0,5.0,4.0,2.0,6.0,0.0,2.0,5.0,7.0,1,1
1331,1004.0,2.0,63.0,2.0,3.0,2.0,8.0,0.0,2.0,4.0,7.0,1,0
1332,1005.0,2.0,51.0,4.0,2.0,4.0,8.0,0.0,2.0,3.0,4.0,0,0
1333,1006.0,2.0,50.0,5.0,2.0,4.0,8.0,0.0,3.0,4.0,4.0,0,0
1335,1008.0,2.0,50.0,4.0,4.0,2.0,6.0,0.0,4.0,4.0,7.0,1,1
1336,1009.0,1.0,61.0,2.0,2.0,2.0,5.0,0.0,3.0,4.0,4.0,0,0
1337,1010.0,2.0,48.0,5.0,2.0,2.0,2.0,1.0,3.0,4.0,9.0,1,1
1338,1011.0,1.0,66.0,3.0,2.0,2.0,4.0,0.0,3.0,4.0,4.0,0,0
1339,1012.0,1.0,73.0,3.0,2.0,7.0,5.0,0.0,1.0,2.0,4.0,0,0
1340,1013.0,2.0,52.0,5.0,3.0,9.0,4.0,0.0,3.0,2.0,7.0,1,0
1341,1014.0,1.0,30.0,2.0,4.0,2.0,4.0,2.0,4.0,2.0,5.0,1,1
1342,1015.0,2.0,53.0,4.0,2.0,2.0,6.0,0.0,1.0,5.0,4.0,0,0
1343,1016.0,2.0,30.0,2.0,2.0,9.0,1.0,0.0,4.0,1.0,3.0,0,2
1344,1017.0,1.0,69.0,1.0,2.0,7.0,3.0,0.0,5.0,3.0,4.0,0,0
1345,1018.0,2.0,52.0,3.0,4.0,2.0,7.0,0.0,1.0,4.0,7.0,1,1
1346,1019.0,1.0,71.0,2.0,2.0,2.0,3.0,0.0,1.0,6.0,4.0,0,0
1347,1020.0,2.0,56.0,1.0,2.0,1.0,8.0,0.0,1.0,5.0,9.0,1,0
1348,1021.0,2.0,61.0,1.0,2.0,4.0,2.0,0.0,3.0,6.0,9.0,1,0
1350,1023.0,1.0,77.0,1.0,1.0,7.0,8.0,0.0,5.0,2.0,2.0,0,0
1351,1024.0,1.0,50.0,4.0,3.0,3.0,5.0,0.0,1.0,7.0,7.0,1,0
1352,1025.0,1.0,55.0,5.0,6.0,2.0,7.0,1.0,1.0,8.0,6.0,-1,-1
1354,1026.0,2.0,19.0,1.0,3.0,8.0,8.0,0.0,3.0,5.0,7.0,1,1
1355,9177.0,2.0,51.0,4.0,3.0,1.0,6.0,0.0,4.0,4.0,7.0,1,0
1356,9511.0,2.0,51.0,4.0,3.0,1.0,6.0,0.0,4.0,4.0,7.0,1,0
1357,9405.0,2.0,51.0,4.0,3.0,1.0,6.0,0.0,4.0,4.0,7.0,1,0
1358,1027.0,2.0,51.0,4.0,3.0,1.0,6.0,0.0,4.0,4.0,7.0,1,0
1360,1029.0,1.0,61.0,5.0,2.0,2.0,4.0,0.0,2.0,5.0,4.0,0,0
1361,1030.0,1.0,35.0,2.0,3.0,2.0,5.0,2.0,2.0,7.0,8.0,1,1
1362,1031.0,1.0,72.0,2.0,2.0,7.0,7.0,0.0,1.0,8.0,9.0,-1,-1
1363,1032.0,1.0,46.0,2.0,3.0,1.0,2.0,1.0,1.0,7.0,8.0,1,1
1364,1033.0,2.0,30.0,5.0,3.0,4.0,8.0,1.0,1.0,4.0,5.0,1,1
1365,1034.0,2.0,68.0,5.0,1.0,7.0,2.0,0.0,5.0,3.0,2.0,0,0
1367,1036.0,2.0,59.0,5.0,2.0,2.0,8.0,0.0,1.0,2.0,4.0,0,0
1368,1037.0,2.0,44.0,5.0,1.0,3.0,4.0,0.0,2.0,5.0,1.0,0,2
1369,1038.0,2.0,21.0,2.0,5.0,8.0,6.0,1.0,1.0,5.6,6.0,-1,-1
1370,1039.0,2.0,58.0,2.0,1.0,9.0,2.0,0.0,4.0,5.0,2.0,0,0
1371,1040.0,2.0,52.0,5.0,4.0,2.0,8.0,0.0,2.0,5.2,7.0,1,1
1372,1041.0,2.0,52.0,4.0,2.0,2.0,2.0,1.0,4.0,4.0,9.0,1,1
1373,1042.0,1.0,57.0,2.0,2.0,5.0,8.0,0.0,2.0,7.0,4.0,0,0
1374,1043.0,2.0,56.0,5.0,3.0,1.0,5.0,0.0,1.0,7.0,7.0,1,0
1375,1044.0,2.0,30.0,2.0,1.0,2.0,3.0,0.0,1.0,8.0,1.0,0,2
1376,1045.0,1.0,28.0,5.0,3.0,2.0,8.0,1.0,3.0,4.0,8.0,1,1
1377,1046.0,1.0,73.0,4.0,2.0,7.0,3.0,0.0,5.0,2.0,4.0,0,0
1378,1047.0,2.0,37.0,4.0,6.0,2.0,5.0,4.0,1.0,8.0,6.0,-1,-1
1379,1048.0,2.0,46.0,4.0,2.0,2.0,6.0,0.0,3.0,6.0,4.0,0,0
1380,1049.0,2.0,74.0,2.0,2.0,9.0,8.0,0.0,4.0,5.0,4.0,0,0
1381,1050.0,1.0,38.0,4.0,2.0,2.0,5.0,0.0,1.0,7.0,3.0,0,2
1382,1051.0,1.0,38.0,5.0,4.0,2.0,6.0,2.0,1.0,7.0,6.0,1,1
1383,1052.0,2.0,33.0,5.0,1.0,8.0,1.0,0.0,3.0,8.0,1.0,0,2
1384,1053.0,1.0,36.0,5.0,2.0,2.0,7.0,0.0,2.0,7.0,3.0,0,2
1385,1054.0,2.0,34.0,4.0,2.0,2.0,6.0,0.0,1.0,7.0,3.0,0,2
1386,1055.0,2.0,37.0,5.0,1.0,2.0,5.0,0.0,1.0,7.0,1.0,0,2
1388,1057.0,2.0,42.0,4.0,1.0,4.0,2.0,0.0,5.0,2.0,1.0,0,2
1389,1058.0,2.0,37.0,2.0,4.0,2.0,6.0,2.0,1.0,8.0,8.0,1,1
1390,1059.0,1.0,38.0,3.0,4.0,2.0,4.0,2.0,2.0,6.6,6.0,1,1
1391,1060.0,1.0,30.0,1.0,2.0,2.0,5.0,0.0,2.0,4.0,3.0,0,2
1392,1061.0,1.0,32.0,3.0,2.0,2.0,7.0,1.0,1.0,8.0,8.0,1,1
1393,1062.0,2.0,32.0,2.0,3.0,2.0,8.0,1.0,1.0,8.0,5.0,1,1
1394,1063.0,1.0,37.0,2.0,4.0,2.0,5.0,2.0,3.0,6.8,6.0,1,1
1395,1064.0,2.0,35.0,4.0,4.0,2.0,4.0,2.0,1.0,6.0,5.0,1,1
1396,1065.0,1.0,37.0,5.0,1.0,2.0,4.0,0.0,1.0,8.0,1.0,0,2
1397,1066.0,2.0,40.0,4.0,5.0,2.0,4.0,3.0,3.0,4.0,6.0,1,1
1398,1067.0,1.0,27.0,2.0,1.0,2.0,4.0,0.0,2.0,6.2,1.0,0,2
1399,1068.0,1.0,34.0,5.0,2.0,3.0,5.0,0.0,1.0,7.0,3.0,0,2
1400,1069.0,2.0,37.0,1.0,1.0,2.0,5.0,0.0,1.0,6.0,1.0,0,2
1401,1070.0,1.0,31.0,4.0,2.0,2.0,4.0,0.0,1.0,8.0,3.0,0,2
1402,1071.0,2.0,52.0,2.0,2.0,2.0,5.0,0.0,2.0,6.0,3.0,0,0
1403,1072.0,2.0,28.0,5.0,1.0,2.0,2.0,0.0,2.0,4.0,1.0,0,2
1404,1073.0,1.0,37.0,5.0,3.0,2.0,4.0,1.0,2.0,4.0,5.0,1,1
1405,1074.0,2.0,37.0,2.0,4.0,3.0,5.0,2.0,1.0,7.0,6.0,1,1
1406,1075.0,1.0,35.0,3.0,5.0,2.0,5.0,3.0,1.0,6.8,8.0,1,1
1407,1076.0,2.0,64.0,1.0,1.0,4.0,2.0,0.0,4.0,4.0,2.0,0,0
1408,1077.0,1.0,30.0,4.0,1.0,2.0,3.0,0.0,2.0,7.2,1.0,0,2
1412,1080.0,2.0,29.0,2.0,2.0,2.0,4.0,0.0,1.0,8.0,3.0,0,2
1413,9406.0,2.0,29.0,2.0,2.0,2.0,4.0,0.0,1.0,8.0,3.0,0,2
1414,1081.0,2.0,60.0,5.0,1.0,4.0,2.0,0.0,3.0,6.0,2.0,0,0
1415,1082.0,2.0,52.0,2.0,5.0,2.0,4.0,0.0,4.0,2.0,7.0,1,1
1416,1083.0,2.0,29.0,1.0,1.0,2.0,2.0,0.0,1.0,8.0,1.0,0,2
1417,1084.0,2.0,33.0,1.0,1.0,3.0,5.0,0.0,1.0,8.0,1.0,0,2
1418,1085.0,1.0,27.0,4.0,1.0,8.0,1.0,0.0,3.0,5.0,1.0,0,2
1419,1086.0,1.0,29.0,2.0,2.0,2.0,6.0,0.0,1.0,7.0,3.0,0,2
1420,1087.0,1.0,36.0,1.0,2.0,2.0,5.0,0.0,1.0,8.0,3.0,0,2
1421,1088.0,2.0,46.0,5.0,1.0,2.0,3.0,0.0,3.0,4.0,2.0,0,2
1422,1089.0,2.0,28.0,3.0,2.0,2.0,8.0,0.0,3.0,7.0,3.0,0,2
1423,1090.0,1.0,26.0,1.0,2.0,2.0,5.0,0.0,3.0,4.0,3.0,0,2
1424,1091.0,1.0,24.0,2.0,1.0,8.0,1.0,0.0,3.0,5.8,1.0,0,2
1425,1092.0,1.0,24.0,4.0,1.0,8.0,2.0,0.0,3.0,6.0,1.0,0,2
1426,1093.0,1.0,31.0,2.0,2.0,2.0,6.0,0.0,1.0,7.0,3.0,0,2
1427,1094.0,1.0,47.0,1.0,1.0,2.0,8.0,0.0,3.0,4.0,2.0,0,0
1428,1095.0,1.0,38.0,5.0,5.0,3.0,5.0,3.0,1.0,7.0,6.0,1,1
1429,1096.0,2.0,65.0,5.0,2.0,4.0,3.0,0.0,4.0,4.0,4.0,0,0
1430,7516.0,2.0,65.0,5.0,2.0,4.0,3.0,0.0,4.0,4.0,4.0,0,0
1431,1097.0,1.0,36.0,2.0,1.0,2.0,5.0,0.0,2.0,7.0,1.0,0,2
1432,1098.0,1.0,77.0,2.0,1.0,7.0,3.0,0.0,4.0,4.0,2.0,0,0
1433,1099.0,2.0,54.0,5.0,2.0,9.0,8.0,0.0,5.0,2.0,4.0,0,0
1434,1100.0,1.0,31.0,2.0,2.0,2.0,6.0,0.0,1.0,7.0,3.0,0,2
1435,1101.0,2.0,59.0,5.0,3.0,2.0,4.0,0.0,5.0,3.6,7.0,1,0
1436,1102.0,2.0,42.0,5.0,5.0,9.0,7.0,3.0,1.0,7.0,6.0,-1,-1
1437,1103.0,1.0,33.0,5.0,5.0,5.0,2.0,3.0,2.0,6.8,5.0,1,1
1438,7517.0,1.0,40.0,1.0,5.0,2.0,4.0,3.0,2.0,5.0,6.0,1,1
1439,1104.0,1.0,40.0,1.0,5.0,2.0,4.0,3.0,2.0,5.0,6.0,1,1
1440,1105.0,2.0,49.0,4.0,1.0,2.0,8.0,0.0,2.0,4.2,2.0,0,0
1441,8861.0,1.0,47.0,4.0,4.0,2.0,4.0,2.0,3.0,4.0,6.0,1,1
1442,1106.0,1.0,47.0,4.0,4.0,2.0,4.0,2.0,3.0,4.0,6.0,1,1
1443,1107.0,2.0,34.0,4.0,3.0,2.0,5.0,1.0,1.0,8.0,8.0,1,1
1444,1108.0,1.0,38.0,1.0,4.0,3.0,5.0,2.0,1.0,7.0,6.0,1,1
1445,1109.0,1.0,42.0,4.0,1.0,2.0,2.0,0.0,3.0,6.0,1.0,0,2
1446,1110.0,1.0,29.0,1.0,2.0,3.0,6.0,0.0,1.0,7.0,3.0,0,2
1447,1111.0,1.0,35.0,5.0,1.0,6.0,1.0,0.0,3.0,4.0,1.0,0,2
1448,1112.0,2.0,43.0,5.0,2.0,2.0,2.0,1.0,3.0,3.0,9.0,1,1
1449,9662.0,1.0,53.0,5.0,2.0,2.0,8.0,0.0,4.0,2.0,4.0,0,0
1450,1113.0,1.0,31.0,2.0,2.0,2.0,5.0,0.0,1.0,7.0,3.0,0,2
1451,1114.0,1.0,75.0,2.0,2.0,7.0,2.0,0.0,5.0,1.0,4.0,0,0
1452,1115.0,2.0,38.0,2.0,5.0,2.0,7.0,2.0,1.0,7.0,8.0,1,1
1453,1116.0,1.0,38.0,5.0,4.0,2.0,4.0,2.0,3.0,4.0,6.0,1,1
1454,1117.0,2.0,20.0,3.0,1.0,8.0,1.0,0.0,3.0,6.6,1.0,0,2
1455,1118.0,2.0,40.0,3.0,4.0,2.0,2.0,2.0,4.0,2.0,6.0,1,1
1456,1119.0,2.0,30.0,2.0,5.0,2.0,8.0,3.0,2.0,7.0,6.0,1,1
1457,1120.0,2.0,37.0,5.0,2.0,2.0,8.0,0.0,1.0,6.0,3.0,0,2
1458,1121.0,1.0,30.0,2.0,2.0,2.0,6.0,0.0,2.0,6.0,3.0,0,2
1459,1122.0,1.0,31.0,2.0,4.0,2.0,5.0,2.0,1.0,4.0,8.0,1,1
1460,1123.0,1.0,76.0,2.0,2.0,7.0,4.0,0.0,4.0,4.0,4.0,0,0
1461,7518.0,1.0,76.0,2.0,2.0,7.0,4.0,0.0,4.0,4.0,4.0,0,0
1462,1124.0,1.0,30.0,4.0,1.0,2.0,8.0,0.0,2.0,6.0,1.0,0,2
1463,1125.0,2.0,33.0,4.0,3.0,2.0,5.0,1.0,2.0,5.6,5.0,1,1
1464,1126.0,1.0,37.0,5.0,4.0,2.0,6.0,2.0,1.0,7.0,5.0,1,1
1465,1127.0,2.0,37.0,2.0,3.0,2.0,6.0,1.0,1.0,7.0,5.0,1,1
1466,1128.0,2.0,37.0,2.0,3.0,2.0,4.0,1.0,3.0,4.0,6.0,1,1
1467,1129.0,2.0,42.0,3.0,1.0,2.0,3.0,0.0,2.0,5.0,1.0,0,2
1468,8862.0,2.0,53.0,1.0,2.0,4.0,5.0,0.0,2.0,4.0,4.0,0,0
1469,1130.0,2.0,53.0,1.0,2.0,4.0,5.0,0.0,2.0,4.0,4.0,0,0
1470,1131.0,2.0,46.0,5.0,2.0,4.0,2.0,0.0,4.0,4.0,9.0,1,0
1471,1132.0,1.0,21.0,4.0,5.0,8.0,5.0,1.0,3.0,5.0,6.0,-1,-1
1472,1133.0,2.0,26.0,5.0,2.0,1.0,2.0,1.0,1.0,4.0,8.0,1,1
1473,1134.0,1.0,68.0,1.0,2.0,7.0,3.0,0.0,4.0,4.0,4.0,0,0
1474,1135.0,1.0,37.0,4.0,7.0,6.0,1.0,5.0,5.0,1.0,5.0,-1,-1
1475,1136.0,1.0,37.0,2.0,3.0,1.0,3.0,1.0,2.0,2.0,6.0,1,1
1476,1137.0,2.0,24.0,1.0,4.0,2.0,8.0,0.0,2.0,4.6,7.0,1,1
1478,1138.0,1.0,69.0,5.0,2.0,7.0,2.0,0.0,5.0,2.0,4.0,0,0
1479,1139.0,2.0,32.0,1.0,2.0,2.0,4.0,0.0,2.0,4.0,3.0,0,2
1480,1140.0,1.0,31.0,2.0,1.0,2.0,3.0,0.0,4.0,2.0,1.0,0,2
1481,1141.0,2.0,57.0,1.0,1.0,2.0,5.0,0.0,2.0,7.0,2.0,0,0
1482,1142.0,2.0,27.0,5.0,1.0,2.0,2.0,0.0,1.0,8.0,1.0,0,2
1483,1143.0,1.0,36.0,2.0,1.0,2.0,4.0,0.0,2.0,5.0,1.0,0,2
1484,1144.0,1.0,38.0,4.0,3.0,2.0,7.0,1.0,1.0,8.0,5.0,1,1
1485,1145.0,1.0,79.0,4.0,2.0,7.0,2.0,0.0,3.0,5.0,4.0,0,0
1486,7519.0,1.0,79.0,4.0,2.0,7.0,2.0,0.0,3.0,5.0,4.0,0,0
1487,1146.0,2.0,59.0,5.0,2.0,1.0,6.0,0.0,3.0,4.0,4.0,0,0
1488,1147.0,2.0,59.0,4.0,3.0,2.0,5.0,0.0,1.0,6.0,9.0,1,1
1489,1148.0,1.0,90.0,2.0,2.0,7.0,6.0,0.0,1.0,8.0,4.0,0,0
1490,1149.0,1.0,30.0,1.0,2.0,8.0,3.0,0.0,1.0,6.0,3.0,0,2
1491,1150.0,2.0,64.0,5.0,3.0,3.0,8.0,0.0,4.0,4.6,7.0,1,0
1492,9582.0,1.0,64.0,4.0,2.0,7.0,2.0,0.0,5.0,2.0,4.0,0,0
1494,1152.0,1.0,77.0,4.0,1.0,7.0,3.0,0.0,5.0,3.0,2.0,0,0
1495,8863.0,2.0,70.0,2.0,2.0,7.0,8.0,0.0,5.0,2.0,4.0,0,0
1496,1153.0,2.0,70.0,2.0,2.0,7.0,8.0,0.0,5.0,2.0,4.0,0,0
1497,1154.0,2.0,36.0,5.0,4.0,2.0,8.0,2.0,3.0,4.0,6.0,1,1
1500,1157.0,2.0,47.0,5.0,3.0,4.0,3.0,1.0,4.0,4.0,6.0,1,1
1501,1158.0,1.0,76.0,2.0,1.0,7.0,4.0,0.0,5.0,3.0,2.0,0,0
1502,1159.0,1.0,66.0,5.0,2.0,7.0,5.0,0.0,2.0,4.0,4.0,0,0
1503,1160.0,2.0,40.0,5.0,2.0,2.0,2.0,1.0,5.0,6.0,8.0,1,1
1504,1161.0,2.0,67.0,2.0,1.0,9.0,1.0,0.0,5.0,2.0,2.0,0,0
1506,1163.0,1.0,73.0,1.0,1.0,7.0,4.0,0.0,1.0,3.4,2.0,0,0
1507,1164.0,2.0,60.0,2.0,1.0,2.0,4.0,0.0,1.0,8.0,2.0,0,0
1508,1165.0,1.0,63.0,2.0,3.0,4.0,2.0,0.0,5.0,3.0,7.0,1,0
1509,1166.0,1.0,66.0,5.0,2.0,7.0,8.0,0.0,2.0,7.0,4.0,0,0
1511,1168.0,2.0,45.0,4.0,3.0,2.0,5.0,1.0,2.0,6.0,6.0,1,1
1515,1171.0,2.0,69.0,4.0,1.0,9.0,2.0,0.0,5.0,1.0,2.0,0,0
1518,1174.0,2.0,34.0,5.0,5.0,2.0,5.0,3.0,3.0,8.0,5.0,1,1
1519,1175.0,2.0,66.0,5.0,1.0,2.0,1.0,0.0,5.0,2.0,2.0,0,0
1520,1176.0,1.0,74.0,2.0,2.0,7.0,2.0,0.0,5.0,3.0,4.0,0,0
1521,1177.0,1.0,62.0,4.0,2.0,4.0,3.0,0.0,5.0,4.4,4.0,0,0
1522,1178.0,2.0,47.0,3.0,2.0,2.0,4.0,0.0,4.0,5.0,4.0,0,0
1523,1179.0,2.0,42.0,2.0,5.0,9.0,8.0,3.0,1.0,8.0,6.0,-1,-1
1524,1180.0,2.0,76.0,5.0,2.0,7.0,3.0,0.0,5.0,1.0,4.0,0,0
1525,1181.0,2.0,62.0,2.0,1.0,2.0,3.0,0.0,2.0,5.0,2.0,0,0
1526,1182.0,2.0,58.0,5.0,2.0,3.0,8.0,0.0,2.0,7.0,4.0,0,0
1527,1183.0,1.0,54.0,1.0,1.0,2.0,4.0,0.0,2.0,7.0,2.0,0,0
1528,8864.0,1.0,71.0,1.0,2.0,7.0,5.0,0.0,2.0,6.0,4.0,0,0
1529,7521.0,1.0,71.0,1.0,2.0,7.0,5.0,0.0,2.0,6.0,4.0,0,0
1530,1184.0,1.0,71.0,1.0,2.0,7.0,5.0,0.0,2.0,6.0,4.0,0,0
1531,1185.0,2.0,34.0,2.0,6.0,1.0,8.0,4.0,3.0,4.0,5.0,2,1
1532,1186.0,2.0,56.0,4.0,2.0,9.0,4.0,0.0,4.0,3.0,4.0,0,0
1533,1187.0,2.0,52.0,2.0,3.0,2.0,4.0,1.0,2.0,5.0,9.0,1,1
1534,1188.0,1.0,48.0,2.0,3.0,2.0,2.0,0.0,2.0,4.0,7.0,1,0
1535,1189.0,2.0,35.0,5.0,3.0,9.0,5.0,1.0,2.0,4.0,5.0,1,1
1536,1190.0,2.0,23.0,4.0,3.0,8.0,8.0,0.0,4.0,5.0,7.0,1,1
1537,1191.0,2.0,72.0,2.0,2.0,7.0,4.0,0.0,5.0,3.0,4.0,0,0
1538,1192.0,2.0,37.0,4.0,5.0,2.0,5.0,3.0,1.0,7.0,6.0,1,1
1539,1193.0,2.0,23.0,1.0,5.0,8.0,8.0,0.0,3.0,6.0,7.0,1,1
1540,1194.0,1.0,71.0,2.0,2.0,7.0,3.0,0.0,2.0,5.0,4.0,0,0
1541,7522.0,1.0,71.0,2.0,2.0,7.0,3.0,0.0,2.0,5.0,4.0,0,0
1542,1195.0,2.0,63.0,1.0,1.0,4.0,3.0,0.0,4.0,4.0,2.0,0,0
1543,7523.0,2.0,56.0,2.0,2.0,9.0,2.0,0.0,4.0,1.0,4.0,0,0
1544,1196.0,2.0,50.0,2.0,3.0,9.0,4.0,0.0,4.0,4.0,7.0,1,0
1545,1197.0,2.0,66.0,2.0,1.0,9.0,3.0,0.0,5.0,3.0,2.0,0,0
1546,1198.0,1.0,76.0,4.0,2.0,7.0,2.0,0.0,5.0,3.0,4.0,0,0
1547,1199.0,2.0,67.0,2.0,1.0,7.0,3.0,0.0,4.0,4.0,2.0,0,0
1551,1201.0,2.0,51.0,5.0,1.0,2.0,2.0,0.0,4.0,2.0,2.0,0,0
1552,1202.0,2.0,30.0,2.0,1.0,2.0,2.0,0.0,3.0,4.0,1.0,0,2
1553,1203.0,2.0,50.0,2.0,2.0,3.0,5.0,0.0,2.0,7.0,4.0,0,0
1554,1204.0,1.0,81.0,4.0,2.0,7.0,3.0,0.0,2.0,6.0,4.0,0,0
1555,1205.0,1.0,43.0,4.0,4.0,2.0,8.0,2.0,3.0,4.0,6.0,1,1
1556,1206.0,2.0,50.0,4.0,2.0,2.0,4.0,0.0,2.0,5.0,4.0,0,0
1557,1207.0,1.0,49.0,5.0,4.0,2.0,5.0,1.0,3.0,4.0,6.0,1,1
1558,1208.0,1.0,47.0,4.0,2.0,3.0,5.0,0.0,2.0,4.0,4.0,0,0
1559,1209.0,1.0,65.0,5.0,1.0,2.0,1.0,0.0,4.0,2.0,2.0,0,0
1560,1210.0,1.0,64.0,2.0,2.0,7.0,2.0,0.0,5.0,3.0,4.0,0,0
1561,1211.0,1.0,80.0,5.0,2.0,7.0,5.0,0.0,2.0,6.0,4.0,0,0
1562,1212.0,1.0,61.0,5.0,2.0,4.0,2.0,0.0,5.0,3.0,4.0,0,0
1563,1213.0,2.0,21.0,4.0,2.0,6.0,1.0,0.0,4.0,3.0,3.0,0,2
1564,1214.0,2.0,77.0,4.0,1.0,7.0,3.0,0.0,3.0,5.0,2.0,0,0
1565,1215.0,2.0,58.0,2.0,3.0,2.0,3.0,0.0,1.0,5.0,7.0,1,0
1566,1216.0,1.0,79.0,2.0,2.0,7.0,8.0,0.0,3.0,5.0,4.0,0,0
1567,1217.0,2.0,68.0,5.0,2.0,2.0,4.0,0.0,3.0,4.0,4.0,0,0
1568,1218.0,1.0,42.0,1.0,2.0,2.0,7.0,0.0,1.0,8.0,3.0,0,2
1569,1219.0,1.0,44.0,1.0,4.0,2.0,6.0,2.0,2.0,4.0,6.0,1,1
1570,1220.0,1.0,58.0,5.0,2.0,9.0,3.0,0.0,3.0,5.0,4.0,0,0
1571,7525.0,2.0,73.0,5.0,2.0,9.0,5.0,0.0,3.0,3.0,4.0,0,0
1572,1221.0,2.0,73.0,5.0,2.0,9.0,5.0,0.0,3.0,3.0,4.0,0,0
1573,7526.0,1.0,74.0,5.0,2.0,7.0,3.0,0.0,5.0,2.0,4.0,0,0
1574,1222.0,1.0,74.0,5.0,2.0,7.0,3.0,0.0,5.0,2.0,4.0,0,0
1575,1223.0,1.0,74.0,1.0,1.0,7.0,2.0,0.0,5.0,3.0,2.0,0,0
1576,1224.0,2.0,72.0,2.0,1.0,9.0,2.0,0.0,5.0,3.0,2.0,0,0
1577,1225.0,1.0,65.0,5.0,3.0,2.0,3.0,0.0,4.0,2.0,7.0,1,0
1578,1226.0,2.0,61.0,2.0,2.0,9.0,8.0,0.0,5.0,2.0,4.0,0,0
1580,1228.0,2.0,66.0,5.0,2.0,9.0,5.0,0.0,3.0,5.0,4.0,0,0
1581,1229.0,1.0,82.0,4.0,2.0,7.0,8.0,0.0,4.0,4.0,4.0,0,0
1582,9512.0,2.0,48.0,5.0,4.0,2.0,4.0,0.0,3.0,4.0,7.0,1,1
1583,1230.0,2.0,48.0,5.0,4.0,2.0,4.0,0.0,3.0,4.0,7.0,1,1
1584,1231.0,1.0,69.0,2.0,2.0,2.0,3.0,0.0,3.0,4.0,4.0,0,0
1585,1232.0,1.0,73.0,5.0,2.0,7.0,5.0,0.0,5.0,3.0,4.0,0,0
1586,1233.0,2.0,76.0,5.0,3.0,7.0,2.0,0.0,3.0,5.0,9.0,1,0
1587,1234.0,2.0,65.0,5.0,1.0,9.0,1.0,0.0,5.0,2.0,2.0,0,0
1588,1235.0,2.0,75.0,2.0,2.0,7.0,2.0,0.0,4.0,3.0,4.0,0,0
1589,1236.0,2.0,71.0,3.0,1.0,7.0,4.0,0.0,2.0,6.0,2.0,0,0
1590,1237.0,1.0,74.0,4.0,2.0,7.0,5.0,0.0,2.0,6.0,4.0,0,0
1591,7527.0,1.0,74.0,4.0,2.0,7.0,5.0,0.0,2.0,6.0,4.0,0,0
1592,1238.0,1.0,67.0,4.0,2.0,7.0,8.0,0.0,4.0,4.0,4.0,0,0
1593,1239.0,1.0,20.0,4.0,5.0,8.0,5.0,0.0,2.0,5.0,9.0,-1,-1
1594,1240.0,1.0,73.0,3.0,2.0,7.0,5.0,0.0,3.0,4.0,4.0,0,0
1595,7528.0,1.0,73.0,3.0,2.0,7.0,5.0,0.0,3.0,4.0,4.0,0,0
1597,1242.0,2.0,61.0,2.0,2.0,9.0,8.0,0.0,4.0,3.0,4.0,0,0
1598,1243.0,2.0,75.0,2.0,1.0,7.0,3.0,0.0,5.0,3.0,2.0,0,0
1600,1245.0,1.0,75.0,2.0,2.0,7.0,3.0,0.0,3.0,8.0,4.0,0,0
1601,1246.0,1.0,65.0,5.0,2.0,7.0,6.0,0.0,4.0,4.0,4.0,0,0
1602,1247.0,2.0,43.0,5.0,1.0,2.0,5.0,0.0,1.0,8.0,1.0,0,2
1603,1248.0,1.0,47.0,4.0,3.0,2.0,4.0,1.0,2.0,7.0,5.0,1,1
1604,1249.0,1.0,52.0,5.0,4.0,2.0,8.0,0.0,3.0,4.0,7.0,1,1
1605,1250.0,1.0,72.0,2.0,2.0,7.0,4.0,0.0,5.0,2.0,4.0,0,0
1606,1251.0,1.0,62.0,1.0,1.0,1.0,2.0,0.0,1.0,4.0,2.0,0,0
1607,1252.0,1.0,73.0,1.0,2.0,7.0,4.0,0.0,5.0,2.0,4.0,0,0
1608,1253.0,2.0,39.0,3.0,4.0,9.0,8.0,2.0,1.0,4.0,6.0,1,1
1609,1254.0,2.0,49.0,2.0,6.0,5.0,8.0,2.0,4.0,4.6,6.0,-1,-1
1610,1255.0,1.0,77.0,2.0,2.0,7.0,5.0,0.0,3.0,5.0,4.0,0,0
1611,9583.0,1.0,61.0,2.0,3.0,2.0,7.0,0.0,2.0,4.0,7.0,1,0
1612,1256.0,1.0,76.0,2.0,1.0,7.0,2.0,0.0,5.0,2.0,2.0,0,0
1613,1257.0,1.0,75.0,2.0,2.0,7.0,4.0,0.0,5.0,3.0,4.0,0,0
1614,1258.0,2.0,37.0,3.0,3.0,6.0,2.0,1.0,3.0,4.0,6.0,1,1
1615,1259.0,2.0,39.0,5.0,1.0,2.0,8.0,0.0,3.0,4.0,1.0,0,2
1616,1260.0,2.0,68.0,5.0,2.0,7.0,6.0,0.0,3.0,5.0,4.0,0,0
1617,1261.0,1.0,74.0,5.0,2.0,7.0,2.0,0.0,5.0,3.0,4.0,0,0
1618,1262.0,1.0,44.0,2.0,2.0,2.0,5.0,0.0,3.0,4.0,3.0,0,0
1619,1263.0,1.0,82.0,3.0,2.0,7.0,2.0,0.0,4.0,4.0,4.0,0,0
1620,1264.0,2.0,42.0,5.0,4.0,2.0,5.0,2.0,3.0,4.0,6.0,1,1
1621,1265.0,2.0,52.0,4.0,4.0,2.0,6.0,0.0,2.0,4.0,7.0,1,1
1622,1266.0,2.0,70.0,1.0,2.0,7.0,6.0,0.0,2.0,3.0,4.0,0,0
1623,1267.0,1.0,43.0,2.0,1.0,3.0,5.0,0.0,1.0,4.0,1.0,0,2
1624,1268.0,2.0,77.0,1.0,1.0,7.0,5.0,0.0,4.0,4.0,2.0,0,0
1625,1269.0,2.0,50.0,1.0,1.0,2.0,5.0,0.0,2.0,5.0,2.0,0,0
1626,1270.0,1.0,70.0,5.0,2.0,7.0,4.0,0.0,3.0,5.0,4.0,0,0
1627,1271.0,1.0,66.0,2.0,2.0,7.0,5.0,0.0,3.0,5.0,4.0,0,0
1628,1272.0,2.0,44.0,3.0,3.0,2.0,2.0,2.0,2.0,7.0,8.0,1,1
1629,1273.0,1.0,70.0,2.0,1.0,7.0,2.0,0.0,5.0,2.0,2.0,0,0
1630,1274.0,2.0,66.0,2.0,2.0,7.0,5.0,0.0,4.0,4.0,4.0,0,0
1631,1275.0,1.0,68.0,5.0,2.0,7.0,6.0,0.0,2.0,6.0,4.0,0,0
1632,1276.0,1.0,66.0,1.0,2.0,7.0,7.0,0.0,3.0,5.0,4.0,0,0
1633,1277.0,2.0,49.0,5.0,1.0,2.0,2.0,0.0,2.0,7.0,2.0,0,2
1634,1278.0,1.0,68.0,2.0,2.0,7.0,7.0,0.0,2.0,6.0,4.0,0,0
1635,1279.0,1.0,74.0,2.0,2.0,7.0,5.0,0.0,1.0,5.4,4.0,0,0
1636,7529.0,2.0,48.0,1.0,2.0,4.0,2.0,1.0,4.0,3.0,8.0,1,1
1637,1280.0,2.0,48.0,1.0,2.0,4.0,2.0,1.0,4.0,3.0,8.0,1,1
1638,1281.0,2.0,58.0,4.0,2.0,3.0,3.0,0.0,4.0,2.0,4.0,0,0
1639,1282.0,1.0,74.0,3.0,2.0,7.0,3.0,0.0,2.0,6.0,4.0,0,0
1640,1283.0,1.0,38.0,2.0,1.0,2.0,5.0,0.0,1.0,7.0,1.0,0,2
1641,1284.0,1.0,69.0,5.0,2.0,1.0,6.0,0.0,1.0,6.0,4.0,0,0
1642,1285.0,1.0,70.0,4.0,2.0,7.0,5.0,0.0,4.0,4.0,4.0,0,0
1643,1286.0,2.0,82.0,2.0,2.0,9.0,2.0,0.0,5.0,3.0,4.0,0,0
1644,7530.0,2.0,82.0,2.0,2.0,9.0,2.0,0.0,5.0,3.0,4.0,0,0
1645,1287.0,1.0,42.0,5.0,1.0,4.0,8.0,0.0,4.0,4.0,1.0,0,2
1646,1288.0,2.0,36.0,4.0,1.0,2.0,8.0,0.0,3.0,4.0,1.0,0,2
1647,1289.0,1.0,51.0,5.0,1.0,2.0,3.0,0.0,3.0,4.0,2.0,0,0
1648,8865.0,1.0,72.0,3.0,2.0,7.0,3.0,0.0,4.0,4.0,4.0,0,0
1649,1290.0,1.0,72.0,3.0,2.0,7.0,3.0,0.0,4.0,4.0,4.0,0,0
1650,1291.0,2.0,47.0,5.0,4.0,3.0,6.0,2.0,2.0,4.0,6.0,1,1
1651,1292.0,2.0,62.0,2.0,1.0,4.0,2.0,0.0,3.0,7.0,2.0,0,0
1652,1293.0,1.0,65.0,4.0,2.0,5.0,1.0,0.0,4.0,4.0,4.0,0,0
1653,1294.0,2.0,61.0,5.0,1.0,2.0,5.0,0.0,2.0,5.0,2.0,0,0
1654,1295.0,1.0,75.0,2.0,2.0,7.0,4.0,0.0,3.0,5.0,4.0,0,0
1655,9663.0,1.0,56.0,5.0,3.0,2.0,6.0,1.0,1.0,4.0,6.0,1,1
1656,1296.0,1.0,50.0,3.0,3.0,2.0,3.0,0.0,2.0,4.0,7.0,1,0
1657,1297.0,1.0,66.0,2.0,2.0,2.0,5.0,0.0,2.0,5.0,4.0,0,0
1658,7531.0,1.0,66.0,2.0,2.0,2.0,5.0,0.0,2.0,5.0,4.0,0,0
1659,1298.0,2.0,24.0,3.0,3.0,8.0,1.0,0.0,4.0,5.0,7.0,1,1
1660,1299.0,1.0,73.0,2.0,2.0,7.0,5.0,0.0,2.0,4.0,4.0,0,0
1661,1300.0,2.0,44.0,2.0,4.0,9.0,5.0,2.0,1.0,4.0,6.0,1,1
1662,1301.0,1.0,77.0,5.0,2.0,7.0,4.0,0.0,4.0,4.0,4.0,0,0
1663,1302.0,2.0,53.0,5.0,3.0,9.0,7.0,1.0,1.0,6.0,7.0,1,1
1664,1303.0,1.0,48.0,2.0,4.0,2.0,6.0,2.0,2.0,7.0,6.0,1,1
1665,1304.0,1.0,71.0,1.0,2.0,7.0,4.0,0.0,5.0,3.0,4.0,0,0
1666,1305.0,1.0,75.0,5.0,1.0,7.0,2.0,0.0,2.0,6.0,2.0,0,0
1667,1306.0,2.0,60.0,5.0,2.0,3.0,5.0,0.0,4.0,3.0,4.0,0,0
1669,1307.0,2.0,55.0,5.0,3.0,3.0,5.0,0.0,3.0,4.0,7.0,1,0
1670,1308.0,2.0,40.0,4.0,3.0,2.0,2.0,2.0,1.0,8.0,8.0,1,1
1671,1309.0,1.0,58.0,4.0,2.0,2.0,6.0,0.0,1.0,8.0,4.0,0,0
1672,1310.0,2.0,65.0,3.0,1.0,4.0,1.0,0.0,4.0,5.0,2.0,0,0
1673,1311.0,1.0,51.0,2.0,4.0,3.0,7.0,1.0,1.0,8.0,7.0,1,1
1674,1312.0,1.0,66.0,4.0,2.0,7.0,5.0,0.0,2.0,6.0,4.0,0,0
1675,1313.0,1.0,47.0,4.0,4.0,2.0,3.0,2.0,1.0,7.0,6.0,1,1
1676,1314.0,2.0,51.0,3.0,4.0,2.0,8.0,0.0,3.0,5.0,7.0,1,1
1677,1315.0,1.0,68.0,5.0,2.0,7.0,4.0,0.0,2.0,6.0,4.0,0,0
1678,1316.0,1.0,84.0,2.0,2.0,7.0,5.0,0.0,5.0,2.0,4.0,0,0
1679,1317.0,2.0,56.0,1.0,1.0,4.0,1.0,0.0,4.0,4.0,2.0,0,0
1680,1318.0,1.0,58.0,2.0,1.0,2.0,7.0,0.0,2.0,6.0,2.0,0,0
1681,1319.0,1.0,64.0,2.0,3.0,2.0,5.0,0.0,2.0,6.0,7.0,1,0
1682,1320.0,2.0,80.0,5.0,1.0,7.0,2.0,0.0,3.0,5.0,2.0,0,0
1683,1321.0,2.0,66.0,3.0,2.0,7.0,6.0,0.0,1.0,8.0,4.0,0,0
1684,1322.0,1.0,60.0,3.0,2.0,7.0,5.0,0.0,2.0,6.0,4.0,0,0
1685,9180.0,1.0,60.0,3.0,2.0,7.0,5.0,0.0,2.0,6.0,4.0,0,0
1686,8866.0,1.0,57.0,2.0,5.0,2.0,5.0,0.0,1.0,6.0,7.0,1,1
1687,7532.0,1.0,57.0,2.0,5.0,2.0,5.0,0.0,1.0,6.0,7.0,1,1
1688,1323.0,1.0,57.0,2.0,5.0,2.0,5.0,0.0,1.0,6.0,7.0,1,1
1689,1324.0,2.0,54.0,5.0,2.0,2.0,5.0,0.0,2.0,6.0,9.0,1,0
1690,1325.0,2.0,27.0,5.0,2.0,2.0,3.0,0.0,3.0,7.0,3.0,0,2
1691,1326.0,1.0,72.0,1.0,2.0,7.0,4.0,0.0,5.0,2.0,4.0,0,0
1693,1328.0,1.0,37.0,4.0,3.0,1.0,8.0,0.0,2.0,5.0,7.0,1,1
1694,1329.0,1.0,70.0,5.0,3.0,7.0,3.0,0.0,5.0,1.0,7.0,1,0
1695,1330.0,1.0,40.0,5.0,4.0,2.0,5.0,2.0,1.0,4.0,8.0,1,1
1696,1331.0,2.0,46.0,4.0,4.0,3.0,4.0,1.0,2.0,5.4,6.0,1,1
1697,1332.0,2.0,49.0,1.0,1.0,3.0,2.0,0.0,1.0,8.0,2.0,0,2
1698,1333.0,1.0,58.0,4.0,2.0,1.0,4.0,0.0,1.0,4.0,3.0,0,0
1699,1334.0,1.0,56.0,4.0,5.0,2.0,5.0,1.0,2.0,6.0,6.0,1,1
1700,1335.0,1.0,61.0,5.0,2.0,3.0,4.0,0.0,3.0,3.0,4.0,0,0
1701,1336.0,2.0,70.0,4.0,2.0,7.0,4.0,0.0,2.0,6.0,4.0,0,0
1702,1337.0,1.0,60.0,2.0,3.0,2.0,5.0,0.0,4.0,2.0,7.0,1,0
1703,8867.0,1.0,50.0,3.0,4.0,4.0,3.0,2.0,4.0,4.0,8.0,1,1
1704,7533.0,1.0,50.0,3.0,4.0,4.0,3.0,2.0,4.0,4.0,8.0,1,1
1705,1338.0,1.0,50.0,3.0,4.0,4.0,3.0,2.0,4.0,4.0,8.0,1,1
1706,1339.0,1.0,65.0,3.0,4.0,2.0,5.0,0.0,2.0,4.0,7.0,1,1
1707,1340.0,1.0,52.0,4.0,5.0,2.0,6.0,0.0,2.0,4.0,7.0,1,1
1708,8868.0,1.0,52.0,4.0,5.0,2.0,6.0,0.0,2.0,4.0,7.0,1,1
1709,1341.0,1.0,39.0,5.0,4.0,2.0,7.0,2.0,3.0,4.0,5.0,1,1
1710,1342.0,1.0,39.0,4.0,3.0,5.0,1.0,0.0,5.0,3.0,9.0,1,1
1711,1343.0,1.0,32.0,4.0,4.0,2.0,5.0,2.0,1.0,8.0,5.0,1,1
1712,1344.0,1.0,47.0,5.0,3.0,2.0,5.0,1.0,1.0,5.0,8.0,1,1
1713,1345.0,2.0,65.0,5.0,2.0,4.0,3.0,0.0,5.0,3.0,4.0,0,0
1714,1346.0,1.0,70.0,4.0,2.0,7.0,3.0,0.0,4.0,4.0,4.0,0,0
1715,1347.0,2.0,72.0,1.0,1.0,7.0,5.0,0.0,2.0,6.0,2.0,0,0
1716,1348.0,2.0,67.0,4.0,2.0,7.0,8.0,0.0,1.0,2.0,4.0,0,0
1717,1349.0,2.0,80.0,5.0,2.0,7.0,2.0,0.0,5.0,2.0,4.0,0,0
1718,1350.0,2.0,38.0,1.0,3.0,3.0,6.0,0.0,1.0,8.0,7.0,1,1
1719,1351.0,2.0,24.0,1.0,3.0,2.0,8.0,0.0,4.0,6.0,7.0,1,1
1720,1352.0,1.0,61.0,3.0,1.0,3.0,3.0,0.0,3.0,4.0,2.0,0,0
1721,1353.0,1.0,67.0,5.0,2.0,7.0,5.0,0.0,2.0,7.0,4.0,0,0
1723,1355.0,2.0,31.0,2.0,4.0,2.0,8.0,2.0,3.0,4.0,5.0,1,1
1724,1356.0,2.0,66.0,2.0,2.0,7.0,8.0,0.0,1.0,3.0,4.0,0,0
1725,1357.0,2.0,48.0,5.0,4.0,1.0,6.0,1.0,1.0,5.0,7.0,1,1
1726,1358.0,1.0,52.0,1.0,2.0,2.0,6.0,0.0,1.0,4.0,3.0,0,0
1727,1359.0,1.0,58.0,5.0,2.0,2.0,3.0,0.0,4.0,3.0,4.0,0,0
1728,1360.0,1.0,47.0,4.0,3.0,2.0,4.0,0.0,2.0,6.0,7.0,1,1
1729,1361.0,2.0,64.0,2.0,2.0,2.0,8.0,0.0,3.0,2.0,4.0,0,0
1730,1362.0,2.0,29.0,2.0,1.0,2.0,2.0,0.0,2.0,6.0,1.0,0,2
1731,1363.0,1.0,73.0,2.0,2.0,7.0,3.0,0.0,5.0,2.0,4.0,0,0
1732,1364.0,2.0,40.0,4.0,1.0,5.0,8.0,0.0,4.0,5.0,1.0,0,2
1733,1365.0,2.0,45.0,2.0,3.0,2.0,4.0,0.0,4.0,5.0,9.0,1,1
1734,1366.0,2.0,41.0,4.0,4.0,2.0,8.0,2.0,1.0,4.0,6.0,1,1
1735,1367.0,1.0,84.0,5.0,2.0,7.0,4.0,0.0,2.0,6.0,4.0,0,0
1736,1368.0,1.0,77.0,2.0,2.0,7.0,6.0,0.0,2.0,6.0,4.0,0,0
1737,1369.0,2.0,55.0,2.0,2.0,2.0,5.0,0.0,4.0,3.0,4.0,0,0
1738,1370.0,1.0,70.0,5.0,1.0,7.0,2.0,0.0,4.0,4.0,2.0,0,0
1739,1371.0,2.0,57.0,5.0,2.0,1.0,8.0,0.0,1.0,6.0,4.0,0,0
1740,1372.0,1.0,60.0,5.0,3.0,3.0,7.0,0.0,1.0,7.0,7.0,1,0
1741,1373.0,2.0,61.0,4.0,2.0,9.0,2.0,0.0,4.0,4.0,4.0,0,0
1742,1374.0,1.0,76.0,2.0,2.0,7.0,6.0,0.0,1.0,8.0,4.0,0,0
1743,1375.0,1.0,81.0,2.0,2.0,7.0,5.0,0.0,1.0,7.0,4.0,0,0
1744,1376.0,2.0,65.0,2.0,2.0,7.0,4.0,0.0,2.0,4.0,4.0,0,0
1745,1377.0,2.0,74.0,4.0,1.0,7.0,3.0,0.0,2.0,5.0,2.0,0,0
1746,1378.0,2.0,66.0,5.0,2.0,7.0,8.0,0.0,5.0,3.0,4.0,0,0
1747,1379.0,1.0,63.0,5.0,2.0,5.0,3.0,0.0,3.0,4.0,4.0,0,0
1748,1380.0,2.0,52.0,2.0,4.0,2.0,2.0,2.0,2.0,6.0,8.0,1,1
1749,9181.0,2.0,52.0,2.0,4.0,2.0,2.0,2.0,2.0,6.0,8.0,1,1
1750,9407.0,2.0,52.0,2.0,4.0,2.0,2.0,2.0,2.0,6.0,8.0,1,1
1751,8869.0,2.0,52.0,2.0,4.0,2.0,2.0,2.0,2.0,6.0,8.0,1,1
1752,1381.0,2.0,60.0,3.0,3.0,9.0,5.0,0.0,4.0,3.0,7.0,1,0
1754,1383.0,1.0,67.0,5.0,2.0,7.0,5.0,0.0,2.0,6.0,4.0,0,0
1755,8870.0,2.0,54.0,3.0,4.0,2.0,8.0,0.0,1.0,4.0,7.0,1,1
1756,1384.0,2.0,54.0,3.0,4.0,2.0,8.0,0.0,1.0,4.0,7.0,1,1
1757,1385.0,2.0,47.0,5.0,3.0,2.0,7.0,0.0,1.0,6.0,7.0,1,1
1758,1386.0,1.0,80.0,2.0,2.0,7.0,2.0,0.0,4.0,4.0,4.0,0,0
1759,1387.0,1.0,49.0,4.0,2.0,2.0,5.0,0.0,3.0,4.0,3.0,0,0
1760,1388.0,1.0,50.0,4.0,5.0,2.0,6.0,2.0,1.0,4.0,8.0,1,1
1761,1389.0,1.0,71.0,2.0,2.0,7.0,4.0,0.0,5.0,3.0,4.0,0,0
1762,1390.0,1.0,68.0,5.0,2.0,7.0,5.0,0.0,2.0,6.0,4.0,0,0
1763,1391.0,2.0,70.0,5.0,2.0,7.0,4.0,0.0,5.0,3.0,4.0,0,0
1764,1392.0,1.0,71.0,2.0,2.0,7.0,4.0,0.0,5.0,2.0,4.0,0,0
1765,1393.0,2.0,29.0,3.0,1.0,2.0,2.0,0.0,1.0,8.0,1.0,0,2
1768,1395.0,1.0,68.0,1.0,3.0,7.0,6.0,0.0,3.0,5.0,7.0,1,0
1769,1396.0,1.0,66.0,1.0,2.0,5.0,3.0,0.0,5.0,2.0,4.0,0,0
1770,1397.0,2.0,22.0,3.0,2.0,8.0,2.0,0.0,2.0,6.0,3.0,0,2
1771,1398.0,2.0,44.0,2.0,3.0,4.0,8.0,0.0,3.0,2.0,7.0,1,1
1772,1399.0,1.0,74.0,5.0,2.0,7.0,5.0,0.0,1.0,8.0,4.0,0,0
1773,1400.0,2.0,61.0,4.0,1.0,2.0,1.0,0.0,2.0,4.0,2.0,0,0
1774,1401.0,1.0,77.0,5.0,2.0,7.0,2.0,0.0,3.0,4.0,4.0,0,0
1775,1402.0,1.0,70.0,4.0,2.0,7.0,5.0,0.0,1.0,8.0,4.0,0,0
1776,1403.0,1.0,81.0,4.0,2.0,7.0,2.0,0.0,5.0,2.0,4.0,0,0
1777,1404.0,2.0,68.0,2.0,2.0,7.0,3.0,0.0,4.0,3.0,4.0,0,0
1779,1406.0,1.0,43.0,2.0,4.0,2.0,5.0,2.0,1.0,6.0,6.0,1,1
1780,1407.0,1.0,38.0,3.0,1.0,2.0,4.0,0.0,2.0,6.0,1.0,0,2
1781,1408.0,1.0,66.0,5.0,2.0,7.0,5.0,0.0,2.0,6.0,4.0,0,0
1782,1409.0,2.0,56.0,2.0,2.0,9.0,8.0,0.0,2.0,3.0,4.0,0,0
1783,1410.0,2.0,31.0,5.0,3.0,1.0,5.0,1.0,2.0,7.0,6.0,1,1
1784,1411.0,1.0,65.0,1.0,2.0,9.0,3.0,0.0,4.0,4.0,4.0,0,0
1785,1412.0,1.0,53.0,1.0,1.0,4.0,1.0,0.0,5.0,2.0,2.0,0,0
1786,1413.0,1.0,29.0,2.0,1.0,2.0,5.0,0.0,1.0,8.0,1.0,0,2
1787,1414.0,1.0,49.0,4.0,4.0,2.0,7.0,2.0,1.0,4.2,6.0,1,1
1788,1415.0,1.0,73.0,2.0,2.0,7.0,5.0,0.0,1.0,8.0,4.0,0,0
1789,1416.0,1.0,77.0,4.0,2.0,7.0,5.0,0.0,4.0,4.0,4.0,0,0
1790,1417.0,1.0,63.0,5.0,1.0,2.0,6.0,0.0,2.0,4.0,2.0,0,0
1791,7534.0,2.0,38.0,5.0,4.0,2.0,8.0,2.0,4.0,7.0,6.0,1,1
1792,1418.0,2.0,38.0,5.0,4.0,2.0,8.0,2.0,4.0,7.0,6.0,1,1
1793,9182.0,2.0,38.0,5.0,4.0,2.0,8.0,2.0,4.0,7.0,6.0,1,1
1794,1419.0,2.0,57.0,4.0,3.0,9.0,5.0,0.0,2.0,5.0,7.0,1,0
1795,1420.0,1.0,51.0,5.0,2.0,1.0,6.0,1.0,1.0,4.0,8.0,1,0
1796,1421.0,2.0,52.0,5.0,1.0,5.0,4.0,0.0,3.0,6.0,2.0,0,0
1797,1422.0,1.0,62.0,4.0,2.0,2.0,8.0,0.0,4.0,3.0,4.0,0,0
1798,1423.0,1.0,48.0,5.0,1.0,4.0,2.0,0.0,4.0,5.0,2.0,0,0
1799,1424.0,2.0,46.0,2.0,6.0,9.0,8.0,3.0,2.0,5.0,6.0,-1,-1
1800,1425.0,2.0,70.0,4.0,2.0,2.0,5.0,0.0,3.0,3.0,4.0,0,0
1801,1426.0,2.0,34.0,4.0,2.0,2.0,3.0,0.0,2.0,6.8,3.0,0,2
1802,1427.0,2.0,76.0,2.0,2.0,2.0,7.0,0.0,1.0,8.0,4.0,0,0
1803,1428.0,1.0,55.0,1.0,2.0,2.0,7.0,0.0,3.0,4.0,4.0,0,0
1804,1429.0,1.0,39.0,3.0,1.0,5.0,8.0,0.0,3.0,7.0,1.0,0,2
1806,1431.0,2.0,38.0,2.0,4.0,2.0,4.0,2.0,2.0,5.0,6.0,1,1
1807,1432.0,1.0,48.0,4.0,4.0,3.0,5.0,2.0,1.0,8.0,6.0,1,1
1808,1433.0,2.0,65.0,5.0,2.0,9.0,3.0,0.0,5.0,2.0,4.0,0,0
1809,1434.0,2.0,34.0,1.0,2.0,3.0,7.0,0.0,1.0,8.0,3.0,0,2
1810,1435.0,2.0,38.0,4.0,5.0,1.0,6.0,3.0,1.0,7.0,6.0,1,1
1811,7535.0,2.0,35.0,1.0,2.0,9.0,5.0,0.0,4.0,6.0,3.0,0,2
1812,1436.0,2.0,35.0,1.0,2.0,9.0,5.0,0.0,4.0,6.0,3.0,0,2
1813,1437.0,1.0,76.0,1.0,1.0,1.0,5.0,0.0,1.0,6.0,2.0,0,0
1814,1438.0,1.0,80.0,2.0,2.0,7.0,8.0,0.0,2.0,6.0,4.0,0,0
1815,1439.0,1.0,48.0,2.0,1.0,2.0,8.0,0.0,3.0,4.0,2.0,0,0
1816,1440.0,1.0,52.0,2.0,4.0,2.0,5.0,2.0,3.0,4.0,6.0,1,1
1817,1441.0,2.0,62.0,4.0,1.0,6.0,1.0,0.0,5.0,3.0,2.0,0,0
1818,1442.0,1.0,49.0,4.0,4.0,2.0,7.0,2.0,2.0,6.0,6.0,1,1
1822,1445.0,2.0,73.0,4.0,2.0,7.0,2.0,0.0,4.0,4.0,4.0,0,0
1823,1446.0,1.0,35.0,4.0,1.0,2.0,8.0,0.0,1.0,7.0,1.0,0,2
1824,1447.0,1.0,66.0,4.0,2.0,7.0,5.0,0.0,2.0,6.0,4.0,0,0
1825,1448.0,2.0,32.0,2.0,3.0,1.0,5.0,1.0,1.0,7.2,5.0,1,1
1826,1449.0,1.0,42.0,5.0,5.0,2.0,6.0,3.0,1.0,6.0,6.0,1,1
1827,1450.0,1.0,62.0,2.0,3.0,2.0,7.0,0.0,1.0,8.0,7.0,1,0
1828,1451.0,1.0,73.0,5.0,2.0,7.0,4.0,0.0,4.0,4.0,4.0,0,0
1829,1452.0,2.0,51.0,2.0,2.0,2.0,3.0,0.0,2.0,4.0,9.0,1,0
1830,1453.0,2.0,28.0,4.0,2.0,3.0,3.0,0.0,2.0,7.0,3.0,0,2
1831,1454.0,2.0,42.0,3.0,4.0,2.0,4.0,2.0,3.0,6.0,6.0,1,1
1832,1455.0,1.0,71.0,1.0,2.0,7.0,6.0,0.0,2.0,6.0,4.0,0,0
1833,1456.0,2.0,37.0,1.0,4.0,2.0,5.0,2.0,2.0,8.0,6.0,1,1
1834,1457.0,2.0,37.0,5.0,2.0,1.0,5.0,0.0,1.0,8.0,3.0,0,2
1835,1458.0,1.0,44.0,1.0,4.0,2.0,4.0,2.0,3.0,4.0,6.0,1,1
1836,1459.0,1.0,82.0,2.0,1.0,7.0,3.0,0.0,5.0,3.0,2.0,0,0
1837,1460.0,2.0,42.0,4.0,1.0,2.0,3.0,0.0,2.0,4.0,1.0,0,2
1838,1461.0,1.0,75.0,1.0,2.0,7.0,2.0,0.0,5.0,2.0,4.0,0,0
1840,7536.0,2.0,58.0,2.0,2.0,2.0,7.0,0.0,4.0,4.0,4.0,0,0
1841,1463.0,1.0,62.0,3.0,2.0,3.0,6.0,0.0,2.0,7.0,4.0,0,0
1842,1464.0,2.0,55.0,2.0,1.0,2.0,2.0,0.0,4.0,2.0,2.0,0,0
1843,1465.0,2.0,31.0,3.0,4.0,2.0,8.0,2.0,2.0,4.0,5.0,1,1
1846,1467.0,1.0,70.0,3.0,2.0,7.0,4.0,0.0,4.0,3.0,4.0,0,0
1847,1468.0,1.0,77.0,2.0,2.0,7.0,4.0,0.0,1.0,8.0,4.0,0,0
1848,1469.0,2.0,59.0,1.0,3.0,4.0,7.0,0.0,1.0,7.0,7.0,1,0
1849,1470.0,1.0,65.0,2.0,2.0,7.0,8.0,0.0,3.0,3.0,4.0,0,0
1850,1471.0,2.0,24.0,4.0,2.0,8.0,1.0,0.0,3.0,4.0,3.0,0,2
1851,1472.0,1.0,70.0,4.0,2.0,7.0,5.0,0.0,1.0,8.0,4.0,0,0
1852,1473.0,1.0,77.0,2.0,2.0,7.0,8.0,0.0,4.0,4.0,4.0,0,0
1853,1474.0,2.0,64.0,4.0,2.0,4.0,5.0,0.0,4.0,3.0,4.0,0,0
1854,1475.0,1.0,37.0,5.0,4.0,2.0,8.0,2.0,2.0,7.0,6.0,1,1
1855,1476.0,1.0,68.0,5.0,2.0,7.0,6.0,0.0,2.0,6.0,4.0,0,0
1856,1477.0,1.0,60.0,5.0,2.0,2.0,5.0,0.0,3.0,3.0,4.0,0,0
1857,7537.0,1.0,60.0,5.0,2.0,2.0,5.0,0.0,3.0,3.0,4.0,0,0
1858,1478.0,2.0,67.0,3.0,1.0,7.0,3.0,0.0,5.0,3.0,2.0,0,0
1859,1479.0,1.0,63.0,5.0,3.0,2.0,6.0,0.0,2.0,7.0,7.0,1,0
1860,1480.0,1.0,27.0,2.0,2.0,2.0,2.0,0.0,1.0,7.0,3.0,0,2
1861,1481.0,2.0,46.0,4.0,6.0,2.0,7.0,4.0,1.0,8.0,6.0,2,1
1862,1482.0,2.0,33.0,1.0,5.0,3.0,5.0,3.0,1.0,7.0,5.0,1,1
1863,1483.0,2.0,60.0,2.0,2.0,2.0,2.0,0.0,4.0,2.0,4.0,0,0
1864,1484.0,1.0,39.0,2.0,4.0,2.0,5.0,2.0,1.0,8.0,6.0,1,1
1865,1485.0,1.0,51.0,2.0,4.0,2.0,5.0,2.0,2.0,3.0,6.0,1,1
1866,1486.0,1.0,59.0,1.0,2.0,4.0,5.0,0.0,3.0,8.0,4.0,0,0
1867,1487.0,1.0,50.0,4.0,2.0,2.0,4.0,0.0,2.0,2.0,4.0,0,0
1868,1488.0,1.0,30.0,5.0,2.0,2.0,6.0,1.0,1.0,7.0,8.0,1,1
1869,1489.0,1.0,54.0,3.0,1.0,2.0,1.0,0.0,2.0,5.0,2.0,0,0
1870,1490.0,2.0,62.0,3.0,2.0,3.0,7.0,0.0,2.0,6.0,4.0,0,0
1871,7538.0,2.0,62.0,3.0,2.0,3.0,7.0,0.0,2.0,6.0,4.0,0,0
1872,1491.0,1.0,48.0,4.0,5.0,2.0,6.0,3.0,2.0,5.0,6.0,1,1
1873,1492.0,2.0,37.0,4.0,4.0,5.0,5.0,2.0,1.0,2.0,6.0,1,1
1874,1493.0,1.0,48.0,4.0,4.0,2.0,6.0,2.0,2.0,2.0,6.0,1,1
1875,1494.0,2.0,70.0,1.0,1.0,7.0,1.0,0.0,4.0,4.0,2.0,0,0
1876,1495.0,2.0,77.0,4.0,1.0,7.0,5.0,0.0,3.0,5.0,2.0,0,0
1877,1496.0,2.0,67.0,2.0,2.0,7.0,3.0,0.0,3.0,3.0,4.0,0,0
1878,1497.0,1.0,58.0,3.0,2.0,1.0,6.0,0.0,1.0,3.0,4.0,0,0
1879,1498.0,2.0,26.0,4.0,1.0,8.0,1.0,0.0,3.0,7.0,1.0,0,2
1880,1499.0,2.0,36.0,2.0,4.0,2.0,6.0,2.0,1.0,4.0,5.0,1,1
1881,1500.0,2.0,28.0,5.0,3.0,5.0,4.0,0.0,2.0,8.0,7.0,1,1
1882,1501.0,1.0,79.0,3.0,2.0,7.0,3.0,0.0,4.0,4.0,4.0,0,0
1883,8873.0,1.0,44.0,5.0,4.0,2.0,5.0,2.0,2.0,7.0,6.0,1,1
1884,7539.0,1.0,44.0,5.0,4.0,2.0,5.0,2.0,2.0,7.0,6.0,1,1
1885,1502.0,1.0,44.0,5.0,4.0,2.0,5.0,2.0,2.0,7.0,6.0,1,1
1886,1503.0,2.0,74.0,3.0,1.0,7.0,3.0,0.0,2.0,6.0,2.0,0,0
1887,1504.0,1.0,73.0,5.0,1.0,7.0,5.0,0.0,1.0,8.0,2.0,0,0
1888,1505.0,1.0,57.0,2.0,1.0,4.0,2.0,0.0,5.0,2.0,2.0,0,0
1889,1506.0,2.0,64.0,2.0,2.0,4.0,5.0,0.0,4.0,3.0,4.0,0,0
1890,1507.0,2.0,28.0,4.0,4.0,2.0,5.0,2.0,3.0,7.0,5.0,1,1
1891,1508.0,1.0,57.0,4.0,2.0,3.0,5.0,0.0,2.0,5.0,3.0,0,0
1892,9584.0,1.0,73.0,5.0,2.0,7.0,3.0,0.0,5.0,3.0,4.0,0,0
1893,1509.0,1.0,55.0,5.0,4.0,3.0,5.0,0.0,2.0,4.0,7.0,1,1
1894,9409.0,1.0,55.0,5.0,4.0,3.0,5.0,0.0,2.0,4.0,7.0,1,1
1895,1510.0,1.0,51.0,5.0,1.0,2.0,2.0,0.0,3.0,4.0,2.0,0,0
1896,1511.0,1.0,58.0,4.0,6.0,3.0,6.0,1.0,2.0,6.0,7.0,1,1
1897,1512.0,2.0,39.0,4.0,4.0,2.0,8.0,2.0,2.0,6.0,6.0,1,1
1898,1513.0,2.0,60.0,2.0,3.0,9.0,4.0,0.0,1.0,5.0,7.0,1,0
1899,1514.0,1.0,47.0,1.0,3.0,3.0,5.0,1.0,2.0,6.0,6.0,1,1
1900,1515.0,2.0,41.0,2.0,2.0,2.0,6.0,0.0,1.0,8.0,3.0,0,2
1901,1516.0,2.0,34.0,5.0,4.0,3.0,6.0,2.0,5.0,4.0,5.0,1,1
1902,1517.0,1.0,73.0,2.0,2.0,7.0,4.0,0.0,3.0,3.0,4.0,0,0
1903,1518.0,1.0,75.0,2.0,2.0,7.0,8.0,0.0,3.0,4.0,4.0,0,0
1904,1519.0,2.0,60.0,2.0,3.0,1.0,5.0,0.0,1.0,8.0,7.0,1,0
1905,1520.0,1.0,77.0,5.0,2.0,7.0,3.0,0.0,5.0,2.0,4.0,0,0
1906,1521.0,1.0,75.0,5.0,2.0,7.0,8.0,0.0,2.0,4.0,4.0,0,0
1907,1522.0,2.0,54.0,2.0,1.0,2.0,2.0,0.0,4.0,2.0,2.0,0,0
1908,8874.0,2.0,54.0,2.0,1.0,2.0,2.0,0.0,4.0,2.0,2.0,0,0
1909,1523.0,1.0,65.0,5.0,2.0,4.0,8.0,0.0,5.0,3.0,4.0,0,0
1910,1524.0,1.0,54.0,5.0,1.0,2.0,2.0,0.0,4.0,4.0,2.0,0,0
1911,1525.0,2.0,50.0,3.0,2.0,9.0,2.0,0.0,5.0,4.0,9.0,1,0
1912,1526.0,1.0,65.0,4.0,2.0,5.0,2.0,0.0,4.0,4.0,4.0,0,0
1913,1527.0,2.0,58.0,4.0,2.0,3.0,4.0,0.0,3.0,6.0,4.0,0,0
1914,1528.0,2.0,73.0,4.0,2.0,7.0,4.0,0.0,4.0,3.0,4.0,0,0
1915,1529.0,1.0,56.0,4.0,2.0,2.0,5.0,0.0,2.0,5.0,3.0,0,0
1916,1530.0,2.0,42.0,1.0,3.0,2.0,8.0,1.0,4.0,3.0,6.0,1,1
1917,1531.0,1.0,70.0,2.0,2.0,7.0,4.0,0.0,2.0,6.0,4.0,0,0
1918,1532.0,1.0,68.0,1.0,2.0,7.0,2.0,0.0,5.0,3.0,4.0,0,0
1919,1533.0,2.0,56.0,5.0,2.0,5.0,2.0,0.0,1.0,2.0,3.0,0,0
1920,1534.0,2.0,47.0,4.0,4.0,2.0,8.0,1.0,3.0,3.8,6.0,1,1
1921,1535.0,2.0,63.0,4.0,2.0,9.0,2.0,0.0,5.0,6.0,4.0,0,0
1922,1536.0,2.0,53.0,5.0,2.0,2.0,6.0,0.0,2.0,7.0,4.0,0,0
1923,1537.0,1.0,80.0,3.0,2.0,7.0,8.0,0.0,5.0,3.0,4.0,0,0
1924,7540.0,1.0,80.0,3.0,2.0,7.0,8.0,0.0,5.0,3.0,4.0,0,0
1925,1538.0,1.0,76.0,2.0,1.0,7.0,5.0,0.0,2.0,6.0,2.0,0,0
1926,1539.0,1.0,69.0,2.0,2.0,7.0,5.0,0.0,2.0,6.0,4.0,0,0
1927,1540.0,1.0,63.0,5.0,2.0,4.0,5.0,0.0,5.0,2.0,4.0,0,0
1929,1542.0,2.0,70.0,2.0,1.0,7.0,5.0,0.0,5.0,3.0,2.0,0,0
1930,1543.0,2.0,37.0,2.0,1.0,4.0,3.0,0.0,3.0,4.0,1.0,0,2
1931,7541.0,1.0,48.0,3.0,6.0,2.0,3.0,0.0,4.0,2.0,7.0,-1,-1
1932,9410.0,1.0,48.0,3.0,6.0,2.0,3.0,0.0,4.0,2.0,7.0,-1,-1
1933,1544.0,1.0,48.0,3.0,6.0,2.0,3.0,0.0,4.0,2.0,7.0,-1,-1
1936,1546.0,2.0,59.0,2.0,3.0,2.0,8.0,0.0,1.0,6.0,7.0,1,0
1937,1547.0,2.0,52.0,2.0,2.0,4.0,8.0,0.0,5.0,2.0,4.0,0,0
1938,1548.0,1.0,63.0,2.0,2.0,2.0,5.0,0.0,2.0,6.0,4.0,0,0
1939,1549.0,1.0,63.0,5.0,2.0,7.0,2.0,0.0,1.0,8.0,4.0,0,0
1940,1550.0,2.0,41.0,2.0,4.0,2.0,6.0,2.0,3.0,6.0,6.0,1,1
1941,1551.0,1.0,76.0,1.0,2.0,7.0,5.0,0.0,3.0,5.4,4.0,0,0
1942,1552.0,1.0,23.0,4.0,1.0,8.0,1.0,0.0,3.0,4.8,1.0,0,2
1944,1554.0,1.0,72.0,3.0,2.0,7.0,5.0,0.0,2.0,6.0,4.0,0,0
1945,1555.0,1.0,60.0,1.0,1.0,2.0,4.0,0.0,1.0,8.0,2.0,0,0
1946,1556.0,2.0,51.0,1.0,1.0,4.0,2.0,0.0,5.0,2.0,2.0,0,0
1947,1557.0,1.0,68.0,2.0,1.0,7.0,5.0,0.0,2.0,6.0,2.0,0,0
1948,1558.0,1.0,54.0,5.0,4.0,2.0,5.0,0.0,2.0,4.0,7.0,1,1
1949,7542.0,1.0,46.0,4.0,2.0,2.0,6.0,0.0,2.0,4.0,4.0,0,0
1950,1559.0,1.0,46.0,4.0,2.0,2.0,6.0,0.0,2.0,4.0,4.0,0,0
1951,1560.0,1.0,57.0,2.0,3.0,2.0,8.0,1.0,2.0,6.0,7.0,1,1
1952,1561.0,2.0,45.0,5.0,4.0,1.0,6.0,2.0,1.0,6.0,6.0,1,1
1953,1562.0,2.0,41.0,4.0,4.0,2.0,5.0,2.0,2.0,6.0,6.0,1,1
1954,1563.0,2.0,53.0,2.0,3.0,2.0,8.0,0.0,1.0,8.0,9.0,1,1
1955,1564.0,1.0,46.0,2.0,4.0,2.0,6.0,2.0,1.0,8.0,6.0,1,1
1956,1565.0,1.0,46.0,2.0,1.0,4.0,2.0,0.0,3.0,6.0,2.0,0,2
1957,7543.0,1.0,38.0,5.0,4.0,2.0,2.0,2.0,3.0,4.0,5.0,1,1
1958,1566.0,1.0,38.0,5.0,4.0,2.0,2.0,2.0,3.0,4.0,5.0,1,1
1959,1567.0,1.0,80.0,4.0,2.0,7.0,2.0,0.0,5.0,3.0,4.0,0,0
1960,1568.0,1.0,71.0,2.0,1.0,7.0,2.0,0.0,4.0,4.0,2.0,0,0
1961,1569.0,1.0,52.0,4.0,3.0,2.0,6.0,0.0,2.0,7.0,7.0,1,0
1962,1570.0,1.0,58.0,4.0,1.0,4.0,2.0,0.0,5.0,3.0,2.0,0,0
1963,1571.0,1.0,61.0,3.0,1.0,3.0,3.0,0.0,3.0,4.0,2.0,0,0
1964,1572.0,1.0,68.0,5.0,1.0,7.0,3.0,0.0,4.0,4.0,2.0,0,0
1965,1573.0,2.0,63.0,4.0,2.0,4.0,4.0,0.0,3.0,6.0,4.0,0,0
1966,1574.0,2.0,36.0,2.0,3.0,4.0,4.0,1.0,3.0,7.0,5.0,1,1
1967,1575.0,2.0,72.0,1.0,2.0,9.0,3.0,0.0,4.0,3.0,4.0,0,0
1968,1576.0,2.0,50.0,1.0,4.0,2.0,8.0,2.0,4.0,5.0,6.0,1,1
1969,1577.0,2.0,35.0,4.0,1.0,2.0,5.0,0.0,1.0,8.0,1.0,0,2
1970,1578.0,1.0,51.0,4.0,1.0,2.0,8.0,0.0,3.0,4.0,2.0,0,0
1971,1579.0,1.0,35.0,1.0,3.0,3.0,5.0,1.0,1.0,8.0,8.0,1,1
1973,1581.0,1.0,67.0,1.0,1.0,7.0,4.0,0.0,4.0,4.0,2.0,0,0
1974,1582.0,1.0,70.0,2.0,2.0,7.0,3.0,0.0,5.0,3.0,4.0,0,0
1975,7544.0,1.0,64.0,3.0,2.0,7.0,1.0,0.0,1.0,8.0,4.0,0,0
1976,1583.0,1.0,64.0,3.0,2.0,7.0,1.0,0.0,1.0,8.0,4.0,0,0
1977,1584.0,2.0,68.0,2.0,2.0,7.0,8.0,0.0,5.0,2.0,4.0,0,0
1978,7545.0,1.0,64.0,2.0,2.0,2.0,8.0,0.0,2.0,4.0,4.0,0,0
1979,1585.0,1.0,64.0,2.0,2.0,2.0,8.0,0.0,2.0,4.0,4.0,0,0
1980,9513.0,1.0,64.0,2.0,2.0,2.0,8.0,0.0,2.0,4.0,4.0,0,0
1981,1586.0,2.0,26.0,2.0,2.0,2.0,5.0,0.0,2.0,4.0,3.0,0,2
1982,1587.0,2.0,33.0,2.0,1.0,4.0,2.0,0.0,3.0,6.0,1.0,0,2
1983,1588.0,1.0,44.0,4.0,5.0,9.0,1.0,3.0,5.0,2.0,8.0,-1,-1
1984,1589.0,2.0,68.0,2.0,2.0,7.0,3.0,0.0,5.0,2.0,4.0,0,0
1985,9411.0,2.0,68.0,2.0,2.0,7.0,3.0,0.0,5.0,2.0,4.0,0,0
1986,1590.0,1.0,74.0,2.0,2.0,7.0,4.0,0.0,5.0,2.0,4.0,0,0
1987,1591.0,1.0,29.0,2.0,3.0,2.0,2.0,1.0,2.0,7.0,5.0,1,1
1988,1592.0,1.0,64.0,4.0,3.0,2.0,5.0,0.0,2.0,4.8,7.0,1,0
1989,1593.0,2.0,37.0,2.0,5.0,5.0,5.0,3.0,3.0,2.0,6.0,1,1
1990,1594.0,2.0,72.0,5.0,2.0,7.0,8.0,0.0,2.0,6.0,4.0,0,0
1991,1595.0,2.0,55.0,1.0,2.0,4.0,5.0,0.0,3.0,4.0,4.0,0,0
1992,1596.0,2.0,68.0,1.0,1.0,7.0,3.0,0.0,2.0,6.0,2.0,0,0
1994,9585.0,1.0,52.0,2.0,4.0,2.0,3.0,1.0,3.0,4.0,6.0,1,1
1995,1598.0,1.0,68.0,5.0,2.0,7.0,4.0,0.0,2.0,6.0,4.0,0,0
1996,1599.0,1.0,71.0,1.0,2.0,7.0,5.0,0.0,5.0,2.0,4.0,0,0
1997,1600.0,1.0,69.0,3.0,1.0,7.0,5.0,0.0,2.0,7.0,2.0,0,0
1998,1601.0,1.0,49.0,3.0,1.0,1.0,2.0,0.0,1.0,7.0,2.0,0,2
1999,1602.0,1.0,60.0,4.0,2.0,2.0,3.0,0.0,3.0,4.0,4.0,0,0
2000,1603.0,2.0,36.0,1.0,5.0,3.0,7.0,3.0,1.0,8.0,5.0,1,1
2001,1604.0,1.0,36.0,4.0,4.0,2.0,5.0,2.0,2.0,5.0,8.0,1,1
2002,1605.0,1.0,63.0,4.0,1.0,4.0,2.0,0.0,3.0,6.0,2.0,0,0
2003,1606.0,2.0,37.0,4.0,3.0,3.0,7.0,1.0,1.0,8.0,5.0,1,1
2004,1607.0,2.0,28.0,1.0,1.0,8.0,1.0,0.0,3.0,7.4,1.0,0,2
2005,9586.0,1.0,61.0,3.0,3.0,2.0,4.0,0.0,2.0,4.0,7.0,1,0
2006,1608.0,1.0,34.0,4.0,1.0,3.0,5.0,0.0,1.0,8.0,1.0,0,2
2007,1609.0,2.0,38.0,5.0,3.0,2.0,5.0,1.0,2.0,6.0,6.0,1,1
2008,1610.0,1.0,58.0,4.0,3.0,4.0,6.0,0.0,4.0,5.0,9.0,1,0
2009,1611.0,1.0,66.0,2.0,2.0,1.0,6.0,0.0,1.0,6.0,4.0,0,0
2010,1612.0,2.0,47.0,2.0,3.0,9.0,8.0,0.0,3.0,4.0,7.0,1,0
2011,1613.0,2.0,60.0,2.0,1.0,6.0,1.0,0.0,4.0,4.0,2.0,0,0
2012,1614.0,2.0,45.0,2.0,2.0,2.0,8.0,0.0,1.0,8.0,4.0,0,2
2013,1615.0,1.0,27.0,2.0,2.0,2.0,5.0,0.0,1.0,8.0,3.0,0,2
2014,1616.0,2.0,46.0,5.0,5.0,1.0,6.0,1.0,1.0,7.0,6.0,1,1
2015,1617.0,2.0,67.0,4.0,1.0,7.0,2.0,0.0,2.0,7.0,2.0,0,0
2016,1618.0,1.0,57.0,2.0,1.0,2.0,5.0,0.0,1.0,4.0,2.0,0,0
2019,1620.0,2.0,58.0,2.0,2.0,4.0,5.0,0.0,3.0,8.0,4.0,0,0
2020,1621.0,2.0,49.0,2.0,4.0,1.0,5.0,2.0,2.0,6.0,6.0,1,1
2021,1622.0,1.0,68.0,5.0,2.0,7.0,5.0,0.0,2.0,6.0,4.0,0,0
2022,1623.0,2.0,29.0,5.0,2.0,9.0,3.0,0.0,3.0,7.0,3.0,0,2
2023,1624.0,2.0,30.0,5.0,4.0,2.0,5.0,2.0,3.0,6.0,5.0,1,1
2024,1625.0,2.0,28.0,3.0,1.0,2.0,2.0,0.0,2.0,6.0,1.0,0,2
2025,1626.0,2.0,33.0,2.0,2.0,8.0,4.0,0.0,2.0,6.0,3.0,0,2
2026,1627.0,2.0,31.0,2.0,3.0,2.0,8.0,1.0,5.0,4.0,5.0,1,1
2027,1628.0,2.0,60.0,1.0,1.0,2.0,5.0,0.0,2.0,7.0,2.0,0,0
2028,1629.0,2.0,48.0,2.0,3.0,1.0,3.0,2.0,1.0,5.0,8.0,1,1
2029,1630.0,1.0,53.0,4.0,4.0,5.0,5.0,1.0,3.0,6.0,9.0,1,1
2030,1631.0,1.0,72.0,5.0,2.0,7.0,3.0,0.0,2.0,6.0,4.0,0,0
2031,1632.0,1.0,70.0,4.0,2.0,7.0,4.0,0.0,4.0,4.0,4.0,0,0
2032,7547.0,1.0,70.0,4.0,2.0,7.0,4.0,0.0,4.0,4.0,4.0,0,0
2033,1633.0,2.0,49.0,3.0,3.0,2.0,6.0,0.0,2.0,4.0,7.0,1,1
2034,9183.0,2.0,49.0,3.0,3.0,2.0,6.0,0.0,2.0,4.0,7.0,1,1
2035,1634.0,1.0,35.0,4.0,4.0,3.0,4.0,2.0,2.0,7.0,5.0,1,1
2036,1635.0,1.0,30.0,2.0,2.0,2.0,3.0,0.0,1.0,8.0,3.0,0,2
2037,7548.0,2.0,32.0,2.0,4.0,9.0,2.0,2.0,4.0,5.6,5.0,1,1
2038,1636.0,2.0,32.0,2.0,4.0,9.0,2.0,2.0,4.0,6.6,5.0,1,1
2039,7549.0,2.0,54.0,3.0,2.0,2.0,1.0,0.0,4.0,3.0,4.0,0,0
2040,1637.0,1.0,66.0,5.0,2.0,7.0,4.0,0.0,4.0,4.0,4.0,0,0
2041,9184.0,1.0,66.0,5.0,2.0,7.0,4.0,0.0,4.0,4.0,4.0,0,0
2042,1638.0,1.0,70.0,4.0,2.0,7.0,4.0,0.0,3.0,5.0,4.0,0,0
2043,7550.0,1.0,66.0,5.0,2.0,1.0,5.0,0.0,1.0,8.0,4.0,0,0
2044,1639.0,1.0,66.0,5.0,2.0,1.0,5.0,0.0,1.0,8.0,4.0,0,0
2046,1641.0,2.0,35.0,1.0,1.0,2.0,4.0,0.0,1.0,8.0,1.0,0,2
2048,1642.0,1.0,45.0,2.0,5.0,1.0,8.0,1.0,1.0,6.0,6.0,1,1
2050,1644.0,1.0,51.0,5.0,1.0,2.0,2.0,0.0,4.0,2.0,2.0,0,0
2051,1645.0,2.0,68.0,2.0,2.0,7.0,5.0,0.0,3.0,5.0,4.0,0,0
2052,1646.0,2.0,37.0,4.0,2.0,2.0,6.0,0.0,1.0,8.0,3.0,0,2
2054,1648.0,2.0,29.0,2.0,1.0,2.0,4.0,0.0,2.0,7.0,1.0,0,2
2055,1649.0,1.0,74.0,2.0,2.0,7.0,8.0,0.0,4.0,2.0,4.0,0,0
2056,1650.0,2.0,32.0,1.0,1.0,2.0,5.0,0.0,1.0,7.4,1.0,0,2
2057,1651.0,2.0,66.0,5.0,1.0,2.0,2.0,0.0,2.0,5.0,2.0,0,0
2058,1652.0,1.0,62.0,3.0,3.0,2.0,5.0,0.0,2.0,7.0,7.0,1,0
2059,8876.0,1.0,62.0,3.0,3.0,2.0,5.0,0.0,2.0,7.0,7.0,1,0
2060,1653.0,2.0,32.0,2.0,3.0,2.0,8.0,1.0,1.0,8.0,8.0,1,1
2061,1654.0,1.0,57.0,2.0,2.0,3.0,5.0,0.0,2.0,6.0,4.0,0,0
2062,1655.0,1.0,84.0,2.0,1.0,7.0,8.0,0.0,4.0,4.0,2.0,0,0
2063,1656.0,2.0,39.0,2.0,4.0,2.0,8.0,2.0,4.0,4.0,6.0,1,1
2064,1657.0,2.0,55.0,1.0,2.0,2.0,4.0,0.0,2.0,4.0,4.0,0,0
2065,1658.0,2.0,30.0,5.0,1.0,5.0,1.0,0.0,3.0,6.0,1.0,0,2
2066,1659.0,1.0,67.0,4.0,2.0,7.0,6.0,0.0,4.0,4.0,4.0,0,0
2067,1660.0,2.0,37.0,4.0,4.0,2.0,5.0,2.0,2.0,7.0,6.0,1,1
2068,1661.0,2.0,52.0,1.0,4.0,2.0,7.0,0.0,1.0,3.0,7.0,1,1
2069,1662.0,1.0,37.0,3.0,2.0,1.0,5.0,0.0,1.0,5.0,3.0,0,2
2070,1663.0,2.0,68.0,5.0,1.0,7.0,1.0,0.0,5.0,3.0,2.0,0,0
2071,1664.0,1.0,57.0,5.0,1.0,2.0,8.0,0.0,5.0,2.0,2.0,0,0
2072,1665.0,2.0,68.0,3.0,2.0,7.0,3.0,0.0,5.0,2.0,4.0,0,0
2075,1667.0,2.0,55.0,5.0,3.0,2.0,8.0,1.0,3.0,4.0,6.0,1,1
2077,1669.0,1.0,52.0,5.0,4.0,2.0,5.0,0.0,3.0,4.0,7.0,1,1
2078,1670.0,2.0,35.0,5.0,1.0,2.0,4.0,0.0,3.0,4.0,1.0,0,2
2079,1671.0,2.0,62.0,5.0,2.0,4.0,3.0,0.0,5.0,2.0,4.0,0,0
2080,7551.0,2.0,62.0,5.0,2.0,4.0,3.0,0.0,5.0,2.0,4.0,0,0
2081,1672.0,2.0,70.0,4.0,1.0,7.0,3.0,0.0,3.0,4.0,2.0,0,0
2082,1673.0,1.0,62.0,4.0,2.0,2.0,4.0,0.0,3.0,3.0,4.0,0,0
2083,9185.0,2.0,44.0,2.0,5.0,9.0,8.0,2.0,4.0,3.0,6.0,-1,-1
2085,1675.0,2.0,34.0,4.0,3.0,2.0,8.0,1.0,1.0,8.0,5.0,1,1
2086,7552.0,2.0,50.0,4.0,4.0,2.0,8.0,0.0,2.0,4.0,7.0,1,1
2087,9186.0,2.0,50.0,4.0,4.0,2.0,8.0,0.0,2.0,4.0,7.0,1,1
2088,1676.0,2.0,50.0,4.0,4.0,2.0,8.0,0.0,2.0,4.0,7.0,1,1
2089,8877.0,2.0,50.0,4.0,4.0,2.0,8.0,0.0,2.0,4.0,7.0,1,1
2090,1677.0,2.0,63.0,2.0,1.0,4.0,3.0,0.0,3.0,8.0,2.0,0,0
2091,1678.0,1.0,67.0,2.0,2.0,7.0,2.0,0.0,5.0,2.0,4.0,0,0
2092,1679.0,2.0,37.0,1.0,4.0,2.0,5.0,2.0,2.0,4.0,6.0,1,1
2093,1680.0,2.0,20.0,3.0,3.0,8.0,4.0,0.0,2.0,5.6,7.0,1,1
2094,1681.0,2.0,52.0,4.0,3.0,5.0,8.0,0.0,2.0,4.0,7.0,1,0
2095,1682.0,2.0,44.0,5.0,2.0,1.0,8.0,1.0,2.0,2.0,9.0,1,1
2096,1683.0,1.0,30.0,3.0,4.0,2.0,5.0,0.0,1.0,6.0,7.0,1,1
2097,1684.0,2.0,49.0,5.0,3.0,9.0,3.0,1.0,5.0,3.0,7.0,1,1
2098,1685.0,1.0,33.0,5.0,2.0,2.0,3.0,0.0,2.0,4.0,3.0,0,2
2099,1686.0,1.0,58.0,2.0,4.0,3.0,5.0,0.0,2.0,6.0,7.0,1,1
2100,1687.0,2.0,49.0,1.0,2.0,4.0,4.0,0.0,2.0,4.0,4.0,0,0
2101,1688.0,2.0,66.0,2.0,2.0,9.0,5.0,0.0,5.0,3.0,9.0,1,0
2102,1689.0,1.0,24.0,5.0,3.0,8.0,8.0,0.0,2.0,6.0,7.0,1,1
2103,1690.0,2.0,72.0,5.0,1.0,7.0,8.0,0.0,2.0,6.0,2.0,0,0
2104,1691.0,2.0,67.0,1.0,2.0,7.0,5.0,0.0,3.0,7.0,4.0,0,0
2105,1692.0,1.0,49.0,4.0,4.0,2.0,6.0,1.0,1.0,8.0,6.0,1,1
2106,1693.0,1.0,56.0,3.0,3.0,2.0,5.0,0.0,2.0,4.0,7.0,1,0
2107,1694.0,2.0,56.0,5.0,1.0,3.0,5.0,0.0,3.0,4.0,2.0,0,0
2108,1695.0,2.0,74.0,5.0,1.0,7.0,8.0,0.0,5.0,3.0,2.0,0,0
2109,1696.0,1.0,69.0,4.0,2.0,7.0,4.0,0.0,5.0,3.0,4.0,0,0
2110,1697.0,1.0,69.0,2.0,2.0,7.0,4.0,0.0,4.0,4.0,4.0,0,0
2111,1698.0,2.0,35.0,4.0,4.0,2.0,6.0,2.0,1.0,8.0,5.0,1,1
2112,1699.0,1.0,73.0,2.0,2.0,7.0,4.0,0.0,2.0,6.0,4.0,0,0
2113,1700.0,2.0,21.0,5.0,4.0,2.0,4.0,0.0,3.0,5.0,7.0,-1,-1
2114,1701.0,1.0,68.0,2.0,2.0,7.0,6.0,0.0,3.0,5.0,4.0,0,0
2115,1702.0,1.0,69.0,2.0,2.0,7.0,3.0,0.0,5.0,2.0,4.0,0,0
2116,1703.0,1.0,76.0,3.0,2.0,7.0,4.0,0.0,2.0,6.0,4.0,0,0
2117,1704.0,1.0,22.0,2.0,2.0,8.0,8.0,0.0,4.0,4.0,9.0,-1,-1
2118,1705.0,1.0,69.0,1.0,1.0,7.0,2.0,0.0,4.0,4.0,2.0,0,0
2119,1706.0,1.0,70.0,4.0,2.0,1.0,5.0,0.0,1.0,6.0,4.0,0,0
2120,1707.0,1.0,47.0,3.0,4.0,2.0,8.0,1.0,4.0,2.0,6.0,1,1
2121,1708.0,2.0,52.0,2.0,1.0,2.0,5.0,0.0,2.0,6.0,2.0,0,0
2122,1709.0,1.0,33.0,5.0,4.0,2.0,3.0,2.0,2.0,6.0,5.0,1,1
2123,1710.0,2.0,34.0,5.0,4.0,2.0,4.0,2.0,3.0,6.6,5.0,1,1
2126,1712.0,1.0,63.0,1.0,2.0,5.0,8.0,0.0,4.0,4.0,4.0,0,0
2127,1713.0,1.0,32.0,2.0,2.0,2.0,5.0,0.0,1.0,7.0,3.0,0,2
2128,1714.0,2.0,19.0,5.0,2.0,8.0,2.0,0.0,3.0,3.0,9.0,-1,-1
2129,1715.0,1.0,81.0,4.0,2.0,7.0,2.0,0.0,5.0,2.0,4.0,0,0
2130,1716.0,1.0,65.0,2.0,2.0,5.0,5.0,0.0,4.0,2.0,4.0,0,0
2131,1717.0,2.0,29.0,1.0,1.0,2.0,4.0,0.0,1.0,8.0,1.0,0,2
2132,1718.0,2.0,70.0,2.0,1.0,7.0,8.0,0.0,4.0,4.0,2.0,0,0
2133,1719.0,2.0,32.0,2.0,2.0,2.0,2.0,0.0,2.0,6.4,3.0,0,2
2134,1720.0,1.0,31.0,3.0,2.0,2.0,6.0,0.0,2.0,4.0,3.0,0,2
2135,1721.0,2.0,48.0,5.0,4.0,2.0,4.0,2.0,3.0,4.0,6.0,1,1
2136,1722.0,1.0,35.0,3.0,1.0,2.0,3.0,0.0,2.0,7.0,1.0,0,2
2138,1724.0,1.0,45.0,2.0,4.0,2.0,4.0,2.0,4.0,2.0,6.0,1,1
2139,1725.0,1.0,70.0,2.0,1.0,7.0,8.0,0.0,2.0,6.0,2.0,0,0
2140,1726.0,1.0,73.0,5.0,1.0,7.0,2.0,0.0,2.0,4.0,2.0,0,0
2141,7553.0,2.0,52.0,3.0,6.0,1.0,5.0,2.0,3.0,4.0,6.0,1,1
2142,9554.0,2.0,52.0,3.0,6.0,1.0,5.0,2.0,3.0,4.0,6.0,1,1
2143,1727.0,2.0,52.0,3.0,6.0,1.0,5.0,2.0,3.0,4.0,6.0,1,1
2144,9556.0,2.0,52.0,3.0,6.0,1.0,5.0,2.0,3.0,4.0,6.0,1,1
2145,9187.0,2.0,52.0,3.0,6.0,1.0,5.0,2.0,3.0,4.0,6.0,1,1
2146,1728.0,2.0,55.0,5.0,1.0,2.0,2.0,0.0,4.0,4.0,2.0,0,0
2147,1729.0,1.0,68.0,1.0,2.0,7.0,7.0,0.0,2.0,6.0,4.0,0,0
2148,1730.0,1.0,63.0,5.0,1.0,4.0,2.0,0.0,5.0,3.0,2.0,0,0
2149,1731.0,2.0,59.0,5.0,2.0,9.0,8.0,0.0,4.0,3.0,4.0,0,0
2151,1733.0,1.0,40.0,2.0,1.0,2.0,4.0,0.0,2.0,7.0,1.0,0,2
2152,1734.0,2.0,62.0,1.0,4.0,2.0,5.0,0.0,1.0,7.0,9.0,1,1
2153,1735.0,2.0,25.0,4.0,2.0,2.0,5.0,0.0,1.0,5.8,3.0,0,2
2154,9188.0,2.0,25.0,4.0,2.0,2.0,5.0,0.0,1.0,5.0,3.0,0,2
2155,1736.0,2.0,67.0,5.0,2.0,7.0,3.0,0.0,5.0,2.0,9.0,1,0
2156,1737.0,1.0,65.0,4.0,3.0,7.0,5.0,0.0,2.0,6.0,7.0,1,0
2157,1738.0,2.0,27.0,2.0,2.0,2.0,5.0,0.0,1.0,6.0,3.0,0,2
2158,1739.0,2.0,68.0,1.0,1.0,7.0,3.0,0.0,5.0,3.0,2.0,0,0
2159,1740.0,2.0,79.0,5.0,1.0,7.0,3.0,0.0,5.0,3.0,2.0,0,0
2160,1741.0,1.0,71.0,5.0,2.0,7.0,3.0,0.0,4.0,4.0,4.0,0,0
2161,1742.0,1.0,68.0,5.0,1.0,7.0,4.0,0.0,4.0,4.0,2.0,0,0
2162,1743.0,2.0,47.0,4.0,4.0,3.0,6.0,2.0,1.0,7.0,8.0,1,1
2163,1744.0,1.0,50.0,1.0,2.0,2.0,5.0,0.0,2.0,7.0,3.0,0,0
2164,8878.0,2.0,54.0,1.0,3.0,4.0,8.0,0.0,4.0,5.0,9.0,1,1
2165,1745.0,2.0,54.0,1.0,3.0,4.0,8.0,0.0,4.0,5.0,9.0,1,1
2166,1746.0,2.0,36.0,3.0,5.0,2.0,8.0,3.0,3.0,5.0,6.0,1,1
2167,1747.0,1.0,44.0,2.0,4.0,2.0,8.0,2.0,1.0,8.0,6.0,1,1
2168,7554.0,1.0,44.0,2.0,4.0,2.0,8.0,2.0,1.0,8.0,6.0,1,1
2169,1748.0,1.0,71.0,5.0,1.0,7.0,2.0,0.0,5.0,2.0,2.0,0,0
2170,1749.0,1.0,35.0,4.0,1.0,2.0,3.0,0.0,4.0,2.0,1.0,0,2
2171,1750.0,1.0,63.0,5.0,1.0,3.0,4.0,0.0,3.0,4.0,2.0,0,0
2172,1751.0,1.0,75.0,5.0,2.0,7.0,5.0,0.0,2.0,6.0,4.0,0,0
2173,1752.0,1.0,75.0,2.0,2.0,7.0,4.0,0.0,3.0,5.0,4.0,0,0
2174,1753.0,2.0,47.0,2.0,6.0,1.0,7.0,4.0,1.0,2.0,6.0,2,1
2175,1754.0,1.0,55.0,4.0,4.0,2.0,8.0,0.0,4.0,2.0,7.0,1,1
2176,1755.0,2.0,32.0,5.0,1.0,2.0,2.0,0.0,1.0,8.0,1.0,0,2
2177,1756.0,2.0,33.0,3.0,3.0,2.0,8.0,0.0,3.0,5.0,7.0,1,1
2178,1757.0,1.0,70.0,2.0,2.0,7.0,8.0,0.0,4.0,3.0,4.0,0,0
2180,1759.0,2.0,38.0,2.0,4.0,97.0,6.0,2.0,5.0,3.6,6.0,-1,-1
2181,1760.0,1.0,47.0,2.0,6.0,1.0,6.0,4.0,1.0,7.0,6.0,-1,-1
2182,1761.0,1.0,67.0,2.0,3.0,7.0,4.0,0.0,4.0,4.0,7.0,1,0
2183,1762.0,1.0,75.0,1.0,2.0,7.0,5.0,0.0,1.0,8.0,4.0,0,0
2184,1763.0,2.0,31.0,4.0,5.0,9.0,8.0,3.0,3.0,4.0,5.0,-1,-1
2185,7555.0,2.0,31.0,4.0,5.0,9.0,8.0,3.0,3.0,4.0,5.0,-1,-1
2186,1764.0,2.0,59.0,4.0,1.0,4.0,2.0,0.0,5.0,3.0,2.0,0,0
2188,1766.0,2.0,79.0,5.0,2.0,7.0,8.0,0.0,5.0,2.0,4.0,0,0
2189,1767.0,1.0,55.0,4.0,5.0,2.0,5.0,3.0,1.0,7.0,5.0,1,1
2190,1768.0,2.0,73.0,1.0,1.0,7.0,2.0,0.0,5.0,2.0,2.0,0,0
2191,1769.0,1.0,49.0,4.0,1.0,2.0,8.0,0.0,4.0,2.0,2.0,0,0
2192,1770.0,1.0,63.0,4.0,2.0,4.0,4.0,0.0,4.0,4.0,4.0,0,0
2193,7556.0,1.0,63.0,4.0,2.0,4.0,4.0,0.0,4.0,4.0,4.0,0,0
2195,1772.0,2.0,27.0,3.0,2.0,2.0,4.0,0.0,1.0,8.0,3.0,0,2
2196,1773.0,1.0,76.0,1.0,2.0,7.0,1.0,0.0,5.0,2.0,4.0,0,0
2197,1774.0,1.0,29.0,4.0,1.0,2.0,1.0,0.0,3.0,7.2,1.0,0,2
2198,1775.0,2.0,52.0,3.0,4.0,2.0,4.0,0.0,3.0,4.0,7.0,1,1
2199,1776.0,2.0,33.0,3.0,4.0,2.0,4.0,2.0,1.0,8.0,5.0,1,1
2200,1777.0,1.0,31.0,3.0,2.0,3.0,5.0,0.0,2.0,5.0,3.0,0,2
2201,1778.0,2.0,23.0,1.0,3.0,8.0,8.0,0.0,5.0,2.0,9.0,1,1
2202,1779.0,1.0,39.0,4.0,2.0,2.0,3.0,0.0,5.0,6.0,3.0,0,2
2203,1780.0,1.0,36.0,3.0,2.0,1.0,2.0,0.0,2.0,7.0,3.0,0,2
2204,1781.0,2.0,33.0,4.0,5.0,2.0,5.0,3.0,1.0,6.0,5.0,1,1
2205,1782.0,2.0,27.0,5.0,3.0,2.0,5.0,0.0,2.0,8.0,7.0,1,1
2206,1783.0,2.0,31.0,2.0,2.0,2.0,4.0,0.0,1.0,8.0,3.0,0,2
2207,7557.0,2.0,29.0,5.0,3.0,2.0,6.0,1.0,1.0,6.0,5.0,1,1
2208,1784.0,2.0,29.0,5.0,3.0,2.0,6.0,1.0,1.0,6.0,5.0,1,1
2209,1785.0,1.0,69.0,1.0,1.0,7.0,2.0,0.0,5.0,2.0,2.0,0,0
2210,1786.0,2.0,39.0,5.0,3.0,2.0,4.0,1.0,1.0,4.0,6.0,1,1
2211,1787.0,1.0,35.0,5.0,5.0,3.0,5.0,3.0,2.0,6.0,5.0,1,1
2212,1788.0,2.0,44.0,2.0,1.0,2.0,2.0,0.0,2.0,5.0,1.0,0,2
2213,1789.0,1.0,64.0,2.0,1.0,2.0,5.0,0.0,3.0,4.0,2.0,0,0
2214,8879.0,2.0,29.0,4.0,2.0,2.0,5.0,0.0,2.0,7.0,3.0,0,2
2215,1790.0,2.0,29.0,4.0,2.0,2.0,5.0,0.0,2.0,7.0,3.0,0,2
2216,1791.0,2.0,38.0,4.0,3.0,2.0,6.0,1.0,2.0,6.0,5.0,1,1
2217,1792.0,1.0,28.0,4.0,2.0,2.0,8.0,0.0,1.0,8.0,3.0,0,2
2218,1793.0,2.0,45.0,5.0,2.0,6.0,2.0,1.0,5.0,2.0,9.0,1,1
2219,1794.0,2.0,53.0,4.0,2.0,2.0,8.0,0.0,3.0,4.0,4.0,0,0
2223,1797.0,1.0,74.0,2.0,2.0,7.0,4.0,0.0,5.0,3.0,4.0,0,0
2224,1798.0,2.0,59.0,4.0,2.0,4.0,7.0,0.0,1.0,7.0,4.0,0,0
2225,9189.0,2.0,57.0,5.0,4.0,9.0,8.0,0.0,2.0,4.0,7.0,1,1
2226,8880.0,2.0,57.0,5.0,4.0,9.0,8.0,0.0,2.0,4.0,7.0,1,1
2227,1799.0,2.0,57.0,5.0,4.0,9.0,8.0,0.0,2.0,4.0,7.0,1,1
2228,1800.0,2.0,41.0,4.0,1.0,2.0,8.0,0.0,3.0,4.0,1.0,0,2
2229,1801.0,2.0,48.0,2.0,3.0,2.0,4.0,0.0,2.0,6.0,9.0,1,1
2230,1802.0,1.0,64.0,4.0,2.0,5.0,4.0,0.0,3.0,7.0,4.0,0,0
2231,1803.0,2.0,52.0,4.0,3.0,9.0,8.0,0.0,2.0,2.0,7.0,1,0
2232,9665.0,1.0,19.0,2.0,6.0,8.0,5.0,3.0,2.0,5.0,6.0,-1,-1
2233,1804.0,1.0,72.0,4.0,2.0,7.0,3.0,0.0,5.0,2.0,4.0,0,0
2234,1805.0,1.0,26.0,2.0,7.0,2.0,6.0,1.0,1.0,7.0,7.0,-1,-1
2235,1806.0,1.0,58.0,4.0,4.0,2.0,6.0,0.0,2.0,4.0,7.0,1,1
2236,1807.0,1.0,80.0,5.0,1.0,7.0,3.0,0.0,3.0,5.0,2.0,0,0
2237,1808.0,2.0,58.0,2.0,1.0,4.0,2.0,0.0,5.0,3.0,2.0,0,0
2238,1809.0,2.0,59.0,4.0,3.0,5.0,4.0,0.0,4.0,3.0,7.0,1,0
2239,1810.0,2.0,31.0,3.0,4.0,9.0,8.0,2.0,5.0,2.0,5.0,1,1
2240,1811.0,2.0,70.0,5.0,1.0,7.0,2.0,0.0,5.0,2.0,2.0,0,0
2241,9190.0,1.0,48.0,4.0,4.0,2.0,4.0,1.0,2.0,7.0,6.0,1,1
2242,1812.0,1.0,48.0,4.0,4.0,2.0,4.0,1.0,2.0,7.0,6.0,1,1
2243,8881.0,1.0,48.0,4.0,4.0,2.0,4.0,1.0,2.0,7.0,6.0,1,1
2244,1813.0,2.0,25.0,5.0,1.0,2.0,3.0,0.0,1.0,7.0,1.0,0,2
2245,1814.0,2.0,77.0,3.0,1.0,7.0,3.0,0.0,2.0,6.0,2.0,0,0
2246,1815.0,2.0,48.0,2.0,4.0,1.0,4.0,0.0,1.0,4.0,9.0,1,1
2247,8882.0,2.0,48.0,2.0,4.0,1.0,4.0,0.0,1.0,4.0,9.0,1,1
2248,1816.0,2.0,59.0,5.0,1.0,4.0,2.0,0.0,4.0,4.0,2.0,0,0
2250,1818.0,2.0,69.0,1.0,2.0,7.0,8.0,0.0,3.0,4.6,4.0,0,0
2251,7558.0,2.0,69.0,1.0,2.0,7.0,8.0,0.0,3.0,5.0,4.0,0,0
2252,1819.0,1.0,33.0,2.0,2.0,3.0,5.0,0.0,1.0,8.0,3.0,0,2
2253,1820.0,2.0,65.0,1.0,3.0,2.0,1.0,0.0,3.0,7.0,9.0,1,0
2254,7559.0,2.0,49.0,4.0,1.0,4.0,1.0,0.0,4.0,4.0,2.0,0,0
2255,1821.0,1.0,68.0,5.0,2.0,7.0,4.0,0.0,4.0,4.0,4.0,0,0
2256,1822.0,1.0,56.0,2.0,5.0,2.0,5.0,1.0,3.0,4.0,6.0,1,1
2257,1823.0,1.0,33.0,2.0,3.0,2.0,4.0,1.0,1.0,8.0,5.0,1,1
2258,1824.0,2.0,52.0,2.0,2.0,2.0,1.0,0.0,3.0,3.0,9.0,1,0
2259,1825.0,1.0,48.0,1.0,2.0,2.0,1.0,0.0,4.0,2.0,4.0,0,0
2260,1826.0,1.0,40.0,5.0,3.0,2.0,6.0,1.0,1.0,4.0,5.0,1,1
2261,1827.0,2.0,27.0,2.0,4.0,3.0,5.0,2.0,2.0,7.0,5.0,1,1
2262,1828.0,1.0,26.0,2.0,4.0,8.0,5.0,0.0,3.0,7.0,7.0,1,1
2263,1829.0,1.0,49.0,4.0,4.0,2.0,7.0,2.0,1.0,3.4,6.0,1,1
2264,7560.0,1.0,62.0,2.0,2.0,2.0,3.0,0.0,3.0,4.0,4.0,0,0
2265,1830.0,1.0,62.0,2.0,2.0,2.0,3.0,0.0,3.0,4.0,4.0,0,0
2267,1832.0,2.0,72.0,5.0,2.0,9.0,2.0,0.0,4.0,2.0,4.0,0,0
2268,1833.0,1.0,62.0,4.0,2.0,4.0,3.0,0.0,2.0,2.0,4.0,0,0
2269,1834.0,2.0,60.0,3.0,2.0,1.0,8.0,0.0,2.0,4.0,4.0,0,0
2270,1835.0,2.0,69.0,2.0,2.0,7.0,3.0,0.0,5.0,3.0,4.0,0,0
2272,1837.0,2.0,68.0,4.0,2.0,9.0,2.0,0.0,5.0,2.0,4.0,0,0
2273,1838.0,1.0,60.0,4.0,1.0,1.0,2.0,0.0,1.0,5.0,2.0,0,0
2274,1839.0,2.0,60.0,1.0,1.0,4.0,3.0,0.0,4.0,3.0,2.0,0,0
2275,1840.0,2.0,27.0,2.0,2.0,2.0,3.0,0.0,2.0,4.0,3.0,0,2
2276,1841.0,2.0,65.0,5.0,2.0,7.0,8.0,0.0,5.0,2.0,4.0,0,0
2277,1842.0,2.0,44.0,2.0,4.0,2.0,3.0,0.0,4.0,5.6,7.0,1,1
2278,9191.0,2.0,44.0,2.0,4.0,2.0,3.0,0.0,4.0,4.8,7.0,1,1
2279,1843.0,1.0,30.0,4.0,3.0,2.0,3.0,0.0,1.0,8.0,7.0,1,1
2281,1845.0,2.0,24.0,3.0,2.0,2.0,4.0,0.0,5.0,4.0,3.0,0,2
2282,1846.0,2.0,32.0,2.0,1.0,2.0,8.0,0.0,3.0,4.0,1.0,0,2
2283,1847.0,2.0,70.0,2.0,2.0,7.0,8.0,0.0,2.0,3.0,4.0,0,0
2284,1848.0,2.0,55.0,2.0,1.0,2.0,2.0,0.0,2.0,5.0,2.0,0,0
2285,1849.0,1.0,31.0,5.0,2.0,2.0,4.0,0.0,1.0,5.0,3.0,0,2
2286,1850.0,1.0,26.0,5.0,2.0,2.0,5.0,0.0,1.0,8.0,3.0,0,2
2287,1851.0,1.0,28.0,1.0,2.0,5.0,2.0,0.0,1.0,8.0,3.0,0,2
2288,9192.0,1.0,42.0,2.0,4.0,2.0,5.0,2.0,2.0,6.0,6.0,1,1
2289,1852.0,1.0,42.0,2.0,4.0,2.0,5.0,2.0,2.0,6.0,6.0,1,1
2290,7561.0,1.0,42.0,2.0,4.0,2.0,5.0,2.0,2.0,6.0,6.0,1,1
2291,1853.0,2.0,28.0,5.0,1.0,2.0,2.0,0.0,1.0,7.0,1.0,0,2
2292,1854.0,2.0,30.0,4.0,2.0,2.0,5.0,0.0,2.0,7.0,3.0,0,2
2293,9193.0,2.0,71.0,1.0,2.0,7.0,3.0,0.0,5.0,3.0,4.0,0,0
2294,1855.0,2.0,71.0,1.0,2.0,7.0,3.0,0.0,5.0,3.0,4.0,0,0
2295,1856.0,1.0,26.0,4.0,2.0,2.0,2.0,0.0,2.0,7.0,3.0,0,2
2296,1857.0,1.0,55.0,4.0,2.0,2.0,7.0,0.0,2.0,5.0,4.0,0,0
2297,1858.0,2.0,41.0,4.0,2.0,2.0,8.0,0.0,1.0,8.0,3.0,0,2
2298,7562.0,2.0,61.0,4.0,2.0,1.0,4.0,0.0,1.0,4.0,4.0,0,0
2299,1859.0,2.0,61.0,4.0,2.0,1.0,4.0,0.0,1.0,4.0,4.0,0,0
2300,1860.0,1.0,25.0,1.0,1.0,8.0,8.0,0.0,3.0,6.0,1.0,0,2
2301,1861.0,2.0,25.0,4.0,2.0,3.0,6.0,0.0,1.0,8.0,3.0,0,2
2302,1862.0,2.0,27.0,2.0,2.0,2.0,5.0,0.0,2.0,7.0,3.0,0,2
2305,1864.0,2.0,66.0,2.0,2.0,7.0,4.0,0.0,5.0,3.0,4.0,0,0
2306,7563.0,2.0,66.0,2.0,2.0,7.0,4.0,0.0,5.0,3.0,4.0,0,0
2307,1865.0,2.0,26.0,4.0,2.0,4.0,2.0,0.0,5.0,7.0,3.0,0,2
2308,1866.0,2.0,28.0,2.0,1.0,2.0,2.0,0.0,2.0,6.0,1.0,0,2
2309,1867.0,2.0,26.0,2.0,1.0,2.0,8.0,0.0,2.0,6.0,1.0,0,2
2310,1868.0,2.0,28.0,2.0,3.0,2.0,3.0,1.0,2.0,6.0,5.0,1,1
2311,1869.0,1.0,24.0,5.0,5.0,8.0,4.0,0.0,2.0,6.0,7.0,1,1
2312,1870.0,2.0,27.0,4.0,1.0,2.0,4.0,0.0,1.0,8.0,1.0,0,2
2313,1871.0,2.0,57.0,2.0,2.0,2.0,7.0,0.0,1.0,6.0,4.0,0,0
2314,1872.0,2.0,25.0,4.0,2.0,2.0,5.0,0.0,2.0,7.0,3.0,0,2
2315,1873.0,1.0,24.0,2.0,1.0,2.0,3.0,0.0,1.0,8.0,1.0,0,2
2316,1874.0,2.0,27.0,2.0,1.0,8.0,1.0,0.0,3.0,6.0,1.0,0,2
2317,1875.0,2.0,26.0,3.0,2.0,3.0,6.0,0.0,2.0,6.0,3.0,0,2
2318,1876.0,2.0,37.0,5.0,3.0,2.0,4.0,1.0,2.0,6.0,6.0,1,1
2319,1877.0,1.0,38.0,2.0,1.0,5.0,5.0,0.0,4.0,4.0,1.0,0,2
2320,1878.0,1.0,44.0,1.0,3.0,2.0,2.0,0.0,4.0,2.0,7.0,1,0
2321,1879.0,1.0,47.0,2.0,4.0,1.0,5.0,2.0,2.0,4.0,6.0,1,1
2322,1880.0,2.0,46.0,4.0,4.0,2.0,6.0,1.0,1.0,6.0,9.0,1,1
2323,1881.0,2.0,63.0,2.0,1.0,2.0,5.0,0.0,2.0,6.0,2.0,0,0
2324,1882.0,1.0,74.0,2.0,2.0,7.0,5.0,0.0,1.0,8.0,4.0,0,0
2325,1883.0,2.0,68.0,2.0,2.0,9.0,5.0,0.0,4.0,3.0,4.0,0,0
2326,1884.0,2.0,81.0,4.0,1.0,9.0,2.0,0.0,4.0,5.0,2.0,0,0
2327,1885.0,1.0,52.0,5.0,4.0,2.0,4.0,1.0,2.0,4.0,6.0,1,1
2328,1886.0,2.0,29.0,2.0,3.0,2.0,4.0,1.0,1.0,6.0,5.0,1,1
2329,1887.0,2.0,36.0,5.0,4.0,2.0,8.0,2.0,4.0,5.0,6.0,1,1
2330,1888.0,1.0,75.0,5.0,2.0,7.0,2.0,0.0,5.0,2.0,4.0,0,0
2331,8883.0,2.0,46.0,2.0,4.0,9.0,3.0,2.0,4.0,3.0,6.0,1,1
2332,1889.0,2.0,46.0,2.0,4.0,9.0,3.0,2.0,4.0,3.0,6.0,1,1
2333,9195.0,2.0,46.0,2.0,4.0,9.0,3.0,2.0,4.0,3.0,6.0,1,1
2334,1890.0,2.0,47.0,4.0,5.0,2.0,5.0,2.0,1.0,8.0,8.0,1,1
2335,1891.0,1.0,72.0,5.0,2.0,7.0,5.0,0.0,3.0,4.0,4.0,0,0
2336,1892.0,1.0,66.0,4.0,2.0,2.0,3.0,0.0,4.0,3.0,4.0,0,0
2337,9587.0,1.0,58.0,4.0,3.0,2.0,5.0,0.0,2.0,6.0,7.0,1,0
2338,1893.0,2.0,46.0,4.0,2.0,4.0,1.0,0.0,3.0,2.0,4.0,0,0
2339,1894.0,2.0,26.0,2.0,1.0,8.0,1.0,0.0,5.0,3.0,1.0,0,2
2340,1895.0,2.0,91.0,3.0,1.0,7.0,2.0,0.0,5.0,2.0,2.0,0,0
2342,1897.0,2.0,36.0,4.0,1.0,2.0,3.0,0.0,3.0,4.0,1.0,0,2
2343,1898.0,2.0,37.0,5.0,3.0,2.0,4.0,1.0,1.0,8.0,8.0,1,1
2344,1899.0,1.0,73.0,4.0,2.0,7.0,5.0,0.0,2.0,6.0,4.0,0,0
2345,1900.0,2.0,38.0,1.0,2.0,2.0,5.0,0.0,1.0,5.0,3.0,0,2
2346,1901.0,2.0,58.0,2.0,2.0,3.0,8.0,0.0,3.0,4.0,9.0,1,0
2347,1902.0,2.0,71.0,2.0,2.0,9.0,2.0,0.0,5.0,3.0,4.0,0,0
2348,8884.0,2.0,71.0,2.0,2.0,9.0,2.0,0.0,5.0,3.0,4.0,0,0
2349,1903.0,1.0,68.0,4.0,2.0,7.0,5.0,0.0,2.0,6.0,4.0,0,0
2350,1904.0,2.0,63.0,4.0,1.0,1.0,1.0,0.0,1.0,7.0,2.0,0,0
2351,1905.0,2.0,67.0,2.0,1.0,7.0,4.0,0.0,2.0,6.0,2.0,0,0
2352,1906.0,2.0,60.0,1.0,2.0,3.0,5.0,0.0,2.0,4.0,9.0,1,0
2353,1907.0,2.0,61.0,4.0,2.0,2.0,5.0,0.0,3.0,4.0,4.0,0,0
2354,1908.0,2.0,37.0,4.0,4.0,6.0,1.0,2.0,3.0,4.0,6.0,1,1
2356,1910.0,2.0,64.0,5.0,2.0,9.0,2.0,0.0,5.0,3.0,4.0,0,0
2357,1911.0,1.0,57.0,1.0,2.0,2.0,5.0,1.0,2.0,6.0,8.0,1,0
2358,1912.0,1.0,55.0,4.0,1.0,3.0,5.0,0.0,2.0,4.0,2.0,0,0
2359,1913.0,2.0,50.0,2.0,2.0,6.0,2.0,1.0,5.0,3.0,9.0,1,0
2360,1914.0,2.0,45.0,1.0,3.0,3.0,6.0,1.0,1.0,8.0,8.0,1,1
2361,1915.0,2.0,67.0,2.0,1.0,7.0,2.0,0.0,5.0,3.0,2.0,0,0
2362,1916.0,2.0,73.0,5.0,2.0,7.0,2.0,0.0,5.0,2.0,4.0,0,0
2363,1917.0,1.0,78.0,4.0,2.0,7.0,3.0,0.0,2.0,6.0,4.0,0,0
2364,7564.0,2.0,55.0,5.0,2.0,4.0,4.0,0.0,4.0,4.0,4.0,0,0
2365,1918.0,2.0,55.0,5.0,2.0,4.0,4.0,0.0,4.0,4.0,4.0,0,0
2366,1919.0,1.0,72.0,5.0,2.0,2.0,3.0,0.0,1.0,7.0,4.0,0,0
2367,1920.0,2.0,31.0,3.0,2.0,5.0,2.0,0.0,3.0,8.0,3.0,0,2
2368,1921.0,2.0,49.0,2.0,1.0,2.0,4.0,0.0,2.0,5.0,2.0,0,0
2369,1922.0,1.0,48.0,3.0,5.0,1.0,4.0,3.0,1.0,6.0,5.0,1,1
2370,1923.0,1.0,65.0,2.0,3.0,7.0,5.0,0.0,5.0,3.0,7.0,1,0
2371,1924.0,1.0,40.0,1.0,3.0,2.0,4.0,1.0,3.0,3.0,6.0,1,1
2372,1925.0,1.0,56.0,4.0,4.0,2.0,5.0,1.0,2.0,4.0,6.0,1,1
2373,1926.0,2.0,65.0,4.0,1.0,2.0,2.0,0.0,4.0,3.0,2.0,0,0
2374,1927.0,1.0,59.0,4.0,2.0,3.0,5.0,0.0,1.0,8.0,4.0,0,0
2375,1928.0,1.0,80.0,2.0,2.0,7.0,5.0,0.0,3.0,5.0,4.0,0,0
2376,1929.0,1.0,69.0,5.0,2.0,7.0,4.0,0.0,2.0,7.0,4.0,0,0
2377,1930.0,1.0,69.0,2.0,2.0,7.0,5.0,0.0,5.0,2.0,4.0,0,0
2378,1931.0,2.0,70.0,5.0,1.0,9.0,2.0,0.0,5.0,1.0,2.0,0,0
2379,1932.0,2.0,78.0,4.0,1.0,7.0,2.0,0.0,5.0,3.0,2.0,0,0
2380,1933.0,1.0,74.0,5.0,2.0,7.0,5.0,0.0,5.0,3.0,4.0,0,0
2381,7565.0,2.0,51.0,2.0,3.0,2.0,8.0,0.0,2.0,5.2,7.0,1,0
2382,1934.0,2.0,51.0,2.0,3.0,2.0,8.0,0.0,2.0,4.8,7.0,1,0
2383,1935.0,2.0,36.0,4.0,1.0,2.0,3.0,0.0,2.0,6.0,1.0,0,2
2385,1936.0,2.0,31.0,4.0,4.0,2.0,8.0,2.0,2.0,8.0,5.0,1,1
2386,9515.0,2.0,31.0,4.0,4.0,2.0,8.0,2.0,2.0,8.0,5.0,1,1
2387,1937.0,2.0,42.0,1.0,3.0,2.0,5.0,1.0,1.0,5.0,6.0,1,1
2388,1938.0,2.0,68.0,2.0,3.0,7.0,2.0,0.0,4.0,4.0,8.0,1,0
2389,1939.0,2.0,26.0,2.0,1.0,2.0,2.0,0.0,2.0,7.0,1.0,0,2
2390,1940.0,2.0,39.0,2.0,2.0,2.0,5.0,0.0,1.0,8.0,3.0,0,2
2391,1941.0,1.0,52.0,2.0,3.0,2.0,5.0,0.0,2.0,4.0,7.0,1,0
2392,1942.0,2.0,65.0,1.0,2.0,2.0,8.0,0.0,4.0,4.0,4.0,0,0
2393,1943.0,2.0,61.0,2.0,1.0,6.0,1.0,0.0,4.0,4.0,2.0,0,0
2394,1944.0,1.0,69.0,2.0,2.0,7.0,7.0,0.0,1.0,8.0,4.0,0,0
2395,1945.0,2.0,55.0,3.0,2.0,2.0,6.0,0.0,3.0,3.0,4.0,0,0
2396,1946.0,2.0,62.0,1.0,2.0,2.0,7.0,0.0,1.0,8.0,4.0,0,0
2397,1947.0,2.0,41.0,3.0,3.0,9.0,8.0,1.0,4.0,2.0,6.0,1,1
2398,1948.0,1.0,73.0,4.0,1.0,7.0,4.0,0.0,2.0,5.0,2.0,0,0
2399,1949.0,1.0,24.0,1.0,4.0,2.0,8.0,1.0,4.0,4.0,6.0,-1,-1
2400,1950.0,1.0,66.0,4.0,2.0,1.0,4.0,0.0,1.0,4.0,4.0,0,0
2401,1951.0,2.0,52.0,3.0,4.0,2.0,3.0,1.0,4.0,4.0,6.0,1,1
2402,1952.0,2.0,38.0,4.0,6.0,3.0,5.0,4.0,1.0,6.0,8.0,2,1
2403,1953.0,2.0,63.0,5.0,2.0,2.0,8.0,0.0,4.0,3.0,4.0,0,0
2404,1954.0,1.0,54.0,2.0,4.0,1.0,7.0,1.0,1.0,8.0,7.0,1,1
2405,1955.0,1.0,32.0,2.0,2.0,2.0,5.0,0.0,2.0,7.0,3.0,0,2
2406,1956.0,2.0,53.0,2.0,1.0,2.0,3.0,0.0,2.0,5.0,2.0,0,0
2407,7566.0,1.0,77.0,1.0,2.0,7.0,5.0,0.0,2.0,6.0,4.0,0,0
2408,1957.0,1.0,77.0,1.0,2.0,7.0,5.0,0.0,2.0,6.0,4.0,0,0
2409,1958.0,1.0,68.0,2.0,2.0,2.0,8.0,0.0,2.0,6.0,4.0,0,0
2410,1959.0,2.0,31.0,3.0,4.0,2.0,5.0,2.0,3.0,4.0,6.0,1,1
2411,1960.0,2.0,64.0,4.0,2.0,4.0,3.0,0.0,5.0,3.0,4.0,0,0
2412,7567.0,2.0,56.0,4.0,4.0,2.0,6.0,1.0,4.0,7.0,6.0,1,1
2413,8885.0,2.0,56.0,4.0,4.0,2.0,6.0,1.0,4.0,7.0,6.0,1,1
2414,9196.0,2.0,56.0,4.0,4.0,2.0,6.0,1.0,4.0,7.0,6.0,1,1
2415,1961.0,2.0,56.0,4.0,4.0,2.0,6.0,1.0,4.0,7.0,6.0,1,1
2416,1962.0,2.0,65.0,4.0,2.0,1.0,4.0,0.0,3.0,2.0,4.0,0,0
2417,1963.0,2.0,26.0,1.0,2.0,1.0,5.0,0.0,1.0,4.0,3.0,0,2
2418,1964.0,1.0,47.0,2.0,5.0,2.0,6.0,2.0,1.0,8.0,8.0,1,1
2419,1965.0,2.0,68.0,2.0,2.0,7.0,8.0,0.0,3.0,2.0,4.0,0,0
2420,1966.0,2.0,32.0,4.0,4.0,2.0,8.0,2.0,1.0,6.0,5.0,1,1
2421,9588.0,1.0,56.0,5.0,1.0,2.0,4.0,0.0,4.0,2.0,2.0,0,0
2422,7568.0,1.0,67.0,5.0,3.0,7.0,7.0,0.0,4.0,2.0,9.0,1,0
2423,8886.0,1.0,67.0,5.0,3.0,7.0,7.0,0.0,4.0,2.0,9.0,1,0
2424,1967.0,1.0,67.0,5.0,3.0,7.0,7.0,0.0,4.0,2.0,9.0,1,0
2425,1968.0,1.0,50.0,2.0,4.0,2.0,5.0,2.0,2.0,7.0,8.0,1,1
2426,1969.0,2.0,49.0,5.0,4.0,2.0,6.0,2.0,2.0,6.2,6.0,1,1
2427,1970.0,2.0,54.0,5.0,3.0,1.0,4.0,1.0,2.0,4.0,6.0,1,1
2428,1971.0,2.0,56.0,4.0,3.0,3.0,8.0,0.0,1.0,4.0,7.0,1,0
2429,8887.0,2.0,20.0,2.0,5.0,8.0,2.0,2.0,5.0,4.0,6.0,-1,-1
2430,1972.0,2.0,60.0,1.0,2.0,2.0,3.0,0.0,1.0,4.0,9.0,1,0
2431,1973.0,2.0,36.0,5.0,4.0,2.0,4.0,2.0,3.0,4.0,6.0,1,1
2432,1974.0,1.0,87.0,1.0,2.0,7.0,4.0,0.0,1.0,8.0,4.0,0,0
2433,1975.0,2.0,56.0,2.0,3.0,2.0,7.0,0.0,1.0,4.0,7.0,1,0
2434,1976.0,2.0,62.0,2.0,2.0,2.0,8.0,0.0,2.0,4.0,4.0,0,0
2435,1977.0,1.0,47.0,1.0,2.0,2.0,7.0,0.0,1.0,8.0,4.0,0,2
2436,1978.0,1.0,72.0,3.0,2.0,7.0,3.0,0.0,5.0,1.0,4.0,0,0
2437,1979.0,2.0,61.0,1.0,1.0,6.0,1.0,0.0,4.0,4.0,2.0,0,0
2438,9197.0,2.0,76.0,5.0,2.0,7.0,8.0,0.0,1.0,6.0,4.0,0,0
2439,1980.0,1.0,72.0,5.0,2.0,7.0,3.0,0.0,4.0,3.0,4.0,0,0
2440,1981.0,1.0,76.0,5.0,2.0,7.0,3.0,0.0,2.0,6.0,4.0,0,0
2441,1982.0,2.0,57.0,4.0,1.0,2.0,2.0,0.0,2.0,4.0,2.0,0,0
2442,1983.0,1.0,38.0,4.0,2.0,2.0,5.0,1.0,2.0,7.0,8.0,1,1
2443,1984.0,1.0,64.0,2.0,2.0,2.0,7.0,0.0,3.0,3.0,4.0,0,0
2444,1985.0,1.0,42.0,2.0,5.0,2.0,7.0,3.0,1.0,8.0,6.0,1,1
2445,1986.0,2.0,32.0,4.0,3.0,2.0,5.0,1.0,1.0,7.0,8.0,1,1
2446,7569.0,2.0,66.0,3.0,2.0,7.0,2.0,0.0,5.0,2.0,4.0,0,0
2447,1987.0,1.0,49.0,1.0,4.0,2.0,5.0,2.0,2.0,4.0,6.0,1,1
2449,1989.0,2.0,47.0,5.0,1.0,9.0,1.0,0.0,5.0,1.0,2.0,0,0
2450,1990.0,2.0,69.0,5.0,1.0,7.0,3.0,0.0,2.0,6.0,2.0,0,0
2451,1991.0,2.0,36.0,2.0,3.0,3.0,8.0,1.0,2.0,7.0,8.0,1,1
2452,1992.0,2.0,70.0,1.0,1.0,7.0,3.0,0.0,1.0,8.0,2.0,0,0
2453,1993.0,2.0,37.0,2.0,1.0,1.0,3.0,0.0,1.0,6.6,1.0,0,2
2454,1994.0,1.0,48.0,2.0,4.0,2.0,5.0,2.0,3.0,4.0,6.0,1,1
2455,9198.0,1.0,48.0,2.0,4.0,2.0,5.0,2.0,3.0,4.0,6.0,1,1
2456,8888.0,1.0,48.0,2.0,4.0,2.0,5.0,2.0,3.0,4.0,6.0,1,1
2457,1995.0,1.0,31.0,4.0,4.0,3.0,5.0,2.0,2.0,7.0,5.0,1,1
2458,9415.0,1.0,53.0,1.0,4.0,2.0,5.0,1.0,4.0,3.0,9.0,1,1
2459,1996.0,1.0,53.0,1.0,4.0,2.0,5.0,1.0,4.0,3.0,9.0,1,1
2460,1997.0,2.0,51.0,4.0,4.0,2.0,4.0,1.0,4.0,5.0,7.0,1,1
2461,1998.0,2.0,54.0,4.0,3.0,2.0,4.0,0.0,3.0,6.0,7.0,1,0
2462,1999.0,1.0,55.0,2.0,4.0,2.0,3.0,2.0,4.0,4.6,6.0,1,1
2463,2000.0,1.0,73.0,4.0,2.0,7.0,5.0,0.0,5.0,3.0,4.0,0,0
2464,2001.0,1.0,43.0,2.0,4.0,2.0,5.0,2.0,1.0,4.0,6.0,1,1
2465,2002.0,2.0,57.0,5.0,1.0,2.0,1.0,0.0,2.0,5.0,2.0,0,0
2466,2003.0,1.0,74.0,2.0,2.0,7.0,5.0,0.0,2.0,4.0,4.0,0,0
2467,2004.0,1.0,82.0,2.0,2.0,7.0,5.0,0.0,5.0,3.0,4.0,0,0
2468,2005.0,1.0,59.0,4.0,2.0,2.0,6.0,0.0,2.0,6.0,4.0,0,0
2469,2006.0,1.0,43.0,4.0,2.0,2.0,2.0,0.0,5.0,5.0,3.0,0,0
2470,9544.0,2.0,51.0,1.0,2.0,1.0,2.0,1.0,1.0,4.0,9.0,1,1
2471,2007.0,2.0,51.0,1.0,2.0,1.0,2.0,1.0,1.0,4.0,9.0,1,1
2472,2008.0,1.0,64.0,2.0,2.0,2.0,3.0,0.0,4.0,1.0,4.0,0,0
2473,2009.0,1.0,27.0,2.0,3.0,8.0,8.0,0.0,1.0,5.0,7.0,1,1
2474,2010.0,2.0,45.0,4.0,1.0,1.0,2.0,0.0,1.0,3.0,2.0,0,2
2475,2011.0,2.0,35.0,2.0,2.0,2.0,3.0,0.0,2.0,4.0,3.0,0,2
2476,2012.0,2.0,49.0,3.0,5.0,2.0,8.0,1.0,3.0,4.0,6.0,1,1
2477,2013.0,2.0,47.0,4.0,3.0,4.0,8.0,0.0,3.0,4.0,7.0,1,1
2478,2014.0,1.0,82.0,5.0,2.0,7.0,5.0,0.0,3.0,5.0,4.0,0,0
2479,2015.0,2.0,25.0,2.0,3.0,8.0,8.0,0.0,2.0,7.0,7.0,1,1
2480,2016.0,2.0,25.0,2.0,4.0,5.0,6.0,0.0,2.0,7.0,7.0,1,1
2481,2017.0,2.0,36.0,3.0,4.0,2.0,5.0,2.0,3.0,7.0,6.0,1,1
2482,7570.0,2.0,36.0,3.0,4.0,2.0,5.0,2.0,3.0,7.0,6.0,1,1
2483,2018.0,2.0,50.0,2.0,4.0,2.0,5.0,2.0,3.0,3.0,6.0,1,1
2484,2019.0,1.0,82.0,5.0,1.0,7.0,4.0,0.0,2.0,6.0,2.0,0,0
2485,9666.0,2.0,37.0,5.0,2.0,2.0,8.0,1.0,3.0,4.0,8.0,1,1
2486,2020.0,2.0,62.0,5.0,2.0,1.0,8.0,0.0,3.0,4.0,4.0,0,0
2487,7571.0,2.0,62.0,5.0,2.0,1.0,8.0,0.0,3.0,4.0,4.0,0,0
2488,2021.0,1.0,69.0,2.0,2.0,7.0,3.0,0.0,5.0,2.0,4.0,0,0
2489,2022.0,2.0,55.0,1.0,1.0,2.0,2.0,0.0,2.0,6.0,2.0,0,0
2490,2023.0,2.0,61.0,4.0,2.0,5.0,8.0,0.0,4.0,2.0,4.0,0,0
2491,2024.0,2.0,61.0,2.0,2.0,2.0,7.0,0.0,1.0,3.0,4.0,0,0
2492,2025.0,1.0,50.0,2.0,4.0,1.0,7.0,1.0,1.0,8.0,6.0,1,1
2493,2026.0,1.0,73.0,2.0,2.0,7.0,5.0,0.0,4.0,4.0,4.0,0,0
2494,2027.0,2.0,26.0,4.0,4.0,2.0,4.0,2.0,4.0,7.0,6.0,1,1
2495,2028.0,1.0,53.0,2.0,3.0,1.0,8.0,0.0,1.0,7.0,7.0,1,0
2496,2029.0,1.0,81.0,5.0,1.0,7.0,2.0,0.0,5.0,3.0,2.0,0,0
2497,2030.0,2.0,29.0,1.0,1.0,2.0,5.0,0.0,1.0,8.0,1.0,0,2
2498,2031.0,2.0,60.0,2.0,2.0,4.0,5.0,0.0,4.0,5.0,4.0,0,0
2499,2032.0,2.0,52.0,2.0,1.0,2.0,5.0,0.0,2.0,6.0,2.0,0,0
2501,2034.0,2.0,26.0,2.0,2.0,2.0,4.0,0.0,1.0,8.0,3.0,0,2
2502,2035.0,1.0,47.0,5.0,4.0,2.0,8.0,2.0,4.0,2.0,6.0,1,1
2503,8889.0,1.0,47.0,5.0,4.0,2.0,8.0,2.0,4.0,2.0,6.0,1,1
2504,7572.0,1.0,47.0,5.0,4.0,2.0,8.0,2.0,4.0,2.0,6.0,1,1
2505,9199.0,1.0,47.0,5.0,4.0,2.0,8.0,2.0,4.0,2.0,6.0,1,1
2506,2036.0,2.0,68.0,5.0,2.0,7.0,8.0,0.0,4.0,4.0,4.0,0,0
2509,2038.0,2.0,47.0,4.0,2.0,1.0,8.0,0.0,1.0,5.0,4.0,0,0
2511,2040.0,1.0,72.0,5.0,2.0,7.0,4.0,0.0,2.0,6.0,4.0,0,0
2512,7573.0,1.0,46.0,5.0,5.0,2.0,5.0,3.0,2.0,7.0,6.0,1,1
2513,2041.0,1.0,46.0,5.0,5.0,2.0,5.0,3.0,2.0,7.0,6.0,1,1
2514,2042.0,2.0,39.0,5.0,3.0,4.0,8.0,1.0,3.0,5.0,6.0,1,1
2515,2043.0,1.0,46.0,2.0,4.0,2.0,3.0,2.0,2.0,5.0,6.0,1,1
2516,2044.0,2.0,68.0,4.0,2.0,9.0,2.0,0.0,5.0,3.0,4.0,0,0
2517,2045.0,2.0,24.0,2.0,3.0,2.0,6.0,0.0,2.0,7.0,7.0,1,1
2518,2046.0,1.0,29.0,3.0,1.0,6.0,1.0,0.0,3.0,6.0,1.0,0,2
2519,2047.0,2.0,67.0,2.0,2.0,7.0,5.0,0.0,4.0,3.0,4.0,0,0
2520,2048.0,2.0,38.0,5.0,4.0,2.0,5.0,2.0,3.0,7.0,5.0,1,1
2521,7574.0,1.0,65.0,3.0,3.0,2.0,5.0,0.0,1.0,8.0,9.0,1,0
2522,2049.0,1.0,65.0,3.0,3.0,2.0,5.0,0.0,1.0,8.0,9.0,1,0
2523,2050.0,2.0,37.0,2.0,3.0,2.0,2.0,2.0,3.0,6.0,8.0,1,1
2524,2051.0,1.0,83.0,1.0,2.0,7.0,2.0,0.0,3.0,5.0,4.0,0,0
2525,2052.0,2.0,78.0,2.0,2.0,7.0,2.0,0.0,3.0,5.0,4.0,0,0
2526,2053.0,1.0,76.0,4.0,2.0,7.0,3.0,0.0,3.0,5.0,4.0,0,0
2527,9589.0,2.0,77.0,4.0,1.0,7.0,2.0,0.0,5.0,2.0,2.0,0,0
2528,2054.0,2.0,79.0,4.0,1.0,7.0,2.0,0.0,5.0,3.0,2.0,0,0
2529,2055.0,1.0,72.0,2.0,3.0,7.0,5.0,0.0,5.0,2.0,7.0,1,0
2530,7575.0,1.0,72.0,2.0,3.0,7.0,5.0,0.0,5.0,2.0,7.0,1,0
2531,2056.0,2.0,68.0,5.0,2.0,7.0,8.0,0.0,5.0,2.0,4.0,0,0
2532,7576.0,2.0,68.0,5.0,2.0,7.0,8.0,0.0,5.0,2.0,4.0,0,0
2533,2057.0,2.0,56.0,1.0,2.0,2.0,4.0,0.0,4.0,4.0,4.0,0,0
2534,2058.0,1.0,26.0,4.0,4.0,2.0,5.0,0.0,2.0,6.0,7.0,1,1
2535,2059.0,1.0,73.0,5.0,2.0,7.0,4.0,0.0,2.0,6.0,4.0,0,0
2536,2060.0,1.0,65.0,2.0,2.0,3.0,5.0,0.0,2.0,6.0,4.0,0,0
2537,2061.0,1.0,64.0,5.0,2.0,2.0,6.0,0.0,2.0,4.0,4.0,0,0
2538,2062.0,1.0,51.0,5.0,4.0,2.0,5.0,1.0,1.0,4.0,6.0,1,1
2539,2063.0,1.0,71.0,5.0,2.0,7.0,5.0,0.0,3.0,5.0,4.0,0,0
2540,7577.0,1.0,71.0,5.0,2.0,7.0,5.0,0.0,3.0,5.0,4.0,0,0
2541,2064.0,2.0,46.0,5.0,4.0,9.0,3.0,2.0,4.0,3.0,6.0,1,1
2542,2065.0,1.0,45.0,5.0,2.0,1.0,2.0,0.0,1.0,4.0,4.0,0,0
2543,2066.0,1.0,78.0,5.0,2.0,7.0,3.0,0.0,5.0,2.0,4.0,0,0
2544,2067.0,2.0,50.0,1.0,1.0,5.0,2.0,0.0,4.0,3.0,2.0,0,0
2545,2068.0,1.0,77.0,5.0,2.0,7.0,3.0,0.0,4.0,4.0,4.0,0,0
2546,8890.0,1.0,20.0,5.0,5.0,8.0,5.0,0.0,2.0,6.0,7.0,1,1
2547,2069.0,1.0,20.0,5.0,5.0,8.0,5.0,0.0,2.0,6.0,7.0,1,1
2548,9417.0,1.0,20.0,5.0,5.0,8.0,5.0,0.0,2.0,6.0,7.0,1,1
2549,2070.0,1.0,78.0,2.0,2.0,7.0,4.0,0.0,4.0,4.0,4.0,0,0
2550,2071.0,2.0,40.0,2.0,5.0,1.0,8.0,3.0,1.0,7.0,5.0,1,1
2551,2072.0,2.0,33.0,2.0,2.0,4.0,8.0,0.0,1.0,4.0,3.0,0,2
2552,7578.0,2.0,55.0,1.0,3.0,9.0,5.0,0.0,2.0,4.0,7.0,1,0
2553,9200.0,2.0,55.0,1.0,3.0,9.0,5.0,0.0,2.0,4.0,7.0,1,0
2554,2073.0,2.0,55.0,1.0,3.0,9.0,5.0,0.0,2.0,4.0,7.0,1,0
2556,2074.0,1.0,67.0,5.0,2.0,7.0,3.0,0.0,5.0,2.0,4.0,0,0
2559,2076.0,2.0,50.0,5.0,4.0,2.0,6.0,0.0,1.0,6.0,9.0,1,1
2560,2077.0,1.0,35.0,2.0,1.0,2.0,2.0,0.0,1.0,8.0,1.0,0,2
2561,2078.0,1.0,66.0,5.0,2.0,7.0,5.0,0.0,3.0,5.0,4.0,0,0
2564,2080.0,1.0,69.0,5.0,2.0,7.0,4.0,0.0,5.0,3.0,4.0,0,0
2565,2081.0,1.0,70.0,2.0,2.0,7.0,5.0,0.0,2.0,3.6,4.0,0,0
2566,2082.0,2.0,77.0,4.0,2.0,7.0,2.0,0.0,4.0,4.0,4.0,0,0
2567,2083.0,1.0,81.0,1.0,2.0,7.0,3.0,0.0,5.0,2.0,4.0,0,0
2569,2085.0,2.0,51.0,1.0,2.0,1.0,8.0,0.0,3.0,5.0,4.0,0,0
2570,2086.0,1.0,56.0,2.0,1.0,2.0,8.0,0.0,4.0,2.0,2.0,0,0
2571,2087.0,1.0,55.0,3.0,2.0,4.0,3.0,0.0,4.0,4.0,4.0,0,0
2572,8891.0,1.0,55.0,3.0,2.0,4.0,3.0,0.0,4.0,4.0,4.0,0,0
2573,2088.0,1.0,71.0,2.0,2.0,1.0,7.0,0.0,1.0,4.0,4.0,0,0
2574,2089.0,2.0,47.0,5.0,6.0,3.0,5.0,2.0,2.0,7.0,8.0,-1,-1
2575,2090.0,1.0,70.0,2.0,1.0,7.0,2.0,0.0,4.0,4.0,2.0,0,0
2576,2091.0,2.0,38.0,5.0,5.0,2.0,6.0,1.0,2.0,6.0,5.0,1,1
2577,2092.0,2.0,30.0,1.0,1.0,6.0,1.0,0.0,3.0,6.0,1.0,0,2
2578,2093.0,2.0,47.0,5.0,4.0,1.0,2.0,1.0,1.0,5.4,7.0,1,1
2579,2094.0,1.0,26.0,5.0,1.0,2.0,2.0,0.0,2.0,7.0,1.0,0,2
2580,2095.0,2.0,22.0,2.0,7.0,8.0,8.0,2.0,1.0,3.0,6.0,-1,-1
2581,2096.0,1.0,58.0,2.0,4.0,2.0,5.0,0.0,3.0,4.0,7.0,1,1
2582,2097.0,1.0,51.0,3.0,2.0,2.0,4.0,0.0,1.0,7.0,9.0,1,0
2583,2098.0,2.0,26.0,5.0,1.0,2.0,1.0,0.0,1.0,8.0,1.0,0,2
2584,2099.0,1.0,71.0,1.0,2.0,7.0,8.0,0.0,3.0,5.0,4.0,0,0
2585,7580.0,2.0,65.0,2.0,2.0,9.0,2.0,0.0,4.0,2.0,4.0,0,0
2586,2100.0,2.0,65.0,2.0,2.0,9.0,2.0,0.0,4.0,2.0,4.0,0,0
2587,2101.0,1.0,71.0,2.0,2.0,7.0,4.0,0.0,5.0,3.0,4.0,0,0
2588,2102.0,2.0,47.0,2.0,1.0,2.0,3.0,0.0,3.0,4.0,2.0,0,0
2589,2103.0,2.0,35.0,2.0,5.0,2.0,4.0,3.0,3.0,5.2,5.0,1,1
2591,9590.0,2.0,61.0,2.0,2.0,9.0,1.0,0.0,1.0,4.0,4.0,0,0
2592,2105.0,2.0,62.0,4.0,2.0,2.0,5.0,0.0,1.0,7.0,4.0,0,0
2593,2106.0,1.0,55.0,5.0,2.0,1.0,7.0,0.0,1.0,6.0,4.0,0,0
2594,2107.0,1.0,63.0,4.0,3.0,3.0,5.0,0.0,3.0,4.0,7.0,1,0
2595,2108.0,2.0,60.0,5.0,3.0,1.0,8.0,0.0,1.0,5.0,7.0,1,0
2596,2109.0,1.0,70.0,5.0,1.0,7.0,3.0,0.0,5.0,3.0,2.0,0,0
2597,2110.0,2.0,64.0,5.0,2.0,9.0,2.0,0.0,5.0,2.0,4.0,0,0
2598,2111.0,1.0,23.0,4.0,1.0,8.0,1.0,0.0,3.0,7.0,1.0,0,2
2599,2112.0,2.0,32.0,1.0,2.0,2.0,5.0,0.0,2.0,4.2,3.0,0,2
2601,2114.0,1.0,22.0,5.0,3.0,8.0,3.0,0.0,5.0,5.0,7.0,1,1
2602,2115.0,2.0,55.0,4.0,3.0,2.0,3.0,0.0,2.0,6.0,9.0,1,1
2603,2116.0,2.0,55.0,4.0,1.0,2.0,3.0,0.0,2.0,4.0,2.0,0,0
2604,2117.0,2.0,36.0,4.0,3.0,2.0,4.0,1.0,2.0,4.2,6.0,1,1
2605,2118.0,1.0,40.0,5.0,3.0,2.0,3.0,1.0,3.0,4.0,6.0,1,1
2606,2119.0,2.0,58.0,4.0,2.0,2.0,4.0,0.0,2.0,5.0,9.0,1,0
2607,2120.0,1.0,56.0,4.0,1.0,2.0,5.0,0.0,3.0,4.0,2.0,0,0
2608,7581.0,2.0,41.0,4.0,4.0,2.0,4.0,2.0,3.0,4.0,6.0,1,1
2609,2121.0,2.0,41.0,4.0,4.0,2.0,4.0,2.0,3.0,4.0,6.0,1,1
2611,2123.0,1.0,39.0,4.0,2.0,2.0,3.0,0.0,5.0,2.0,3.0,0,0
2612,2124.0,1.0,77.0,3.0,2.0,7.0,5.0,0.0,4.0,4.0,4.0,0,0
2613,2125.0,2.0,27.0,5.0,2.0,2.0,5.0,0.0,2.0,4.0,3.0,0,2
2614,2126.0,2.0,40.0,4.0,3.0,2.0,8.0,1.0,1.0,7.0,6.0,1,1
2615,8892.0,2.0,40.0,4.0,3.0,2.0,8.0,1.0,1.0,7.0,6.0,1,1
2616,2127.0,2.0,65.0,2.0,6.0,5.0,2.0,0.0,4.0,3.8,9.0,-1,-1
2617,2128.0,1.0,81.0,2.0,2.0,7.0,5.0,0.0,1.0,7.0,4.0,0,0
2619,2130.0,1.0,72.0,2.0,2.0,7.0,3.0,0.0,5.0,3.0,4.0,0,0
2620,2131.0,1.0,53.0,3.0,3.0,2.0,4.0,2.0,2.0,6.0,8.0,1,1
2621,2132.0,2.0,65.0,4.0,1.0,2.0,3.0,0.0,5.0,2.0,2.0,0,0
2622,2133.0,2.0,22.0,5.0,5.0,8.0,8.0,0.0,2.0,5.4,9.0,-1,-1
2623,2134.0,2.0,33.0,2.0,3.0,2.0,8.0,1.0,3.0,4.0,8.0,1,1
2624,7582.0,2.0,65.0,5.0,2.0,9.0,3.0,0.0,3.0,3.0,4.0,0,0
2625,2135.0,2.0,65.0,5.0,2.0,9.0,3.0,0.0,3.0,3.0,4.0,0,0
2626,2136.0,2.0,57.0,4.0,2.0,2.0,8.0,0.0,3.0,4.0,4.0,0,0
2627,2137.0,1.0,64.0,2.0,2.0,3.0,5.0,0.0,2.0,6.0,4.0,0,0
2628,2138.0,2.0,58.0,4.0,1.0,4.0,3.0,0.0,3.0,8.0,2.0,0,0
2630,2140.0,1.0,60.0,4.0,2.0,2.0,4.0,0.0,3.0,4.0,4.0,0,0
2631,2141.0,1.0,30.0,5.0,1.0,2.0,5.0,0.0,1.0,8.0,1.0,0,2
2632,2142.0,2.0,23.0,2.0,1.0,2.0,2.0,0.0,2.0,4.0,1.0,0,2
2633,2143.0,2.0,23.0,5.0,3.0,2.0,8.0,0.0,1.0,7.0,7.0,1,1
2634,2144.0,1.0,39.0,4.0,5.0,1.0,5.0,3.0,2.0,6.0,8.0,1,1
2635,9566.0,1.0,23.0,3.0,2.0,8.0,8.0,0.0,4.0,6.4,3.0,0,2
2636,9591.0,1.0,23.0,3.0,2.0,8.0,8.0,0.0,4.0,5.6,3.0,0,2
2637,2145.0,2.0,23.0,2.0,1.0,2.0,8.0,0.0,1.0,8.0,1.0,0,2
2639,2147.0,2.0,67.0,2.0,2.0,7.0,4.0,0.0,4.0,4.0,4.0,0,0
2640,2148.0,1.0,20.0,3.0,1.0,8.0,1.0,0.0,5.0,4.0,1.0,0,2
2641,2149.0,1.0,24.0,2.0,1.0,2.0,8.0,0.0,4.0,4.0,1.0,0,2
2642,2150.0,1.0,23.0,3.0,3.0,2.0,2.0,0.0,1.0,6.0,7.0,1,1
2643,2151.0,1.0,29.0,4.0,1.0,2.0,3.0,0.0,2.0,7.0,1.0,0,2
2644,2152.0,2.0,39.0,2.0,1.0,5.0,2.0,0.0,3.0,6.8,1.0,0,2
2645,2153.0,2.0,73.0,2.0,2.0,7.0,8.0,0.0,5.0,2.0,9.0,-1,-1
2646,2154.0,2.0,32.0,4.0,2.0,8.0,5.0,0.0,1.0,8.0,3.0,0,2
2647,2155.0,2.0,26.0,2.0,2.0,2.0,3.0,0.0,5.0,5.0,3.0,0,2
2648,2156.0,1.0,68.0,2.0,2.0,7.0,5.0,0.0,2.0,6.0,4.0,0,0
2649,2157.0,2.0,64.0,3.0,1.0,3.0,2.0,0.0,2.0,6.0,2.0,0,0
2650,2158.0,2.0,62.0,1.0,2.0,2.0,3.0,0.0,5.0,1.0,4.0,0,0
2651,2159.0,2.0,64.0,1.0,1.0,5.0,3.0,0.0,3.0,8.0,2.0,0,0
2652,2160.0,2.0,63.0,1.0,1.0,2.0,4.0,0.0,4.0,3.0,2.0,0,0
2653,2161.0,2.0,61.0,4.0,3.0,3.0,6.0,0.0,1.0,3.0,7.0,1,0
2654,2162.0,2.0,76.0,1.0,1.0,7.0,2.0,0.0,5.0,3.0,2.0,0,0
2655,2163.0,2.0,79.0,1.0,2.0,7.0,8.0,0.0,3.0,5.0,4.0,0,0
2656,2164.0,1.0,27.0,5.0,2.0,2.0,8.0,0.0,2.0,4.0,3.0,0,2
2657,2165.0,1.0,56.0,5.0,2.0,2.0,6.0,0.0,3.0,4.0,4.0,0,0
2658,2166.0,2.0,55.0,4.0,5.0,1.0,6.0,0.0,1.0,8.0,9.0,1,1
2659,2167.0,2.0,51.0,3.0,4.0,1.0,4.0,1.0,1.0,4.0,6.0,1,1
2660,2168.0,1.0,65.0,1.0,2.0,2.0,5.0,0.0,2.0,5.0,4.0,0,0
2662,2170.0,2.0,32.0,5.0,2.0,2.0,8.0,0.0,1.0,6.0,3.0,0,2
2663,2171.0,1.0,59.0,5.0,2.0,2.0,3.0,0.0,4.0,2.0,4.0,0,0
2664,7583.0,1.0,56.0,5.0,4.0,2.0,5.0,0.0,2.0,4.0,9.0,1,1
2665,2172.0,1.0,56.0,5.0,4.0,2.0,5.0,0.0,2.0,4.0,9.0,1,1
2667,2173.0,1.0,65.0,5.0,1.0,4.0,1.0,0.0,5.0,2.0,2.0,0,0
2668,2174.0,2.0,77.0,2.0,2.0,7.0,3.0,0.0,2.0,3.0,4.0,0,0
2669,2175.0,1.0,51.0,2.0,2.0,5.0,2.0,0.0,5.0,3.0,4.0,0,0
2670,2176.0,2.0,34.0,2.0,4.0,2.0,4.0,2.0,2.0,6.0,8.0,1,1
2671,2177.0,2.0,38.0,2.0,5.0,2.0,4.0,3.0,4.0,4.0,6.0,1,1
2672,2178.0,1.0,70.0,5.0,2.0,7.0,3.0,0.0,4.0,4.0,4.0,0,0
2673,2179.0,2.0,48.0,4.0,2.0,4.0,2.0,0.0,5.0,3.0,9.0,1,0
2674,2180.0,2.0,20.0,1.0,1.0,8.0,2.0,0.0,3.0,6.0,1.0,0,2
2675,2181.0,2.0,58.0,5.0,2.0,2.0,3.0,0.0,5.0,2.0,4.0,0,0
2676,2182.0,1.0,33.0,4.0,5.0,2.0,6.0,3.0,1.0,8.0,5.0,1,1
2677,2183.0,1.0,49.0,5.0,3.0,4.0,1.0,0.0,4.0,4.0,7.0,1,0
2678,2184.0,2.0,33.0,2.0,3.0,2.0,8.0,1.0,1.0,7.0,6.0,1,1
2679,7584.0,2.0,78.0,2.0,2.0,7.0,5.0,0.0,1.0,1.0,4.0,0,0
2680,2185.0,2.0,78.0,2.0,2.0,7.0,5.0,0.0,1.0,1.0,4.0,0,0
2681,7585.0,1.0,64.0,5.0,2.0,7.0,6.0,0.0,4.0,4.0,4.0,0,0
2682,2186.0,1.0,64.0,5.0,2.0,7.0,6.0,0.0,4.0,4.0,4.0,0,0
2683,2187.0,1.0,90.0,3.0,2.0,7.0,4.0,0.0,3.0,2.8,4.0,0,0
2684,2188.0,1.0,80.0,2.0,2.0,7.0,8.0,0.0,5.0,3.0,4.0,0,0
2685,2189.0,2.0,28.0,5.0,1.0,8.0,1.0,0.0,3.0,6.0,1.0,0,2
2686,2190.0,1.0,38.0,1.0,1.0,2.0,1.0,0.0,5.0,1.0,1.0,0,2
2687,2191.0,2.0,29.0,5.0,1.0,1.0,1.0,0.0,1.0,4.0,1.0,0,2
2688,2192.0,2.0,24.0,5.0,5.0,2.0,8.0,0.0,1.0,4.0,7.0,-1,-1
2689,2193.0,2.0,69.0,2.0,1.0,7.0,5.0,0.0,4.0,4.0,2.0,0,0
2690,2194.0,2.0,64.0,3.0,1.0,4.0,1.0,0.0,3.0,7.0,2.0,0,0
2691,2195.0,1.0,28.0,1.0,4.0,2.0,6.0,0.0,4.0,4.0,7.0,-1,-1
2692,2196.0,1.0,47.0,4.0,4.0,2.0,5.0,2.0,2.0,4.0,6.0,1,1
2693,2197.0,2.0,34.0,5.0,3.0,2.0,2.0,1.0,2.0,6.0,5.0,1,1
2694,2198.0,1.0,74.0,4.0,2.0,7.0,4.0,0.0,5.0,3.0,4.0,0,0
2695,2199.0,1.0,44.0,5.0,1.0,5.0,2.0,0.0,5.0,3.0,1.0,0,0
2696,2200.0,1.0,65.0,5.0,2.0,5.0,7.0,0.0,1.0,3.0,4.0,0,0
2697,2201.0,2.0,71.0,5.0,1.0,7.0,3.0,0.0,3.0,5.0,2.0,0,0
2698,2202.0,2.0,53.0,2.0,2.0,4.0,3.0,0.0,4.0,4.0,4.0,0,0
2699,2203.0,1.0,75.0,2.0,2.0,7.0,6.0,0.0,1.0,8.0,4.0,0,0
2701,2205.0,1.0,59.0,1.0,2.0,2.0,5.0,0.0,2.0,4.0,4.0,0,0
2702,2206.0,2.0,63.0,3.0,1.0,6.0,1.0,0.0,5.0,2.0,2.0,0,0
2703,2207.0,1.0,68.0,5.0,2.0,7.0,4.0,0.0,5.0,4.0,4.0,0,0
2704,2208.0,2.0,31.0,3.0,3.0,2.0,8.0,0.0,4.0,7.0,7.0,1,1
2705,2209.0,1.0,70.0,5.0,2.0,7.0,4.0,0.0,5.0,3.0,4.0,0,0
2706,2210.0,1.0,73.0,4.0,2.0,7.0,5.0,0.0,4.0,3.0,4.0,0,0
2707,2211.0,2.0,23.0,5.0,5.0,8.0,8.0,0.0,2.0,6.0,7.0,-1,-1
2708,2212.0,2.0,37.0,5.0,6.0,2.0,4.0,4.0,1.0,6.0,5.0,2,1
2709,2213.0,1.0,43.0,2.0,4.0,2.0,5.0,2.0,1.0,8.0,6.0,1,1
2710,7586.0,2.0,72.0,5.0,2.0,7.0,4.0,0.0,4.0,3.2,4.0,0,0
2711,2214.0,1.0,87.0,4.0,2.0,7.0,3.0,0.0,5.0,3.0,4.0,0,0
2712,2215.0,2.0,38.0,4.0,4.0,2.0,5.0,0.0,2.0,7.0,7.0,1,1
2713,7587.0,2.0,38.0,4.0,4.0,2.0,5.0,0.0,2.0,7.0,7.0,1,1
2714,8894.0,2.0,38.0,4.0,4.0,2.0,5.0,0.0,2.0,7.0,7.0,1,1
2715,2216.0,2.0,59.0,2.0,2.0,5.0,4.0,0.0,3.0,2.0,4.0,0,0
2716,2217.0,2.0,30.0,4.0,4.0,2.0,4.0,2.0,1.0,4.0,5.0,1,1
2717,2218.0,2.0,33.0,4.0,3.0,2.0,5.0,1.0,3.0,5.4,6.0,1,1
2718,2219.0,1.0,51.0,5.0,1.0,1.0,3.0,0.0,1.0,8.0,2.0,0,2
2719,2220.0,1.0,47.0,4.0,7.0,1.0,7.0,1.0,1.0,4.0,6.0,-1,-1
2720,2221.0,2.0,28.0,3.0,4.0,8.0,5.0,0.0,3.0,6.0,7.0,1,1
2721,2222.0,1.0,71.0,2.0,1.0,7.0,8.0,0.0,4.0,4.0,2.0,0,0
2722,2223.0,1.0,41.0,1.0,2.0,2.0,5.0,0.0,2.0,4.0,3.0,0,2
2723,2224.0,2.0,30.0,3.0,5.0,2.0,2.0,3.0,2.0,4.0,5.0,1,1
2724,2225.0,2.0,66.0,2.0,1.0,2.0,2.0,0.0,4.0,3.0,2.0,0,0
2725,2226.0,1.0,25.0,4.0,2.0,2.0,4.0,0.0,3.0,4.0,3.0,0,2
2726,9203.0,2.0,61.0,3.0,2.0,9.0,5.0,0.0,2.0,2.0,4.0,0,0
2727,2227.0,2.0,61.0,3.0,2.0,9.0,5.0,0.0,2.0,2.0,4.0,0,0
2728,2228.0,2.0,50.0,5.0,2.0,5.0,2.0,0.0,5.0,4.0,4.0,0,0
2729,2229.0,2.0,79.0,2.0,2.0,9.0,4.0,0.0,4.0,6.0,4.0,0,0
2730,2230.0,1.0,67.0,3.0,2.0,7.0,5.0,0.0,2.0,7.0,4.0,0,0
2731,2231.0,1.0,68.0,3.0,1.0,7.0,4.0,0.0,2.0,7.0,2.0,0,0
2732,2232.0,2.0,38.0,3.0,3.0,8.0,1.0,2.0,3.0,5.0,8.0,1,1
2733,2233.0,2.0,64.0,1.0,2.0,9.0,3.0,0.0,5.0,3.0,4.0,0,0
2734,2234.0,2.0,37.0,5.0,4.0,2.0,8.0,2.0,3.0,5.4,8.0,1,1
2735,2235.0,1.0,30.0,2.0,2.0,8.0,8.0,0.0,3.0,6.0,3.0,0,2
2737,2237.0,1.0,20.0,5.0,5.0,8.0,8.0,1.0,3.0,5.0,6.0,-1,-1
2738,2238.0,2.0,37.0,2.0,1.0,2.0,5.0,0.0,1.0,8.0,1.0,0,2
2739,2239.0,1.0,19.0,3.0,5.0,8.0,1.0,2.0,2.0,2.0,6.0,-1,-1
2740,2240.0,2.0,60.0,1.0,1.0,2.0,2.0,0.0,4.0,2.0,2.0,0,0
2741,2241.0,2.0,49.0,2.0,2.0,2.0,6.0,0.0,1.0,7.0,4.0,0,0
2742,2242.0,2.0,52.0,5.0,1.0,6.0,1.0,0.0,4.0,4.0,2.0,0,0
2743,2243.0,1.0,53.0,5.0,2.0,4.0,5.0,0.0,4.0,4.0,4.0,0,0
2744,2244.0,1.0,73.0,5.0,2.0,7.0,3.0,0.0,5.0,3.0,4.0,0,0
2745,2245.0,2.0,67.0,5.0,2.0,7.0,3.0,0.0,2.0,5.0,4.0,0,0
2748,2247.0,2.0,31.0,4.0,3.0,2.0,6.0,1.0,1.0,7.0,5.0,1,1
2749,2248.0,2.0,76.0,3.0,1.0,7.0,2.0,0.0,5.0,2.0,2.0,0,0
2750,2249.0,2.0,26.0,1.0,2.0,2.0,5.0,0.0,1.0,8.0,3.0,0,2
2751,2250.0,1.0,59.0,5.0,2.0,4.0,2.0,1.0,3.0,7.0,9.0,-1,-1
2752,2251.0,1.0,68.0,5.0,2.0,7.0,4.0,0.0,2.0,6.0,4.0,0,0
2753,2252.0,1.0,73.0,1.0,2.0,7.0,2.0,0.0,4.0,4.0,4.0,0,0
2754,2253.0,2.0,54.0,4.0,3.0,2.0,2.0,0.0,4.0,4.0,9.0,1,1
2755,2254.0,1.0,19.0,4.0,3.0,8.0,8.0,0.0,2.0,3.0,7.0,-1,-1
2756,2255.0,2.0,60.0,5.0,1.0,6.0,1.0,0.0,5.0,2.0,2.0,0,0
2757,2256.0,1.0,73.0,5.0,2.0,7.0,4.0,0.0,1.0,8.0,4.0,0,0
2758,2257.0,1.0,69.0,5.0,7.0,7.0,2.0,1.0,4.0,4.0,6.0,-1,-1
2759,2258.0,1.0,49.0,5.0,2.0,9.0,4.0,0.0,3.0,4.0,4.0,0,0
2760,2259.0,2.0,30.0,3.0,3.0,9.0,3.0,1.0,3.0,4.0,5.0,1,1
2761,2260.0,1.0,59.0,5.0,1.0,2.0,7.0,0.0,1.0,8.0,2.0,0,0
2762,9592.0,1.0,83.0,5.0,2.0,7.0,6.0,0.0,1.0,8.0,4.0,0,0
2763,2261.0,2.0,46.0,2.0,1.0,4.0,2.0,0.0,4.0,4.0,2.0,0,0
2764,2262.0,1.0,80.0,5.0,2.0,7.0,6.0,0.0,1.0,8.0,4.0,0,0
2765,2263.0,1.0,44.0,4.0,5.0,2.0,4.0,3.0,5.0,4.0,6.0,1,1
2766,2264.0,2.0,69.0,1.0,2.0,9.0,8.0,0.0,5.0,3.0,4.0,0,0
2767,2265.0,1.0,20.0,2.0,4.0,8.0,8.0,1.0,2.0,5.0,7.0,1,1
2771,2268.0,2.0,41.0,5.0,4.0,2.0,5.0,2.0,3.0,4.0,6.0,1,1
2772,2269.0,2.0,65.0,5.0,2.0,2.0,8.0,0.0,5.0,2.0,4.0,0,0
2773,9593.0,1.0,47.0,5.0,2.0,2.0,8.0,0.0,3.0,5.0,3.0,0,0
2774,2270.0,2.0,46.0,3.0,4.0,9.0,8.0,0.0,2.0,5.0,7.0,1,1
2775,7589.0,2.0,46.0,3.0,4.0,9.0,8.0,0.0,2.0,5.0,7.0,1,1
2776,2271.0,1.0,26.0,1.0,3.0,2.0,8.0,0.0,5.0,5.0,7.0,-1,-1
2777,2272.0,2.0,23.0,3.0,2.0,8.0,8.0,0.0,3.0,5.4,3.0,0,2
2778,2273.0,2.0,61.0,1.0,2.0,5.0,4.0,0.0,5.0,6.0,4.0,0,0
2779,2274.0,2.0,73.0,3.0,1.0,7.0,8.0,0.0,5.0,1.0,2.0,0,0
2780,2275.0,1.0,78.0,2.0,2.0,7.0,4.0,0.0,2.0,6.0,4.0,0,0
2781,2276.0,2.0,43.0,2.0,1.0,4.0,3.0,0.0,3.0,8.0,1.0,0,2
2782,2277.0,1.0,65.0,5.0,4.0,4.0,3.0,0.0,5.0,2.0,5.0,1,0
2783,7590.0,1.0,64.0,5.0,2.0,3.0,6.0,0.0,1.0,7.0,4.0,0,0
2784,2278.0,1.0,64.0,5.0,2.0,3.0,6.0,0.0,1.0,7.0,4.0,0,0
2785,2279.0,2.0,29.0,2.0,2.0,3.0,5.0,0.0,1.0,8.0,3.0,0,2
2786,2280.0,2.0,21.0,2.0,1.0,8.0,1.0,0.0,3.0,5.0,1.0,0,2
2787,2281.0,2.0,70.0,4.0,1.0,7.0,1.0,0.0,5.0,3.0,2.0,0,0
2788,2282.0,1.0,69.0,4.0,2.0,7.0,4.0,0.0,3.0,5.0,4.0,0,0
2789,2283.0,1.0,75.0,5.0,2.0,7.0,3.0,0.0,5.0,2.0,4.0,0,0
2791,2285.0,2.0,24.0,5.0,3.0,2.0,8.0,0.0,1.0,4.0,7.0,1,1
2792,2286.0,2.0,73.0,2.0,2.0,7.0,3.0,0.0,5.0,3.0,4.0,0,0
2793,2287.0,2.0,80.0,5.0,2.0,9.0,2.0,0.0,5.0,3.0,4.0,0,0
2794,2288.0,2.0,38.0,5.0,3.0,2.0,5.0,1.0,1.0,6.6,5.0,1,1
2795,2289.0,2.0,40.0,5.0,4.0,2.0,1.0,2.0,4.0,5.2,9.0,1,1
2796,2290.0,2.0,59.0,3.0,2.0,7.0,4.0,0.0,2.0,4.0,4.0,0,0
2797,2291.0,1.0,68.0,5.0,2.0,7.0,6.0,0.0,1.0,8.0,4.0,0,0
2798,2292.0,1.0,70.0,2.0,2.0,7.0,8.0,0.0,5.0,3.0,4.0,0,0
2799,2293.0,1.0,54.0,4.0,3.0,2.0,2.0,0.0,4.0,1.0,7.0,1,0
2800,2294.0,2.0,51.0,4.0,2.0,4.0,3.0,0.0,3.0,4.0,4.0,0,0
2801,2295.0,2.0,33.0,4.0,3.0,4.0,4.0,1.0,3.0,6.0,5.0,1,1
2802,9419.0,2.0,41.0,2.0,3.0,3.0,5.0,1.0,2.0,7.0,9.0,1,1
2803,2296.0,2.0,41.0,2.0,3.0,3.0,5.0,1.0,2.0,7.0,9.0,1,1
2804,2297.0,2.0,34.0,5.0,1.0,2.0,2.0,0.0,2.0,5.8,1.0,0,2
2805,2298.0,2.0,75.0,2.0,1.0,9.0,2.0,0.0,5.0,2.0,2.0,0,0
2806,2299.0,1.0,80.0,5.0,2.0,7.0,5.0,0.0,2.0,6.0,4.0,0,0
2807,2300.0,1.0,62.0,2.0,3.0,2.0,7.0,1.0,2.0,4.0,6.0,1,0
2808,2301.0,2.0,63.0,4.0,2.0,9.0,8.0,0.0,5.0,3.0,4.0,0,0
2809,2302.0,2.0,31.0,4.0,3.0,2.0,4.0,1.0,3.0,4.0,5.0,1,1
2810,2303.0,2.0,22.0,5.0,3.0,8.0,3.0,0.0,2.0,4.0,7.0,1,1
2811,2304.0,1.0,30.0,1.0,1.0,8.0,8.0,0.0,3.0,5.2,1.0,0,2
2812,7591.0,2.0,34.0,5.0,2.0,2.0,5.0,0.0,1.0,8.0,3.0,0,2
2813,2305.0,2.0,34.0,5.0,2.0,2.0,5.0,0.0,1.0,8.0,3.0,0,2
2814,2306.0,1.0,77.0,2.0,2.0,7.0,5.0,0.0,4.0,4.0,4.0,0,0
2815,2307.0,2.0,34.0,1.0,3.0,5.0,4.0,0.0,4.0,5.2,7.0,1,1
2816,2308.0,2.0,22.0,1.0,2.0,2.0,2.0,0.0,3.0,5.0,3.0,0,2
2817,2309.0,1.0,82.0,2.0,2.0,7.0,5.0,0.0,5.0,3.0,4.0,0,0
2818,2310.0,2.0,36.0,1.0,1.0,2.0,3.0,0.0,4.0,4.0,1.0,0,2
2819,2311.0,2.0,38.0,2.0,1.0,2.0,2.0,0.0,3.0,4.0,1.0,0,2
2820,2312.0,1.0,77.0,5.0,2.0,7.0,5.0,0.0,2.0,6.0,4.0,0,0
2821,2313.0,1.0,54.0,5.0,3.0,3.0,4.0,1.0,2.0,4.0,6.0,1,1
2822,2314.0,2.0,69.0,4.0,2.0,7.0,4.0,0.0,3.0,3.0,4.0,0,0
2823,7592.0,2.0,69.0,4.0,2.0,7.0,4.0,0.0,3.0,3.0,4.0,0,0
2825,2316.0,1.0,64.0,5.0,2.0,3.0,4.0,0.0,2.0,6.0,4.0,0,0
2826,2317.0,1.0,69.0,2.0,2.0,1.0,5.0,0.0,1.0,3.0,4.0,0,0
2827,2318.0,1.0,50.0,5.0,3.0,6.0,2.0,1.0,4.0,3.0,9.0,1,1
2828,7593.0,1.0,50.0,5.0,3.0,6.0,2.0,1.0,4.0,3.0,9.0,1,1
2829,2319.0,2.0,60.0,2.0,1.0,2.0,3.0,0.0,3.0,3.0,2.0,0,0
2830,7594.0,2.0,48.0,4.0,5.0,2.0,3.0,1.0,3.0,2.0,7.0,1,1
2831,2320.0,1.0,19.0,3.0,3.0,8.0,8.0,0.0,3.0,5.8,7.0,1,1
2832,2321.0,2.0,52.0,5.0,4.0,1.0,6.0,1.0,1.0,8.0,7.0,1,1
2833,7595.0,2.0,32.0,5.0,4.0,2.0,4.0,2.0,3.0,4.0,5.0,1,1
2834,2322.0,2.0,32.0,5.0,4.0,2.0,4.0,2.0,3.0,4.0,5.0,1,1
2835,2323.0,2.0,59.0,1.0,1.0,2.0,2.0,0.0,3.0,4.0,2.0,0,0
2836,2324.0,1.0,23.0,5.0,4.0,8.0,8.0,0.0,3.0,6.0,7.0,1,1
2837,8895.0,1.0,23.0,5.0,4.0,8.0,8.0,0.0,3.0,6.0,7.0,1,1
2838,2325.0,2.0,26.0,4.0,4.0,8.0,2.0,0.0,2.0,7.0,9.0,1,1
2839,2326.0,2.0,62.0,2.0,2.0,2.0,4.0,0.0,2.0,3.4,4.0,0,0
2840,2327.0,1.0,67.0,5.0,3.0,7.0,4.0,0.0,4.0,2.0,9.0,1,0
2844,2330.0,2.0,55.0,5.0,1.0,4.0,1.0,0.0,5.0,1.0,2.0,0,0
2845,2331.0,2.0,46.0,1.0,3.0,6.0,2.0,1.0,5.0,3.0,9.0,1,1
2846,2332.0,1.0,18.0,3.0,3.0,8.0,8.0,0.0,3.0,7.0,7.0,1,1
2847,2333.0,2.0,62.0,1.0,1.0,9.0,3.0,0.0,3.0,7.0,2.0,0,0
2848,2334.0,1.0,23.0,2.0,2.0,8.0,1.0,0.0,3.0,7.0,3.0,0,2
2849,2335.0,1.0,68.0,4.0,2.0,7.0,5.0,0.0,1.0,8.0,4.0,0,0
2850,2336.0,2.0,29.0,3.0,2.0,2.0,8.0,0.0,4.0,8.0,3.0,0,2
2851,2337.0,1.0,58.0,5.0,2.0,3.0,7.0,0.0,2.0,6.0,4.0,0,0
2852,2338.0,1.0,69.0,4.0,1.0,1.0,3.0,0.0,1.0,8.0,2.0,0,0
2853,2339.0,1.0,72.0,5.0,2.0,7.0,3.0,0.0,4.0,4.0,4.0,0,0
2854,7596.0,2.0,68.0,5.0,2.0,9.0,2.0,0.0,5.0,7.0,4.0,0,0
2855,2340.0,2.0,68.0,5.0,2.0,9.0,2.0,0.0,5.0,7.0,4.0,0,0
2857,2342.0,2.0,56.0,5.0,4.0,2.0,5.0,0.0,4.0,4.0,7.0,1,1
2858,9421.0,2.0,56.0,5.0,4.0,2.0,5.0,0.0,4.0,4.0,7.0,1,1
2859,9516.0,2.0,56.0,5.0,4.0,2.0,5.0,0.0,4.0,4.0,7.0,1,1
2860,8896.0,2.0,56.0,5.0,4.0,2.0,5.0,0.0,4.0,4.0,7.0,1,1
2861,7597.0,2.0,56.0,5.0,4.0,2.0,5.0,0.0,4.0,4.0,7.0,1,1
2862,2343.0,2.0,25.0,5.0,1.0,8.0,1.0,0.0,3.0,7.0,1.0,0,2
2863,2344.0,1.0,31.0,4.0,2.0,2.0,3.0,0.0,4.0,6.6,3.0,0,2
2864,2345.0,2.0,68.0,3.0,2.0,7.0,8.0,0.0,3.0,3.0,4.0,0,0
2865,2346.0,1.0,44.0,4.0,4.0,2.0,3.0,2.0,3.0,4.0,6.0,1,1
2866,2347.0,2.0,37.0,4.0,2.0,2.0,5.0,0.0,2.0,7.0,3.0,0,2
2867,7598.0,2.0,52.0,5.0,4.0,2.0,8.0,0.0,2.0,4.0,7.0,1,1
2868,2348.0,2.0,52.0,5.0,4.0,2.0,8.0,0.0,2.0,4.0,7.0,1,1
2869,2349.0,1.0,58.0,4.0,2.0,2.0,5.0,0.0,1.0,8.0,4.0,0,0
2870,2350.0,2.0,68.0,4.0,2.0,7.0,2.0,0.0,4.0,4.0,4.0,0,0
2871,2351.0,1.0,18.0,3.0,7.0,8.0,8.0,4.0,3.0,1.0,6.0,-1,-1
2872,2352.0,2.0,56.0,1.0,2.0,9.0,2.0,0.0,2.0,5.0,4.0,0,0
2873,7599.0,1.0,56.0,4.0,2.0,2.0,5.0,0.0,1.0,4.0,4.0,0,0
2874,2353.0,1.0,56.0,4.0,2.0,2.0,5.0,0.0,1.0,4.0,4.0,0,0
2875,2354.0,2.0,48.0,2.0,4.0,2.0,8.0,1.0,2.0,5.0,9.0,1,1
2877,2355.0,2.0,24.0,5.0,4.0,2.0,8.0,0.0,3.0,4.0,7.0,1,1
2878,2356.0,2.0,23.0,2.0,4.0,8.0,6.0,1.0,1.0,7.0,6.0,-1,-1
2879,2357.0,1.0,64.0,2.0,2.0,2.0,5.0,0.0,1.0,8.0,4.0,0,0
2881,2359.0,2.0,74.0,2.0,1.0,7.0,8.0,0.0,5.0,3.0,2.0,0,0
2882,2360.0,2.0,28.0,2.0,2.0,2.0,5.0,0.0,2.0,7.0,3.0,0,2
2883,2361.0,1.0,90.0,4.0,2.0,7.0,4.0,0.0,5.0,3.0,4.0,0,0
2884,2362.0,2.0,46.0,4.0,3.0,2.0,4.0,1.0,3.0,4.4,6.0,1,1
2886,2364.0,2.0,59.0,2.0,2.0,3.0,6.0,0.0,3.0,6.0,4.0,0,0
2887,7600.0,2.0,59.0,2.0,2.0,3.0,6.0,0.0,3.0,6.0,4.0,0,0
2888,7601.0,2.0,42.0,3.0,5.0,2.0,8.0,1.0,5.0,4.0,6.0,1,1
2889,9204.0,2.0,42.0,3.0,5.0,2.0,8.0,1.0,5.0,4.0,6.0,1,1
2890,9545.0,2.0,42.0,3.0,5.0,2.0,8.0,1.0,5.0,4.0,6.0,1,1
2891,2365.0,2.0,42.0,3.0,5.0,2.0,8.0,1.0,5.0,4.0,6.0,1,1
2892,9517.0,2.0,42.0,3.0,5.0,2.0,8.0,1.0,5.0,4.0,6.0,1,1
2893,9551.0,2.0,42.0,3.0,5.0,2.0,8.0,1.0,5.0,4.0,6.0,1,1
2894,2366.0,1.0,31.0,3.0,4.0,2.0,8.0,2.0,3.0,6.6,6.0,1,1
2895,2367.0,2.0,29.0,4.0,4.0,2.0,8.0,0.0,2.0,7.0,7.0,1,1
2896,2368.0,1.0,67.0,4.0,2.0,7.0,5.0,0.0,2.0,6.0,4.0,0,0
2897,2369.0,2.0,34.0,2.0,1.0,4.0,1.0,0.0,3.0,5.0,1.0,0,2
2898,2370.0,1.0,27.0,1.0,2.0,2.0,8.0,0.0,3.0,8.0,3.0,0,2
2899,2371.0,1.0,72.0,5.0,2.0,7.0,3.0,0.0,5.0,2.0,4.0,0,0
2900,2372.0,2.0,53.0,1.0,4.0,1.0,5.0,2.0,5.0,3.0,6.0,1,1
2901,7602.0,2.0,53.0,1.0,4.0,1.0,5.0,2.0,5.0,3.0,6.0,1,1
2902,2373.0,2.0,63.0,5.0,2.0,7.0,2.0,0.0,2.0,4.0,4.0,0,0
2903,2374.0,2.0,33.0,5.0,1.0,2.0,8.0,0.0,2.0,6.0,1.0,0,2
2904,2375.0,2.0,68.0,2.0,1.0,7.0,2.0,0.0,5.0,2.0,2.0,0,0
2905,2376.0,2.0,25.0,1.0,1.0,8.0,1.0,0.0,3.0,5.0,1.0,0,2
2906,2377.0,1.0,78.0,3.0,2.0,9.0,8.0,0.0,4.0,4.0,4.0,0,0
2907,2378.0,1.0,69.0,3.0,2.0,7.0,4.0,0.0,5.0,3.0,4.0,0,0
2908,2379.0,1.0,32.0,1.0,1.0,2.0,5.0,0.0,3.0,4.0,1.0,0,2
2909,2380.0,2.0,59.0,5.0,2.0,2.0,2.0,0.0,4.0,2.0,4.0,0,0
2910,8897.0,2.0,59.0,5.0,2.0,2.0,2.0,0.0,4.0,2.0,4.0,0,0
2911,2381.0,1.0,67.0,2.0,3.0,7.0,7.0,0.0,2.0,3.0,9.0,1,0
2912,2382.0,1.0,68.0,5.0,2.0,7.0,5.0,0.0,2.0,6.0,4.0,0,0
2913,2383.0,2.0,57.0,2.0,1.0,4.0,2.0,0.0,5.0,3.0,2.0,0,0
2914,2384.0,2.0,52.0,2.0,2.0,2.0,4.0,0.0,2.0,5.0,9.0,1,0
2915,9205.0,2.0,81.0,5.0,3.0,7.0,8.0,0.0,5.0,3.0,7.0,1,0
2916,2385.0,2.0,81.0,5.0,3.0,7.0,8.0,0.0,5.0,3.0,7.0,1,0
2917,9423.0,2.0,81.0,5.0,3.0,7.0,8.0,0.0,5.0,3.0,7.0,1,0
2918,2386.0,1.0,56.0,1.0,1.0,2.0,5.0,0.0,2.0,7.0,2.0,0,0
2919,2387.0,2.0,30.0,1.0,1.0,2.0,1.0,0.0,2.0,6.0,1.0,0,2
2920,2388.0,1.0,49.0,1.0,2.0,2.0,3.0,0.0,3.0,4.0,4.0,0,0
2921,2389.0,2.0,35.0,3.0,4.0,9.0,4.0,2.0,3.0,4.0,6.0,1,1
2922,2390.0,2.0,22.0,3.0,2.0,2.0,8.0,0.0,4.0,4.0,3.0,0,2
2923,2391.0,1.0,31.0,4.0,2.0,2.0,5.0,0.0,1.0,8.0,3.0,0,2
2924,7603.0,2.0,40.0,4.0,7.0,9.0,4.0,5.0,2.0,6.0,5.0,-1,-1
2925,2392.0,1.0,34.0,4.0,2.0,2.0,7.0,0.0,2.0,7.0,3.0,0,2
2926,2393.0,1.0,25.0,5.0,2.0,2.0,5.0,0.0,3.0,4.0,3.0,0,2
2928,2395.0,2.0,33.0,4.0,4.0,1.0,5.0,2.0,1.0,8.0,8.0,1,1
2929,2396.0,2.0,23.0,1.0,1.0,8.0,8.0,0.0,3.0,7.0,1.0,0,2
2930,2397.0,2.0,28.0,2.0,5.0,9.0,4.0,3.0,1.0,6.0,5.0,-1,-1
2931,2398.0,2.0,22.0,2.0,3.0,8.0,8.0,0.0,2.0,7.0,7.0,1,1
2932,2399.0,2.0,71.0,1.0,2.0,7.0,7.0,0.0,1.0,7.0,4.0,0,0
2933,2400.0,1.0,50.0,4.0,1.0,3.0,3.0,0.0,2.0,6.0,2.0,0,0
2934,2401.0,2.0,30.0,4.0,2.0,5.0,3.0,0.0,3.0,5.8,3.0,0,2
2935,2402.0,1.0,53.0,5.0,4.0,4.0,4.0,1.0,3.0,6.0,8.0,1,1
2936,2403.0,2.0,24.0,5.0,1.0,8.0,1.0,0.0,3.0,6.2,1.0,0,2
2937,2404.0,2.0,55.0,5.0,2.0,2.0,8.0,0.0,3.0,4.0,4.0,0,0
2938,2405.0,2.0,23.0,2.0,2.0,8.0,2.0,0.0,4.0,7.0,3.0,0,2
2939,2406.0,2.0,59.0,5.0,1.0,6.0,2.0,0.0,5.0,2.0,2.0,0,0
2940,2407.0,2.0,33.0,4.0,3.0,2.0,4.0,1.0,3.0,4.0,5.0,1,1
2942,2409.0,2.0,65.0,3.0,2.0,7.0,3.0,0.0,2.0,4.0,4.0,0,0
2943,2410.0,2.0,51.0,3.0,4.0,4.0,8.0,1.0,2.0,2.0,6.0,1,1
2944,7604.0,1.0,48.0,1.0,3.0,2.0,8.0,1.0,4.0,4.0,6.0,1,1
2945,2411.0,1.0,48.0,1.0,3.0,2.0,8.0,1.0,4.0,4.0,6.0,1,1
2946,2412.0,2.0,32.0,4.0,3.0,2.0,2.0,1.0,2.0,7.0,8.0,1,1
2947,2413.0,2.0,57.0,2.0,2.0,2.0,3.0,0.0,5.0,3.0,4.0,0,0
2948,7605.0,2.0,70.0,3.0,2.0,9.0,4.0,0.0,3.0,3.0,4.0,0,0
2949,2414.0,2.0,70.0,3.0,2.0,9.0,4.0,0.0,3.0,3.0,4.0,0,0
2950,9594.0,1.0,45.0,2.0,3.0,2.0,4.0,1.0,3.0,3.0,8.0,1,1
2951,2415.0,2.0,31.0,5.0,4.0,1.0,5.0,2.0,2.0,4.0,6.0,1,1
2952,2416.0,1.0,60.0,5.0,2.0,4.0,7.0,0.0,3.0,5.0,4.0,0,0
2953,2417.0,2.0,37.0,2.0,2.0,2.0,8.0,0.0,1.0,8.0,3.0,0,2
2954,2418.0,2.0,60.0,2.0,1.0,4.0,2.0,0.0,5.0,3.0,2.0,0,0
2955,2419.0,2.0,48.0,5.0,1.0,2.0,5.0,0.0,1.0,7.0,2.0,0,2
2956,2420.0,2.0,31.0,2.0,2.0,2.0,5.0,0.0,2.0,4.0,3.0,0,2
2957,2421.0,1.0,59.0,2.0,2.0,1.0,5.0,0.0,1.0,7.0,4.0,0,0
2958,2422.0,1.0,63.0,2.0,2.0,2.0,4.0,0.0,2.0,3.0,4.0,0,0
2959,2423.0,1.0,71.0,2.0,2.0,7.0,5.0,0.0,1.0,8.0,4.0,0,0
2960,2424.0,1.0,24.0,5.0,3.0,8.0,3.0,0.0,2.0,3.0,9.0,-1,-1
2961,2425.0,2.0,35.0,4.0,5.0,2.0,4.0,3.0,3.0,4.0,6.0,1,1
2962,2426.0,2.0,43.0,4.0,1.0,2.0,4.0,0.0,1.0,6.0,1.0,0,2
2963,2427.0,2.0,63.0,2.0,2.0,2.0,4.0,0.0,3.0,4.0,4.0,0,0
2964,7606.0,2.0,63.0,2.0,2.0,2.0,4.0,0.0,3.0,4.0,4.0,0,0
2965,2428.0,2.0,21.0,2.0,4.0,8.0,4.0,0.0,3.0,4.6,7.0,1,1
2966,2429.0,1.0,29.0,5.0,2.0,1.0,4.0,0.0,1.0,4.0,3.0,0,2
2967,2430.0,2.0,23.0,2.0,1.0,8.0,1.0,0.0,3.0,6.0,1.0,0,2
2968,8898.0,2.0,47.0,2.0,2.0,2.0,4.0,0.0,5.0,3.0,4.0,0,0
2969,2431.0,2.0,47.0,2.0,2.0,2.0,4.0,0.0,5.0,3.0,4.0,0,0
2970,2432.0,2.0,33.0,2.0,4.0,2.0,6.0,2.0,2.0,4.0,5.0,1,1
2971,2433.0,2.0,22.0,4.0,4.0,8.0,8.0,0.0,1.0,4.0,7.0,1,1
2972,2434.0,2.0,39.0,1.0,4.0,2.0,4.0,0.0,2.0,5.0,7.0,1,1
2973,2435.0,2.0,40.0,5.0,3.0,1.0,8.0,1.0,1.0,8.0,8.0,1,1
2974,2436.0,2.0,27.0,3.0,2.0,8.0,1.0,0.0,3.0,4.8,3.0,0,2
2975,2437.0,2.0,28.0,4.0,2.0,2.0,4.0,0.0,2.0,6.0,3.0,0,2
2976,2438.0,1.0,33.0,1.0,2.0,2.0,3.0,0.0,4.0,1.0,3.0,0,2
2977,2439.0,1.0,64.0,3.0,2.0,7.0,5.0,0.0,3.0,4.0,4.0,0,0
2978,2440.0,2.0,26.0,1.0,1.0,8.0,1.0,0.0,3.0,7.0,1.0,0,2
2979,2441.0,2.0,76.0,4.0,1.0,9.0,3.0,0.0,4.0,5.0,2.0,0,0
2980,2442.0,2.0,65.0,2.0,2.0,2.0,5.0,0.0,3.0,3.0,4.0,0,0
2981,2443.0,1.0,36.0,3.0,1.0,4.0,1.0,0.0,5.0,2.0,1.0,0,2
2982,2444.0,1.0,78.0,2.0,2.0,7.0,2.0,0.0,5.0,2.0,4.0,0,0
2983,8899.0,1.0,78.0,2.0,2.0,7.0,2.0,0.0,5.0,2.0,4.0,0,0
2984,2445.0,1.0,28.0,1.0,4.0,2.0,5.0,0.0,1.0,5.0,7.0,-1,-1
2986,2447.0,2.0,64.0,3.0,1.0,2.0,3.0,0.0,2.0,4.0,2.0,0,0
2987,8900.0,1.0,80.0,2.0,1.0,7.0,4.0,0.0,1.0,8.0,2.0,0,0
2988,2448.0,2.0,32.0,5.0,3.0,2.0,8.0,1.0,4.0,5.0,6.0,1,1
2989,2449.0,2.0,30.0,4.0,2.0,2.0,5.0,0.0,2.0,7.0,3.0,0,2
2990,2450.0,1.0,66.0,5.0,1.0,7.0,4.0,0.0,2.0,7.0,2.0,0,0
2991,2451.0,2.0,81.0,4.0,1.0,7.0,2.0,0.0,5.0,1.0,2.0,0,0
2992,2452.0,2.0,80.0,5.0,1.0,7.0,4.0,0.0,5.0,2.0,2.0,0,0
2993,2453.0,2.0,27.0,5.0,2.0,2.0,4.0,0.0,2.0,7.0,3.0,0,2
2994,2454.0,2.0,36.0,5.0,2.0,2.0,8.0,0.0,1.0,5.0,3.0,0,2
2995,2455.0,2.0,77.0,2.0,2.0,7.0,2.0,0.0,5.0,2.0,4.0,0,0
2996,2456.0,1.0,83.0,5.0,2.0,7.0,3.0,0.0,5.0,2.0,4.0,0,0
2997,2457.0,1.0,57.0,2.0,3.0,2.0,7.0,1.0,1.0,4.0,9.0,1,1
2999,2459.0,2.0,28.0,2.0,1.0,3.0,2.0,0.0,1.0,4.8,1.0,0,2
3000,2460.0,2.0,38.0,2.0,5.0,2.0,4.0,1.0,2.0,4.0,5.0,1,1
3001,2461.0,1.0,35.0,5.0,3.0,2.0,4.0,1.0,3.0,2.0,5.0,1,1
3002,2462.0,1.0,51.0,4.0,1.0,2.0,1.0,0.0,3.0,4.0,2.0,0,0
3003,2463.0,2.0,46.0,2.0,2.0,5.0,8.0,0.0,1.0,4.2,4.0,0,0
3004,2464.0,2.0,68.0,4.0,2.0,7.0,8.0,0.0,4.0,2.0,4.0,0,0
3005,2465.0,1.0,24.0,3.0,2.0,2.0,8.0,0.0,2.0,4.0,9.0,-1,-1
3006,2466.0,1.0,69.0,2.0,2.0,7.0,5.0,0.0,1.0,8.0,4.0,0,0
3007,2467.0,2.0,36.0,5.0,4.0,2.0,7.0,2.0,1.0,7.0,5.0,1,1
3009,2469.0,2.0,78.0,1.0,1.0,7.0,2.0,0.0,5.0,3.0,2.0,0,0
3011,2470.0,2.0,65.0,1.0,1.0,7.0,2.0,0.0,5.0,1.0,2.0,0,0
3012,2471.0,1.0,83.0,5.0,2.0,7.0,1.0,0.0,5.0,2.0,4.0,0,0
3013,2472.0,2.0,39.0,5.0,4.0,2.0,4.0,2.0,3.0,4.0,6.0,1,1
3014,2473.0,1.0,20.0,2.0,4.0,8.0,5.0,1.0,2.0,5.0,8.0,-1,-1
3015,2474.0,2.0,65.0,2.0,1.0,2.0,3.0,0.0,4.0,4.0,2.0,0,0
3016,8901.0,2.0,52.0,5.0,4.0,2.0,8.0,0.0,1.0,4.0,7.0,1,1
3017,7608.0,2.0,52.0,5.0,4.0,2.0,8.0,0.0,1.0,4.0,7.0,1,1
3018,9206.0,2.0,52.0,5.0,4.0,2.0,8.0,0.0,1.0,4.0,7.0,1,1
3019,2475.0,2.0,52.0,5.0,4.0,2.0,8.0,0.0,1.0,4.0,7.0,1,1
3020,2476.0,1.0,43.0,1.0,1.0,2.0,2.0,0.0,3.0,7.0,1.0,0,2
3021,2477.0,1.0,27.0,2.0,2.0,2.0,5.0,0.0,2.0,5.0,3.0,0,2
3022,7609.0,2.0,64.0,1.0,2.0,9.0,2.0,0.0,3.0,3.0,4.0,0,0
3023,2478.0,2.0,64.0,1.0,2.0,9.0,2.0,0.0,3.0,3.0,4.0,0,0
3024,2479.0,1.0,21.0,4.0,6.0,8.0,8.0,2.0,1.0,5.0,6.0,-1,-1
3025,2480.0,1.0,67.0,2.0,1.0,7.0,8.0,0.0,5.0,3.0,2.0,0,0
3026,2481.0,1.0,61.0,2.0,4.0,2.0,6.0,0.0,2.0,5.0,7.0,1,1
3027,2482.0,1.0,44.0,4.0,2.0,2.0,5.0,0.0,2.0,4.0,3.0,0,0
3028,2483.0,2.0,18.0,2.0,5.0,8.0,8.0,2.0,2.0,5.0,6.0,-1,-1
3029,2484.0,1.0,65.0,4.0,2.0,2.0,8.0,0.0,2.0,4.0,4.0,0,0
3030,2485.0,2.0,31.0,4.0,1.0,5.0,2.0,0.0,3.0,7.0,1.0,0,2
3031,2486.0,1.0,75.0,2.0,1.0,7.0,4.0,0.0,3.0,5.0,2.0,0,0
3033,2488.0,2.0,18.0,2.0,5.0,8.0,8.0,2.0,1.0,5.0,6.0,-1,-1
3034,2489.0,2.0,83.0,2.0,1.0,7.0,2.0,0.0,5.0,2.0,2.0,0,0
3035,2490.0,2.0,67.0,5.0,2.0,9.0,8.0,0.0,3.0,7.0,4.0,0,0
3036,2491.0,2.0,30.0,2.0,1.0,2.0,2.0,0.0,1.0,5.6,1.0,0,2
3037,2492.0,1.0,24.0,3.0,1.0,6.0,1.0,0.0,3.0,4.0,1.0,0,2
3038,2493.0,2.0,28.0,2.0,2.0,5.0,4.0,0.0,2.0,6.0,3.0,0,2
3039,2494.0,2.0,35.0,3.0,6.0,9.0,5.0,4.0,2.0,7.0,5.0,-1,-1
3040,9207.0,2.0,35.0,3.0,6.0,9.0,5.0,4.0,2.0,7.0,5.0,-1,-1
3041,2495.0,1.0,30.0,2.0,4.0,2.0,5.0,2.0,2.0,4.0,5.0,1,1
3042,2496.0,1.0,27.0,1.0,5.0,2.0,4.0,0.0,2.0,5.0,7.0,-1,-1
3043,2497.0,1.0,23.0,1.0,1.0,3.0,3.0,0.0,2.0,7.0,1.0,0,2
3044,2498.0,1.0,33.0,4.0,2.0,2.0,4.0,0.0,3.0,5.0,3.0,0,2
3045,2499.0,1.0,29.0,4.0,2.0,6.0,2.0,0.0,3.0,4.0,3.0,0,2
3046,2500.0,1.0,30.0,5.0,1.0,5.0,2.0,0.0,3.0,4.0,1.0,0,2
3047,2501.0,1.0,27.0,2.0,2.0,8.0,1.0,0.0,3.0,5.2,3.0,0,2
3048,2502.0,2.0,59.0,4.0,2.0,2.0,5.0,0.0,2.0,4.0,4.0,0,0
3049,2503.0,1.0,23.0,4.0,4.0,8.0,8.0,0.0,1.0,5.0,9.0,1,1
3050,2504.0,1.0,34.0,3.0,4.0,2.0,4.0,2.0,3.0,4.6,6.0,1,1
3051,2505.0,1.0,24.0,2.0,1.0,2.0,1.0,0.0,2.0,6.0,1.0,0,2
3052,2506.0,2.0,40.0,4.0,1.0,2.0,2.0,0.0,3.0,4.0,1.0,0,2
3053,2507.0,2.0,26.0,4.0,2.0,2.0,2.0,0.0,3.0,5.0,3.0,0,2
3054,2508.0,1.0,25.0,1.0,5.0,8.0,3.0,1.0,4.0,5.8,6.0,-1,-1
3055,2509.0,2.0,47.0,4.0,3.0,1.0,3.0,0.0,3.0,4.0,7.0,1,1
3056,2510.0,1.0,25.0,2.0,2.0,2.0,5.0,0.0,2.0,7.0,3.0,0,2
3057,2511.0,1.0,30.0,2.0,2.0,2.0,5.0,0.0,2.0,6.0,3.0,0,2
3058,9208.0,1.0,56.0,5.0,2.0,2.0,5.0,0.0,3.0,4.0,4.0,0,0
3059,7610.0,1.0,56.0,5.0,2.0,2.0,5.0,0.0,3.0,4.0,4.0,0,0
3060,2512.0,1.0,56.0,5.0,2.0,2.0,5.0,0.0,3.0,4.0,4.0,0,0
3061,2513.0,2.0,36.0,2.0,3.0,1.0,6.0,0.0,2.0,8.0,7.0,1,1
3062,2514.0,1.0,33.0,2.0,2.0,2.0,6.0,0.0,2.0,7.4,3.0,0,2
3063,2515.0,2.0,64.0,3.0,1.0,9.0,2.0,0.0,4.0,5.0,2.0,0,0
3066,2517.0,2.0,27.0,4.0,2.0,2.0,7.0,0.0,1.0,8.0,3.0,0,2
3067,2518.0,1.0,34.0,2.0,3.0,2.0,6.0,1.0,1.0,8.0,5.0,1,1
3068,2519.0,2.0,19.0,2.0,3.0,8.0,8.0,0.0,5.0,3.0,7.0,1,1
3069,2520.0,1.0,52.0,2.0,3.0,2.0,6.0,0.0,1.0,7.0,7.0,1,0
3070,2521.0,2.0,28.0,2.0,1.0,2.0,2.0,0.0,1.0,8.0,1.0,0,2
3071,2522.0,1.0,57.0,5.0,4.0,2.0,2.0,0.0,3.0,4.0,7.0,1,1
3073,2524.0,2.0,38.0,4.0,5.0,1.0,7.0,1.0,1.0,6.0,5.0,1,1
3074,2525.0,2.0,37.0,2.0,3.0,2.0,5.0,1.0,3.0,2.0,6.0,1,1
3075,2526.0,2.0,28.0,4.0,2.0,3.0,5.0,0.0,1.0,6.0,3.0,0,2
3076,2527.0,2.0,31.0,2.0,2.0,2.0,8.0,0.0,1.0,8.0,3.0,0,2
3078,2529.0,2.0,85.0,5.0,1.0,7.0,1.0,0.0,3.0,4.0,2.0,0,0
3079,2530.0,2.0,21.0,3.0,2.0,8.0,1.0,0.0,3.0,2.0,3.0,0,2
3080,2531.0,2.0,46.0,1.0,2.0,2.0,7.0,0.0,2.0,5.0,4.0,0,0
3081,2532.0,1.0,38.0,4.0,1.0,5.0,2.0,0.0,3.0,4.2,1.0,0,2
3082,2533.0,2.0,31.0,3.0,2.0,2.0,5.0,0.0,3.0,4.0,3.0,0,2
3083,2534.0,2.0,60.0,5.0,3.0,1.0,1.0,0.0,1.0,5.0,7.0,1,0
3084,7612.0,1.0,84.0,2.0,2.0,7.0,3.0,0.0,4.0,4.0,4.0,0,0
3085,2535.0,1.0,84.0,2.0,2.0,7.0,3.0,0.0,4.0,4.0,4.0,0,0
3086,2536.0,2.0,82.0,3.0,1.0,7.0,3.0,0.0,2.0,6.0,2.0,0,0
3087,2537.0,1.0,73.0,5.0,2.0,7.0,2.0,0.0,5.0,2.0,4.0,0,0
3088,2538.0,1.0,43.0,5.0,2.0,4.0,1.0,0.0,5.0,2.0,3.0,0,0
3089,2539.0,2.0,73.0,2.0,2.0,2.0,8.0,0.0,2.0,2.0,4.0,0,0
3090,2540.0,1.0,61.0,4.0,2.0,2.0,5.0,0.0,3.0,4.0,4.0,0,0
3091,2541.0,2.0,36.0,5.0,4.0,2.0,4.0,2.0,1.0,8.0,8.0,1,1
3092,2542.0,2.0,55.0,2.0,1.0,2.0,8.0,0.0,4.0,2.0,2.0,0,0
3093,2543.0,1.0,65.0,4.0,2.0,4.0,5.0,0.0,2.0,2.0,4.0,0,0
3094,2544.0,2.0,32.0,2.0,5.0,2.0,1.0,1.0,3.0,4.0,6.0,1,1
3096,7613.0,2.0,48.0,4.0,4.0,2.0,5.0,1.0,2.0,4.0,6.0,1,1
3097,2546.0,2.0,48.0,4.0,4.0,2.0,5.0,1.0,2.0,4.0,6.0,1,1
3098,2547.0,1.0,78.0,5.0,2.0,7.0,3.0,0.0,5.0,3.0,4.0,0,0
3099,2548.0,2.0,73.0,5.0,2.0,7.0,3.0,0.0,5.0,3.0,4.0,0,0
3100,9424.0,1.0,40.0,4.0,4.0,2.0,4.0,2.0,2.0,4.0,6.0,1,1
3101,2549.0,1.0,40.0,4.0,4.0,2.0,4.0,2.0,2.0,4.0,6.0,1,1
3102,9209.0,1.0,40.0,4.0,4.0,2.0,4.0,2.0,2.0,4.0,6.0,1,1
3103,7614.0,1.0,40.0,4.0,4.0,2.0,4.0,2.0,2.0,4.0,6.0,1,1
3104,2550.0,1.0,72.0,3.0,2.0,7.0,3.0,0.0,5.0,2.0,4.0,0,0
3105,2551.0,1.0,65.0,2.0,2.0,2.0,3.0,0.0,4.0,2.0,4.0,0,0
3106,7615.0,2.0,72.0,5.0,1.0,7.0,2.0,0.0,5.0,2.0,2.0,0,0
3107,2552.0,1.0,49.0,2.0,1.0,4.0,1.0,0.0,3.0,4.0,2.0,0,0
3108,2553.0,2.0,36.0,2.0,4.0,2.0,3.0,0.0,2.0,4.0,7.0,1,1
3109,2554.0,1.0,51.0,3.0,3.0,2.0,2.0,0.0,4.0,2.0,7.0,1,0
3110,2555.0,2.0,57.0,5.0,2.0,2.0,5.0,0.0,4.0,4.0,4.0,0,0
3111,7616.0,2.0,57.0,5.0,2.0,2.0,5.0,0.0,4.0,4.0,4.0,0,0
3113,2557.0,1.0,64.0,1.0,2.0,7.0,5.0,0.0,2.0,6.0,4.0,0,0
3114,2558.0,2.0,49.0,5.0,2.0,4.0,1.0,0.0,3.0,7.0,9.0,1,0
3115,2559.0,1.0,61.0,5.0,3.0,2.0,5.0,0.0,1.0,8.0,9.0,1,0
3116,2560.0,2.0,36.0,1.0,1.0,2.0,3.0,0.0,2.0,5.0,1.0,0,2
3117,2561.0,2.0,50.0,5.0,4.0,1.0,8.0,0.0,3.0,4.0,7.0,1,1
3118,2562.0,1.0,83.0,2.0,2.0,7.0,3.0,0.0,2.0,6.0,4.0,0,0
3119,8902.0,1.0,83.0,2.0,2.0,7.0,3.0,0.0,2.0,6.0,4.0,0,0
3121,2564.0,1.0,54.0,4.0,4.0,2.0,5.0,0.0,1.0,5.2,7.0,1,1
3122,2565.0,2.0,47.0,5.0,4.0,1.0,4.0,0.0,1.0,5.0,6.0,1,1
3123,2566.0,1.0,56.0,2.0,3.0,3.0,5.0,0.0,4.0,2.0,9.0,1,0
3124,7617.0,1.0,56.0,2.0,3.0,3.0,5.0,0.0,4.0,2.0,9.0,1,0
3125,2567.0,2.0,37.0,2.0,3.0,2.0,5.0,0.0,4.0,6.0,7.0,1,1
3126,2568.0,2.0,36.0,2.0,2.0,2.0,4.0,0.0,4.0,3.0,3.0,0,2
3128,2570.0,2.0,33.0,4.0,4.0,9.0,3.0,2.0,2.0,4.2,6.0,1,1
3129,2571.0,1.0,62.0,2.0,5.0,2.0,7.0,0.0,1.0,8.0,7.0,1,1
3130,2572.0,1.0,73.0,2.0,1.0,7.0,2.0,0.0,4.0,3.0,2.0,0,0
3131,2573.0,1.0,57.0,1.0,3.0,5.0,4.0,0.0,3.0,4.0,7.0,1,0
3132,2574.0,2.0,37.0,4.0,3.0,4.0,4.0,1.0,4.0,4.0,6.0,1,1
3133,2575.0,2.0,60.0,4.0,3.0,5.0,3.0,0.0,3.0,5.0,9.0,1,0
3134,2576.0,1.0,47.0,1.0,4.0,9.0,2.0,2.0,5.0,1.0,5.0,-1,-1
3135,2577.0,2.0,42.0,5.0,5.0,4.0,2.0,3.0,5.0,2.0,8.0,1,1
3136,2578.0,1.0,60.0,4.0,2.0,2.0,5.0,0.0,4.0,2.0,4.0,0,0
3137,2579.0,1.0,79.0,4.0,2.0,7.0,5.0,0.0,2.0,4.0,4.0,0,0
3139,2581.0,2.0,37.0,2.0,4.0,2.0,5.0,2.0,1.0,6.0,8.0,1,1
3140,2582.0,2.0,49.0,2.0,4.0,2.0,8.0,0.0,5.0,4.0,7.0,1,1
3141,2583.0,1.0,62.0,2.0,2.0,2.0,4.0,0.0,1.0,4.0,4.0,0,0
3142,2584.0,2.0,41.0,5.0,3.0,2.0,5.0,1.0,3.0,8.0,5.0,1,1
3143,2585.0,2.0,43.0,3.0,3.0,4.0,4.0,1.0,4.0,2.0,6.0,1,1
3144,2586.0,2.0,64.0,4.0,2.0,2.0,2.0,0.0,5.0,3.0,4.0,0,0
3145,2587.0,2.0,55.0,1.0,4.0,2.0,4.0,0.0,2.0,4.0,7.0,1,1
3146,2588.0,2.0,36.0,4.0,3.0,8.0,2.0,2.0,5.0,4.0,8.0,1,1
3147,2589.0,2.0,34.0,5.0,2.0,3.0,5.0,0.0,1.0,6.0,3.0,0,2
3148,2590.0,1.0,70.0,5.0,2.0,7.0,5.0,0.0,3.0,5.0,4.0,0,0
3149,2591.0,2.0,65.0,2.0,1.0,4.0,1.0,0.0,4.0,4.0,2.0,0,0
3150,2592.0,1.0,68.0,1.0,3.0,7.0,8.0,0.0,2.0,4.0,9.0,1,0
3151,2593.0,2.0,44.0,2.0,5.0,4.0,5.0,2.0,2.0,7.0,6.0,1,1
3152,2594.0,1.0,53.0,5.0,4.0,2.0,5.0,2.0,2.0,6.0,7.0,1,1
3153,2595.0,2.0,36.0,5.0,4.0,2.0,8.0,2.0,2.0,5.0,5.0,1,1
3154,2596.0,2.0,33.0,1.0,1.0,2.0,2.0,0.0,3.0,4.0,1.0,0,2
3155,2597.0,1.0,55.0,5.0,2.0,2.0,5.0,0.0,3.0,3.0,4.0,0,0
3157,2599.0,2.0,62.0,5.0,2.0,3.0,4.0,0.0,4.0,3.0,4.0,0,0
3158,2600.0,1.0,48.0,2.0,5.0,3.0,4.0,2.0,2.0,7.0,6.0,1,1
3159,2601.0,2.0,40.0,4.0,4.0,2.0,5.0,2.0,3.0,4.0,6.0,1,1
3160,7618.0,2.0,40.0,4.0,4.0,2.0,5.0,2.0,3.0,4.0,6.0,1,1
3162,2603.0,2.0,27.0,4.0,3.0,2.0,8.0,0.0,4.0,4.0,7.0,1,1
3164,2605.0,2.0,32.0,4.0,2.0,2.0,6.0,0.0,2.0,8.0,3.0,0,2
3165,2606.0,2.0,53.0,2.0,1.0,2.0,2.0,0.0,3.0,3.0,2.0,0,0
3167,2608.0,2.0,52.0,1.0,3.0,2.0,5.0,0.0,1.0,3.0,7.0,1,0
3168,2609.0,1.0,62.0,5.0,2.0,7.0,5.0,0.0,2.0,6.0,4.0,0,0
3169,2610.0,2.0,57.0,5.0,3.0,9.0,8.0,0.0,4.0,2.0,7.0,1,0
3170,2611.0,2.0,46.0,2.0,1.0,4.0,2.0,0.0,4.0,5.0,2.0,0,2
3171,2612.0,1.0,69.0,3.0,2.0,7.0,2.0,0.0,4.0,4.0,4.0,0,0
3173,7619.0,2.0,58.0,4.0,2.0,2.0,5.0,0.0,4.0,7.0,4.0,0,0
3174,2614.0,2.0,58.0,4.0,2.0,2.0,5.0,0.0,4.0,7.0,4.0,0,0
3175,2615.0,1.0,52.0,2.0,3.0,2.0,4.0,0.0,4.0,2.0,7.0,1,0
3176,8903.0,2.0,59.0,5.0,3.0,9.0,3.0,0.0,4.0,2.0,7.0,1,0
3177,2616.0,2.0,59.0,5.0,3.0,9.0,3.0,0.0,4.0,2.0,7.0,1,0
3178,7620.0,2.0,59.0,5.0,3.0,9.0,3.0,0.0,4.0,2.0,7.0,1,0
3179,2617.0,2.0,56.0,2.0,1.0,4.0,2.0,0.0,3.0,7.0,2.0,0,0
3180,2618.0,2.0,56.0,2.0,1.0,2.0,2.0,0.0,4.0,4.0,2.0,0,0
3182,2620.0,1.0,57.0,5.0,4.0,2.0,6.0,0.0,3.0,3.0,7.0,1,1
3183,2621.0,2.0,82.0,1.0,2.0,7.0,8.0,0.0,2.0,3.0,4.0,0,0
3184,2622.0,1.0,38.0,3.0,5.0,2.0,6.0,3.0,1.0,4.4,5.0,1,1
3186,2624.0,2.0,46.0,4.0,3.0,2.0,4.0,0.0,4.0,6.0,8.0,1,1
3187,2625.0,2.0,47.0,5.0,2.0,6.0,1.0,0.0,4.0,3.0,4.0,0,0
3188,2626.0,2.0,65.0,2.0,2.0,4.0,1.0,0.0,5.0,2.0,9.0,1,0
3189,2627.0,2.0,60.0,1.0,2.0,5.0,2.0,0.0,5.0,5.0,4.0,0,0
3190,2628.0,1.0,23.0,5.0,3.0,8.0,1.0,0.0,3.0,5.0,9.0,-1,-1
3191,2629.0,2.0,54.0,2.0,3.0,2.0,6.0,0.0,1.0,6.0,9.0,1,1
3192,2630.0,1.0,67.0,5.0,3.0,7.0,5.0,0.0,3.0,5.0,7.0,1,0
3193,2631.0,1.0,72.0,5.0,1.0,7.0,2.0,0.0,5.0,1.0,2.0,0,0
3194,2632.0,2.0,64.0,2.0,2.0,9.0,8.0,0.0,5.0,3.0,4.0,0,0
3195,2633.0,1.0,63.0,4.0,2.0,5.0,2.0,0.0,5.0,2.0,4.0,0,0
3196,2634.0,2.0,70.0,2.0,1.0,7.0,2.0,0.0,4.0,4.0,2.0,0,0
3197,2635.0,2.0,33.0,4.0,4.0,5.0,5.0,2.0,2.0,6.0,5.0,1,1
3198,2636.0,2.0,21.0,3.0,2.0,8.0,3.0,0.0,2.0,6.0,3.0,0,2
3199,2637.0,2.0,60.0,4.0,1.0,2.0,3.0,0.0,3.0,4.0,2.0,0,0
3200,2638.0,2.0,80.0,4.0,1.0,7.0,2.0,0.0,5.0,3.0,2.0,0,0
3201,2639.0,2.0,83.0,2.0,2.0,9.0,4.0,0.0,3.0,3.0,4.0,0,0
3202,2640.0,2.0,71.0,2.0,1.0,7.0,2.0,0.0,5.0,3.0,2.0,0,0
3203,2641.0,2.0,40.0,5.0,3.0,2.0,4.0,1.0,3.0,4.0,8.0,1,1
3204,2642.0,2.0,61.0,4.0,2.0,9.0,3.0,0.0,4.0,4.0,4.0,0,0
3205,2643.0,1.0,63.0,4.0,2.0,4.0,3.0,0.0,4.0,4.0,4.0,0,0
3206,2644.0,1.0,82.0,4.0,2.0,7.0,2.0,0.0,5.0,3.0,4.0,0,0
3207,2645.0,1.0,59.0,4.0,3.0,3.0,5.0,0.0,2.0,4.0,7.0,1,0
3208,2646.0,1.0,72.0,2.0,2.0,7.0,3.0,0.0,4.0,4.0,4.0,0,0
3209,2647.0,2.0,28.0,2.0,2.0,8.0,8.0,0.0,3.0,7.0,3.0,0,2
3210,2648.0,1.0,85.0,5.0,1.0,7.0,2.0,0.0,3.0,5.0,2.0,0,0
3211,2649.0,1.0,70.0,1.0,2.0,7.0,8.0,0.0,5.0,3.0,4.0,0,0
3212,2650.0,2.0,31.0,3.0,1.0,2.0,5.0,0.0,1.0,8.0,1.0,0,2
3213,2651.0,1.0,55.0,2.0,4.0,3.0,5.0,0.0,3.0,3.0,9.0,1,1
3214,2652.0,1.0,59.0,4.0,2.0,2.0,4.0,0.0,3.0,4.0,4.0,0,0
3215,2653.0,1.0,52.0,4.0,2.0,4.0,3.0,0.0,5.0,2.0,4.0,0,0
3216,2654.0,2.0,39.0,5.0,3.0,2.0,1.0,2.0,3.0,4.0,8.0,1,1
3217,2655.0,2.0,36.0,1.0,1.0,4.0,1.0,0.0,4.0,4.0,1.0,0,2
3218,2656.0,2.0,22.0,4.0,3.0,5.0,8.0,0.0,1.0,3.0,7.0,1,1
3219,2657.0,1.0,57.0,5.0,7.0,2.0,4.0,2.0,2.0,6.0,8.0,-1,-1
3220,2658.0,2.0,47.0,5.0,2.0,2.0,8.0,0.0,4.0,4.0,4.0,0,0
3221,7621.0,2.0,47.0,5.0,2.0,2.0,8.0,0.0,4.0,4.0,4.0,0,0
3222,9595.0,2.0,81.0,3.0,2.0,7.0,8.0,0.0,5.0,4.0,4.0,0,0
3223,2659.0,2.0,46.0,5.0,1.0,2.0,8.0,0.0,2.0,7.0,2.0,0,2
3224,2660.0,2.0,51.0,5.0,4.0,4.0,7.0,2.0,1.0,2.0,6.0,1,1
3225,9596.0,1.0,61.0,2.0,2.0,4.0,3.0,0.0,5.0,3.0,4.0,0,0
3226,2661.0,1.0,60.0,1.0,2.0,2.0,3.0,0.0,3.0,3.0,4.0,0,0
3227,2662.0,2.0,36.0,5.0,1.0,1.0,1.0,0.0,1.0,7.0,1.0,0,2
3228,2663.0,2.0,29.0,5.0,3.0,2.0,5.0,1.0,2.0,8.0,5.0,1,1
3229,2664.0,2.0,33.0,3.0,3.0,2.0,4.0,1.0,1.0,6.0,5.0,1,1
3230,2665.0,1.0,63.0,5.0,3.0,2.0,5.0,0.0,4.0,1.0,7.0,1,0
3231,2666.0,2.0,45.0,4.0,1.0,2.0,2.0,0.0,3.0,4.0,2.0,0,2
3232,2667.0,2.0,35.0,3.0,4.0,2.0,5.0,2.0,2.0,5.4,6.0,1,1
3233,2668.0,2.0,29.0,3.0,1.0,5.0,1.0,0.0,3.0,7.0,1.0,0,2
3234,2669.0,2.0,26.0,3.0,1.0,8.0,1.0,0.0,3.0,4.0,1.0,0,2
3235,2670.0,2.0,36.0,2.0,6.0,2.0,5.0,4.0,2.0,4.0,5.0,2,1
3236,2671.0,2.0,34.0,2.0,4.0,1.0,3.0,2.0,4.0,2.0,5.0,1,1
3237,2672.0,2.0,31.0,2.0,1.0,2.0,1.0,0.0,1.0,5.4,1.0,0,2
3238,2673.0,2.0,31.0,2.0,1.0,2.0,4.0,0.0,1.0,8.0,1.0,0,2
3239,2674.0,2.0,61.0,5.0,2.0,2.0,5.0,0.0,3.0,3.0,4.0,0,0
3240,2675.0,1.0,71.0,2.0,2.0,7.0,4.0,0.0,5.0,3.0,4.0,0,0
3241,2676.0,2.0,79.0,5.0,2.0,7.0,2.0,0.0,5.0,7.0,4.0,0,0
3242,2677.0,2.0,19.0,3.0,2.0,8.0,1.0,0.0,5.0,3.0,3.0,0,2
3243,2678.0,2.0,60.0,5.0,1.0,4.0,2.0,0.0,3.0,6.0,2.0,0,0
3244,2679.0,1.0,58.0,5.0,1.0,2.0,3.0,0.0,4.0,3.0,2.0,0,0
3245,2680.0,2.0,60.0,5.0,1.0,4.0,1.0,0.0,3.0,6.0,2.0,0,0
3246,2681.0,2.0,21.0,2.0,4.0,8.0,8.0,0.0,2.0,6.0,7.0,1,1
3247,2682.0,2.0,37.0,3.0,2.0,2.0,5.0,0.0,3.0,4.0,3.0,0,2
3248,2683.0,2.0,48.0,5.0,6.0,2.0,6.0,2.0,2.0,6.0,6.0,-1,-1
3249,2684.0,2.0,36.0,2.0,3.0,4.0,4.0,1.0,3.0,4.0,6.0,1,1
3250,2685.0,2.0,39.0,2.0,2.0,5.0,2.0,0.0,4.0,4.0,3.0,0,2
3251,2686.0,2.0,25.0,4.0,1.0,2.0,1.0,0.0,2.0,7.0,1.0,0,2
3252,2687.0,1.0,76.0,1.0,2.0,7.0,3.0,0.0,2.0,6.0,4.0,0,0
3253,2688.0,2.0,19.0,4.0,4.0,8.0,2.0,1.0,4.0,1.0,6.0,-1,-1
3254,2689.0,2.0,42.0,2.0,1.0,2.0,4.0,0.0,2.0,6.0,1.0,0,2
3255,2690.0,2.0,45.0,3.0,4.0,2.0,8.0,1.0,2.0,4.0,7.0,1,1
3256,2691.0,2.0,24.0,2.0,1.0,8.0,1.0,0.0,3.0,6.0,1.0,0,2
3257,2692.0,2.0,66.0,5.0,2.0,7.0,3.0,0.0,5.0,2.0,4.0,0,0
3258,7622.0,2.0,66.0,5.0,2.0,7.0,3.0,0.0,5.0,2.0,4.0,0,0
3259,2693.0,2.0,49.0,4.0,5.0,2.0,5.0,0.0,3.0,4.0,7.0,1,1
3260,2694.0,2.0,42.0,5.0,3.0,6.0,1.0,2.0,5.0,2.0,8.0,1,1
3261,2695.0,1.0,68.0,5.0,2.0,7.0,5.0,0.0,5.0,3.0,4.0,0,0
3262,2696.0,2.0,43.0,2.0,3.0,2.0,3.0,2.0,2.0,6.0,8.0,1,1
3263,2697.0,1.0,66.0,5.0,1.0,7.0,2.0,0.0,5.0,1.0,2.0,0,0
3264,2698.0,2.0,27.0,2.0,5.0,9.0,5.0,3.0,1.0,3.0,5.0,-1,-1
3265,2699.0,1.0,51.0,2.0,5.0,2.0,6.0,3.0,1.0,8.0,6.0,1,1
3266,9425.0,1.0,51.0,2.0,5.0,2.0,6.0,3.0,1.0,8.0,6.0,1,1
3267,8904.0,1.0,51.0,2.0,5.0,2.0,6.0,3.0,1.0,8.0,6.0,1,1
3268,2700.0,1.0,78.0,4.0,2.0,7.0,3.0,0.0,5.0,2.0,4.0,0,0
3269,7623.0,1.0,78.0,4.0,2.0,7.0,3.0,0.0,5.0,2.0,4.0,0,0
3270,2701.0,1.0,44.0,1.0,4.0,2.0,5.0,0.0,2.0,4.0,8.0,1,1
3271,2702.0,1.0,48.0,4.0,1.0,2.0,5.0,0.0,1.0,8.0,2.0,0,2
3272,7624.0,2.0,67.0,5.0,2.0,1.0,8.0,0.0,2.0,4.0,4.0,0,0
3273,9426.0,2.0,67.0,5.0,2.0,1.0,8.0,0.0,2.0,4.0,4.0,0,0
3275,2704.0,2.0,63.0,5.0,1.0,2.0,2.0,0.0,4.0,2.0,2.0,0,0
3276,2705.0,2.0,25.0,2.0,3.0,8.0,8.0,0.0,1.0,7.0,7.0,1,1
3277,2706.0,2.0,73.0,5.0,2.0,9.0,3.0,0.0,4.0,6.0,4.0,0,0
3278,2707.0,2.0,29.0,2.0,2.0,8.0,4.0,0.0,1.0,8.0,3.0,0,2
3281,2709.0,2.0,33.0,5.0,3.0,2.0,8.0,1.0,3.0,6.0,5.0,1,1
3282,2710.0,2.0,37.0,2.0,1.0,9.0,1.0,0.0,5.0,4.0,1.0,0,2
3283,2711.0,2.0,55.0,4.0,3.0,2.0,8.0,0.0,3.0,4.0,7.0,1,0
3284,8905.0,2.0,47.0,2.0,3.0,2.0,8.0,1.0,2.0,2.0,6.0,1,1
3285,2712.0,2.0,47.0,2.0,3.0,2.0,8.0,1.0,2.0,2.0,6.0,1,1
3286,7626.0,2.0,47.0,2.0,3.0,2.0,8.0,1.0,2.0,2.0,6.0,1,1
3287,2713.0,1.0,53.0,4.0,2.0,3.0,4.0,0.0,2.0,7.0,4.0,0,0
3288,2714.0,2.0,36.0,5.0,3.0,2.0,3.0,2.0,2.0,7.0,8.0,1,1
3289,2715.0,2.0,33.0,4.0,3.0,2.0,6.0,1.0,1.0,8.0,5.0,1,1
3290,2716.0,2.0,41.0,3.0,4.0,2.0,2.0,2.0,2.0,4.0,8.0,1,1
3291,2717.0,1.0,45.0,2.0,4.0,5.0,8.0,2.0,5.0,2.0,6.0,1,1
3292,2718.0,2.0,53.0,5.0,4.0,2.0,4.0,0.0,1.0,8.0,7.0,1,1
3293,2719.0,2.0,65.0,4.0,2.0,2.0,5.0,0.0,3.0,4.0,4.0,0,0
3294,2720.0,1.0,32.0,2.0,3.0,3.0,5.0,1.0,1.0,7.0,5.0,1,1
3295,2721.0,2.0,34.0,4.0,2.0,4.0,4.0,0.0,3.0,8.0,3.0,0,2
3296,2722.0,2.0,38.0,1.0,1.0,3.0,4.0,0.0,1.0,8.0,1.0,0,2
3297,2723.0,1.0,57.0,4.0,2.0,2.0,5.0,0.0,3.0,4.0,4.0,0,0
3298,2724.0,2.0,35.0,5.0,4.0,2.0,8.0,2.0,1.0,8.0,8.0,1,1
3299,2725.0,2.0,33.0,2.0,2.0,2.0,5.0,0.0,2.0,7.0,3.0,0,2
3300,2726.0,1.0,79.0,2.0,2.0,7.0,3.0,0.0,5.0,3.0,4.0,0,0
3301,2727.0,2.0,32.0,2.0,4.0,2.0,4.0,2.0,3.0,3.0,5.0,1,1
3303,2729.0,1.0,52.0,2.0,3.0,2.0,8.0,0.0,4.0,2.0,7.0,1,0
3304,2730.0,1.0,53.0,5.0,4.0,2.0,6.0,1.0,3.0,4.0,6.0,1,1
3305,2731.0,1.0,55.0,5.0,2.0,2.0,4.0,0.0,3.0,3.0,4.0,0,0
3306,2732.0,2.0,65.0,2.0,2.0,9.0,2.0,0.0,5.0,2.0,4.0,0,0
3307,9210.0,2.0,65.0,2.0,2.0,9.0,2.0,0.0,5.0,2.0,4.0,0,0
3308,2733.0,1.0,63.0,5.0,2.0,4.0,7.0,0.0,3.0,7.0,4.0,0,0
3309,2734.0,2.0,55.0,4.0,2.0,1.0,5.0,0.0,1.0,8.0,4.0,0,0
3310,2735.0,1.0,48.0,4.0,4.0,2.0,5.0,2.0,2.0,4.0,6.0,1,1
3311,2736.0,2.0,71.0,2.0,1.0,7.0,2.0,0.0,2.0,6.0,2.0,0,0
3312,2737.0,2.0,30.0,2.0,3.0,2.0,8.0,1.0,1.0,7.0,5.0,1,1
3313,2738.0,1.0,36.0,5.0,4.0,2.0,6.0,2.0,1.0,8.0,5.0,1,1
3314,2739.0,1.0,28.0,2.0,1.0,8.0,2.0,0.0,3.0,6.0,1.0,0,2
3315,2740.0,2.0,62.0,2.0,1.0,2.0,7.0,0.0,1.0,8.0,2.0,0,0
3316,2741.0,2.0,35.0,2.0,3.0,2.0,2.0,2.0,2.0,7.0,8.0,1,1
3317,2742.0,1.0,34.0,3.0,3.0,2.0,4.0,1.0,2.0,6.0,8.0,1,1
3318,2743.0,1.0,38.0,4.0,8.0,2.0,5.0,3.0,2.0,4.0,5.0,-1,-1
3319,2744.0,2.0,36.0,4.0,1.0,2.0,3.0,0.0,1.0,6.0,1.0,0,2
3320,2745.0,2.0,30.0,5.0,4.0,2.0,3.0,2.0,1.0,8.0,5.0,1,1
3321,2746.0,1.0,36.0,5.0,1.0,2.0,5.0,0.0,2.0,7.0,1.0,0,2
3322,2747.0,2.0,46.0,3.0,1.0,9.0,1.0,0.0,4.0,5.0,2.0,0,0
3323,2748.0,2.0,41.0,2.0,4.0,2.0,6.0,2.0,2.0,7.0,6.0,1,1
3324,2749.0,2.0,32.0,4.0,1.0,2.0,4.0,0.0,1.0,6.4,1.0,0,2
3325,2750.0,1.0,44.0,5.0,2.0,2.0,7.0,0.0,1.0,5.6,3.0,0,2
3326,9567.0,2.0,33.0,5.0,4.0,2.0,8.0,2.0,2.0,7.0,5.0,1,1
3327,9667.0,2.0,33.0,5.0,4.0,2.0,8.0,2.0,2.0,7.0,5.0,1,1
3328,9597.0,2.0,33.0,5.0,4.0,2.0,8.0,2.0,2.0,7.0,5.0,1,1
3329,2751.0,2.0,29.0,2.0,3.0,8.0,8.0,0.0,5.0,7.0,7.0,1,1
3330,2752.0,2.0,41.0,5.0,2.0,2.0,8.0,0.0,2.0,5.0,3.0,0,2
3331,7627.0,1.0,59.0,3.0,2.0,5.0,8.0,0.0,5.0,2.0,4.0,0,0
3332,2753.0,1.0,46.0,3.0,2.0,2.0,7.0,0.0,1.0,5.0,3.0,0,0
3333,2754.0,1.0,51.0,3.0,2.0,2.0,3.0,0.0,3.0,4.0,4.0,0,0
3334,2755.0,1.0,51.0,1.0,4.0,2.0,6.0,2.0,2.0,7.0,6.0,1,1
3335,9598.0,2.0,78.0,2.0,1.0,7.0,2.0,0.0,2.0,6.0,2.0,0,0
3336,9599.0,2.0,78.0,3.0,1.0,7.0,2.0,0.0,5.0,3.0,2.0,0,0
3337,2756.0,2.0,29.0,2.0,4.0,2.0,4.0,2.0,3.0,3.0,5.0,1,1
3338,2757.0,2.0,59.0,5.0,3.0,2.0,8.0,0.0,3.0,3.0,7.0,1,0
3340,2758.0,2.0,36.0,5.0,1.0,2.0,2.0,0.0,1.0,8.0,1.0,0,2
3341,2759.0,1.0,41.0,2.0,3.0,2.0,7.0,1.0,1.0,8.0,5.0,1,1
3342,2760.0,2.0,39.0,3.0,4.0,2.0,4.0,2.0,2.0,4.0,6.0,1,1
3343,2761.0,2.0,35.0,4.0,5.0,2.0,3.0,3.0,3.0,4.0,6.0,1,1
3344,2762.0,2.0,52.0,2.0,3.0,2.0,1.0,1.0,3.0,4.0,8.0,1,1
3345,2763.0,2.0,67.0,3.0,2.0,7.0,8.0,0.0,3.0,3.0,4.0,0,0
3346,7629.0,2.0,67.0,3.0,2.0,7.0,8.0,0.0,3.0,3.0,4.0,0,0
3347,2764.0,2.0,64.0,5.0,2.0,9.0,2.0,0.0,3.0,5.0,4.0,0,0
3348,2765.0,2.0,71.0,1.0,2.0,7.0,5.0,0.0,2.0,4.0,4.0,0,0
3349,2766.0,2.0,48.0,5.0,3.0,2.0,2.0,1.0,4.0,4.0,8.0,1,1
3350,7630.0,2.0,48.0,5.0,3.0,2.0,2.0,1.0,4.0,4.0,8.0,1,1
3351,9211.0,2.0,48.0,5.0,3.0,2.0,2.0,1.0,4.0,4.0,8.0,1,1
3352,2767.0,1.0,40.0,2.0,1.0,2.0,2.0,0.0,3.0,4.0,1.0,0,2
3354,2768.0,1.0,26.0,5.0,2.0,2.0,8.0,0.0,1.0,8.0,3.0,0,2
3355,2769.0,2.0,28.0,1.0,3.0,8.0,3.0,0.0,3.0,7.0,7.0,1,1
3356,2770.0,2.0,35.0,2.0,1.0,4.0,1.0,0.0,3.0,8.0,1.0,0,2
3357,2771.0,1.0,67.0,4.0,2.0,7.0,5.0,0.0,2.0,4.0,4.0,0,0
3358,2772.0,1.0,59.0,1.0,1.0,2.0,3.0,0.0,2.0,5.0,2.0,0,0
3359,9600.0,1.0,50.0,5.0,3.0,1.0,6.0,1.0,1.0,7.0,6.0,1,1
3360,2773.0,2.0,24.0,4.0,1.0,2.0,1.0,0.0,2.0,4.0,1.0,0,2
3361,2774.0,2.0,32.0,4.0,4.0,9.0,2.0,2.0,4.0,4.0,5.0,1,1
3362,2775.0,2.0,32.0,3.0,2.0,2.0,7.0,0.0,1.0,8.0,3.0,0,2
3363,2776.0,2.0,31.0,2.0,3.0,2.0,5.0,1.0,2.0,6.0,5.0,1,1
3364,2777.0,2.0,35.0,5.0,3.0,2.0,5.0,1.0,2.0,5.0,6.0,1,1
3366,2779.0,1.0,29.0,5.0,4.0,2.0,7.0,0.0,2.0,6.0,7.0,1,1
3367,2780.0,2.0,57.0,5.0,2.0,2.0,8.0,0.0,4.0,2.0,4.0,0,0
3368,2781.0,2.0,45.0,4.0,5.0,1.0,5.0,0.0,1.0,3.0,7.0,1,1
3369,2782.0,2.0,30.0,1.0,1.0,1.0,2.0,0.0,1.0,6.0,1.0,0,2
3370,2783.0,1.0,28.0,5.0,1.0,2.0,2.0,0.0,2.0,5.2,1.0,0,2
3371,2784.0,1.0,45.0,1.0,1.0,1.0,7.0,0.0,1.0,7.0,2.0,0,2
3372,9427.0,1.0,45.0,1.0,1.0,1.0,7.0,0.0,1.0,7.0,2.0,0,2
3373,2785.0,1.0,34.0,5.0,4.0,2.0,8.0,2.0,3.0,4.0,5.0,1,1
3374,2786.0,2.0,45.0,2.0,5.0,1.0,8.0,1.0,1.0,4.0,6.0,1,1
3375,2787.0,2.0,34.0,3.0,2.0,1.0,1.0,0.0,3.0,4.0,3.0,0,2
3376,2788.0,1.0,37.0,5.0,2.0,2.0,5.0,0.0,3.0,4.0,3.0,0,2
3377,2789.0,2.0,63.0,5.0,1.0,4.0,2.0,0.0,4.0,4.0,2.0,0,0
3378,2790.0,2.0,75.0,4.0,2.0,7.0,4.0,0.0,2.0,6.0,4.0,0,0
3379,2791.0,1.0,68.0,5.0,2.0,7.0,4.0,0.0,5.0,3.0,4.0,0,0
3381,2792.0,1.0,59.0,3.0,2.0,2.0,5.0,0.0,3.0,6.0,3.0,0,0
3382,2793.0,1.0,53.0,5.0,3.0,2.0,4.0,0.0,3.0,4.0,7.0,1,0
3383,2794.0,1.0,22.0,4.0,4.0,8.0,4.0,0.0,4.0,5.0,7.0,1,1
3384,2795.0,1.0,37.0,2.0,3.0,2.0,3.0,1.0,3.0,2.0,5.0,1,1
3385,2796.0,1.0,63.0,2.0,4.0,1.0,3.0,0.0,1.0,5.0,7.0,1,1
3386,2797.0,1.0,21.0,4.0,1.0,8.0,1.0,0.0,3.0,4.8,1.0,0,2
3387,2798.0,2.0,26.0,1.0,2.0,8.0,3.0,0.0,1.0,4.8,3.0,0,2
3388,2799.0,2.0,41.0,5.0,3.0,2.0,4.0,1.0,3.0,4.0,6.0,1,1
3389,2800.0,1.0,23.0,1.0,2.0,8.0,1.0,0.0,3.0,7.0,3.0,0,2
3390,2801.0,1.0,20.0,5.0,3.0,8.0,2.0,0.0,3.0,2.0,9.0,-1,-1
3391,2802.0,2.0,54.0,1.0,1.0,2.0,1.0,0.0,2.0,6.0,2.0,0,0
3392,2803.0,1.0,30.0,2.0,2.0,1.0,6.0,0.0,2.0,4.0,3.0,0,2
3393,2804.0,1.0,36.0,2.0,4.0,2.0,5.0,2.0,2.0,5.0,6.0,1,1
3394,2805.0,2.0,36.0,4.0,2.0,2.0,6.0,0.0,1.0,7.0,3.0,0,2
3395,2806.0,1.0,34.0,5.0,4.0,2.0,4.0,2.0,2.0,7.0,5.0,1,1
3396,2807.0,2.0,26.0,4.0,3.0,8.0,8.0,0.0,1.0,6.0,7.0,1,1
3397,2808.0,1.0,63.0,4.0,2.0,2.0,6.0,0.0,3.0,4.0,4.0,0,0
3398,2809.0,2.0,38.0,1.0,1.0,2.0,2.0,0.0,2.0,3.0,1.0,0,2
3399,2810.0,2.0,19.0,2.0,4.0,8.0,8.0,0.0,1.0,6.0,7.0,1,1
3401,2812.0,1.0,29.0,1.0,2.0,3.0,4.0,0.0,3.0,4.0,3.0,0,2
3402,2813.0,2.0,59.0,2.0,2.0,2.0,8.0,0.0,2.0,4.0,9.0,1,0
3403,2814.0,2.0,20.0,2.0,4.0,8.0,4.0,0.0,1.0,5.0,9.0,1,1
3404,2815.0,2.0,20.0,4.0,4.0,8.0,8.0,1.0,1.0,5.0,7.0,1,1
3405,2816.0,1.0,66.0,5.0,2.0,7.0,5.0,0.0,2.0,6.0,4.0,0,0
3406,2817.0,1.0,51.0,1.0,4.0,2.0,7.0,2.0,1.0,7.0,6.0,1,1
3407,2818.0,2.0,49.0,5.0,1.0,2.0,2.0,0.0,2.0,2.0,2.0,0,0
3408,2819.0,1.0,18.0,4.0,5.0,8.0,8.0,0.0,5.0,1.0,7.0,-1,-1
3409,2820.0,1.0,58.0,5.0,1.0,2.0,5.0,0.0,3.0,4.0,2.0,0,0
3410,2821.0,1.0,18.0,4.0,6.0,8.0,8.0,3.0,5.0,4.2,6.0,-1,-1
3412,2822.0,1.0,30.0,2.0,2.0,2.0,4.0,0.0,1.0,7.0,3.0,0,2
3413,2823.0,2.0,48.0,4.0,1.0,4.0,2.0,0.0,3.0,4.0,2.0,0,0
3414,2824.0,1.0,28.0,2.0,1.0,2.0,4.0,0.0,1.0,8.0,1.0,0,2
3415,2825.0,1.0,27.0,2.0,1.0,2.0,2.0,0.0,2.0,4.0,1.0,0,2
3416,2826.0,2.0,57.0,2.0,2.0,1.0,4.0,0.0,4.0,3.0,4.0,0,0
3417,2827.0,2.0,23.0,2.0,3.0,8.0,8.0,0.0,3.0,4.0,7.0,1,1
3418,2828.0,1.0,54.0,2.0,4.0,3.0,5.0,0.0,2.0,4.0,7.0,1,1
3419,7631.0,1.0,54.0,2.0,4.0,3.0,5.0,0.0,2.0,4.0,7.0,1,1
3420,9213.0,1.0,54.0,2.0,4.0,3.0,5.0,0.0,2.0,4.0,7.0,1,1
3421,8907.0,1.0,54.0,2.0,4.0,3.0,5.0,0.0,2.0,4.0,7.0,1,1
3422,9429.0,1.0,54.0,2.0,4.0,3.0,5.0,0.0,2.0,4.0,7.0,1,1
3423,2829.0,2.0,34.0,2.0,4.0,2.0,5.0,2.0,2.0,8.0,6.0,1,1
3426,2831.0,1.0,22.0,3.0,4.0,8.0,6.0,0.0,1.0,5.0,7.0,1,1
3427,2832.0,1.0,38.0,2.0,3.0,2.0,4.0,1.0,3.0,4.0,6.0,1,1
3428,2833.0,1.0,50.0,2.0,4.0,2.0,5.0,1.0,4.0,3.0,6.0,1,1
3430,7633.0,2.0,58.0,1.0,2.0,3.0,5.0,0.0,3.0,4.0,4.0,0,0
3431,2835.0,2.0,58.0,1.0,2.0,3.0,5.0,0.0,3.0,4.0,4.0,0,0
3432,2836.0,2.0,55.0,2.0,1.0,4.0,2.0,0.0,4.0,5.0,2.0,0,0
3433,9518.0,2.0,48.0,4.0,5.0,1.0,5.0,1.0,2.0,7.0,7.0,1,1
3434,9430.0,2.0,48.0,4.0,5.0,1.0,5.0,1.0,2.0,7.0,7.0,1,1
3435,2837.0,2.0,48.0,4.0,5.0,1.0,5.0,1.0,2.0,7.0,7.0,1,1
3436,2838.0,1.0,33.0,5.0,4.0,2.0,5.0,2.0,2.0,4.0,8.0,1,1
3437,7634.0,1.0,33.0,5.0,4.0,2.0,5.0,2.0,2.0,4.0,8.0,1,1
3438,2839.0,1.0,34.0,2.0,1.0,2.0,5.0,0.0,1.0,8.0,1.0,0,2
3439,2840.0,1.0,39.0,1.0,1.0,2.0,5.0,0.0,2.0,6.0,1.0,0,2
3440,2841.0,1.0,52.0,1.0,4.0,2.0,4.0,0.0,5.0,2.0,7.0,1,1
3441,2842.0,2.0,67.0,2.0,2.0,7.0,3.0,0.0,4.0,4.0,4.0,0,0
3442,2843.0,2.0,28.0,1.0,1.0,8.0,1.0,0.0,3.0,6.0,1.0,0,2
3443,2844.0,2.0,37.0,4.0,2.0,4.0,8.0,0.0,4.0,4.0,3.0,0,2
3444,2845.0,1.0,51.0,3.0,1.0,2.0,5.0,0.0,2.0,7.0,2.0,0,2
3445,9668.0,2.0,57.0,2.0,3.0,2.0,6.0,0.0,1.0,4.8,7.0,1,0
3448,2846.0,2.0,51.0,2.0,2.0,3.0,4.0,1.0,3.0,3.0,8.0,1,0
3449,2847.0,2.0,31.0,1.0,3.0,2.0,4.0,1.0,3.0,5.0,8.0,1,1
3450,2848.0,2.0,27.0,5.0,3.0,2.0,4.0,0.0,2.0,7.0,7.0,1,1
3451,2849.0,2.0,36.0,2.0,1.0,2.0,4.0,0.0,2.0,4.8,1.0,0,2
3452,2850.0,2.0,34.0,3.0,3.0,2.0,5.0,1.0,4.0,4.0,5.0,1,1
3453,2851.0,2.0,60.0,2.0,1.0,2.0,2.0,0.0,3.0,4.0,2.0,0,0
3454,2852.0,2.0,32.0,4.0,4.0,2.0,5.0,2.0,2.0,5.0,5.0,1,1
3455,2853.0,2.0,56.0,5.0,2.0,4.0,4.0,0.0,5.0,2.0,4.0,0,0
3456,7635.0,2.0,56.0,5.0,2.0,4.0,4.0,0.0,5.0,2.0,4.0,0,0
3457,2854.0,2.0,29.0,2.0,1.0,2.0,5.0,0.0,1.0,5.8,1.0,0,2
3458,2855.0,2.0,24.0,3.0,2.0,8.0,8.0,0.0,1.0,6.0,3.0,0,2
3459,2856.0,1.0,30.0,4.0,4.0,2.0,8.0,0.0,3.0,5.2,7.0,1,1
3460,2857.0,2.0,26.0,2.0,1.0,8.0,1.0,0.0,3.0,7.0,1.0,0,2
3461,9670.0,2.0,56.0,1.0,2.0,2.0,8.0,0.0,5.0,4.6,3.0,0,0
3462,2858.0,2.0,75.0,4.0,2.0,7.0,2.0,0.0,5.0,4.0,4.0,0,0
3463,2859.0,2.0,59.0,5.0,1.0,7.0,2.0,0.0,4.0,4.0,2.0,0,0
3464,2860.0,2.0,41.0,2.0,3.0,2.0,4.0,1.0,3.0,4.0,6.0,1,1
3465,2861.0,2.0,23.0,2.0,3.0,8.0,8.0,0.0,2.0,6.0,9.0,1,1
3466,2862.0,1.0,23.0,2.0,4.0,8.0,8.0,0.0,3.0,5.0,7.0,1,1
3467,2863.0,2.0,46.0,1.0,4.0,2.0,7.0,2.0,1.0,8.0,8.0,1,1
3468,2864.0,2.0,21.0,4.0,3.0,8.0,1.0,0.0,3.0,6.0,7.0,1,1
3469,2865.0,1.0,33.0,3.0,5.0,1.0,8.0,0.0,3.0,4.0,8.0,-1,-1
3470,2866.0,1.0,32.0,4.0,3.0,1.0,4.0,1.0,1.0,3.0,5.0,1,1
3471,2867.0,2.0,63.0,5.0,2.0,9.0,8.0,0.0,5.0,3.0,4.0,0,0
3472,7636.0,2.0,63.0,5.0,2.0,9.0,8.0,0.0,5.0,3.0,4.0,0,0
3473,2868.0,2.0,24.0,1.0,3.0,2.0,8.0,0.0,4.0,4.0,9.0,1,1
3474,9601.0,1.0,54.0,5.0,4.0,1.0,3.0,2.0,1.0,6.0,6.0,1,1
3475,9671.0,1.0,54.0,5.0,4.0,1.0,3.0,2.0,1.0,6.0,6.0,1,1
3476,2869.0,2.0,57.0,1.0,4.0,4.0,3.0,0.0,5.0,3.0,9.0,1,1
3477,9214.0,2.0,57.0,1.0,4.0,4.0,3.0,0.0,5.0,3.0,9.0,1,1
3478,2870.0,2.0,58.0,3.0,1.0,5.0,2.0,0.0,4.0,4.0,2.0,0,0
3480,2871.0,2.0,53.0,4.0,5.0,2.0,8.0,0.0,4.0,3.0,7.0,1,1
3481,2872.0,2.0,45.0,5.0,2.0,2.0,2.0,0.0,2.0,3.0,4.0,0,0
3482,2873.0,2.0,30.0,2.0,1.0,8.0,1.0,0.0,3.0,7.0,1.0,0,2
3483,2874.0,2.0,51.0,4.0,1.0,3.0,3.0,0.0,2.0,4.0,2.0,0,0
3484,2875.0,2.0,69.0,4.0,2.0,7.0,3.0,0.0,5.0,2.0,4.0,0,0
3485,2876.0,1.0,26.0,5.0,4.0,8.0,5.0,0.0,1.0,5.4,9.0,1,1
3486,2877.0,2.0,26.0,5.0,2.0,2.0,4.0,0.0,2.0,4.0,3.0,0,2
3487,2878.0,2.0,64.0,2.0,1.0,4.0,1.0,0.0,3.0,7.0,2.0,0,0
3488,2879.0,1.0,55.0,2.0,2.0,4.0,8.0,0.0,3.0,2.0,4.0,0,0
3489,2880.0,1.0,27.0,5.0,2.0,2.0,4.0,0.0,2.0,5.6,3.0,0,2
3490,2881.0,1.0,37.0,4.0,2.0,2.0,5.0,0.0,3.0,6.0,3.0,0,2
3491,2882.0,1.0,50.0,5.0,3.0,2.0,2.0,1.0,3.0,4.0,8.0,1,1
3492,8908.0,1.0,50.0,5.0,3.0,2.0,2.0,1.0,3.0,4.0,8.0,1,1
3493,9215.0,1.0,50.0,5.0,3.0,2.0,2.0,1.0,3.0,4.0,8.0,1,1
3494,7637.0,1.0,50.0,5.0,3.0,2.0,2.0,1.0,3.0,4.0,8.0,1,1
3495,2883.0,1.0,25.0,4.0,2.0,8.0,2.0,0.0,3.0,6.0,3.0,0,2
3496,2884.0,1.0,22.0,2.0,3.0,2.0,5.0,0.0,3.0,6.0,7.0,1,1
3497,2885.0,1.0,18.0,1.0,4.0,8.0,8.0,1.0,3.0,1.0,6.0,-1,-1
3498,2886.0,1.0,32.0,4.0,3.0,2.0,2.0,0.0,3.0,6.0,7.0,1,1
3499,2887.0,1.0,34.0,1.0,1.0,2.0,3.0,0.0,2.0,5.0,1.0,0,2
3500,2888.0,1.0,20.0,1.0,3.0,8.0,1.0,1.0,3.0,3.0,8.0,-1,-1
3501,2889.0,1.0,45.0,4.0,1.0,1.0,2.0,0.0,1.0,4.0,2.0,0,2
3502,2890.0,1.0,22.0,5.0,4.0,8.0,4.0,1.0,4.0,6.0,7.0,1,1
3503,2891.0,1.0,24.0,2.0,1.0,8.0,8.0,0.0,5.0,2.0,1.0,-1,-1
3504,2892.0,1.0,35.0,4.0,1.0,2.0,3.0,0.0,3.0,4.0,1.0,0,2
3505,2893.0,1.0,28.0,5.0,2.0,2.0,5.0,0.0,2.0,7.0,3.0,0,2
3506,2894.0,2.0,66.0,2.0,2.0,7.0,8.0,0.0,3.0,2.0,4.0,0,0
3507,2895.0,1.0,70.0,5.0,2.0,7.0,5.0,0.0,5.0,3.0,4.0,0,0
3508,2896.0,2.0,41.0,2.0,3.0,5.0,4.0,2.0,4.0,5.0,8.0,1,1
3509,2897.0,2.0,68.0,4.0,2.0,7.0,3.0,0.0,5.0,3.0,4.0,0,0
3510,2898.0,1.0,65.0,4.0,2.0,7.0,5.0,0.0,3.0,5.0,4.0,0,0
3511,2899.0,1.0,49.0,4.0,2.0,3.0,5.0,0.0,2.0,7.0,4.0,0,0
3512,2900.0,1.0,53.0,5.0,4.0,2.0,5.0,1.0,2.0,4.0,7.0,1,1
3513,2901.0,2.0,54.0,4.0,4.0,2.0,8.0,0.0,1.0,4.0,7.0,1,1
3514,8909.0,2.0,54.0,4.0,4.0,2.0,8.0,0.0,1.0,4.0,7.0,1,1
3515,2902.0,2.0,41.0,4.0,4.0,2.0,4.0,1.0,1.0,6.0,6.0,1,1
3516,2903.0,1.0,44.0,4.0,1.0,2.0,4.0,0.0,1.0,8.0,1.0,0,2
3517,2904.0,1.0,51.0,2.0,3.0,2.0,6.0,0.0,3.0,4.0,7.0,1,0
3518,2905.0,2.0,48.0,4.0,4.0,1.0,6.0,2.0,1.0,8.0,6.0,1,1
3519,2906.0,2.0,73.0,4.0,2.0,7.0,7.0,0.0,1.0,8.0,4.0,0,0
3520,2907.0,2.0,49.0,2.0,1.0,1.0,8.0,0.0,2.0,2.0,2.0,0,0
3521,2908.0,1.0,66.0,5.0,2.0,5.0,5.0,0.0,3.0,7.0,4.0,0,0
3522,2909.0,1.0,57.0,3.0,3.0,1.0,7.0,0.0,1.0,8.0,7.0,1,0
3523,2910.0,1.0,71.0,1.0,2.0,7.0,5.0,0.0,2.0,6.0,4.0,0,0
3524,2911.0,2.0,59.0,4.0,2.0,2.0,4.0,0.0,1.0,3.0,4.0,0,0
3525,2912.0,2.0,47.0,3.0,4.0,2.0,3.0,0.0,1.0,4.0,7.0,1,1
3526,2913.0,1.0,70.0,2.0,2.0,7.0,5.0,0.0,2.0,6.0,4.0,0,0
3527,2914.0,1.0,57.0,5.0,2.0,2.0,5.0,0.0,3.0,3.0,4.0,0,0
3528,2915.0,2.0,49.0,2.0,5.0,2.0,4.0,3.0,1.0,5.0,6.0,1,1
3529,2916.0,1.0,48.0,5.0,4.0,2.0,5.0,2.0,2.0,4.0,6.0,1,1
3530,2917.0,2.0,31.0,4.0,2.0,2.0,6.0,0.0,1.0,8.0,3.0,0,2
3531,2918.0,1.0,70.0,1.0,1.0,7.0,3.0,0.0,4.0,4.0,2.0,0,0
3532,2919.0,2.0,30.0,3.0,2.0,2.0,5.0,0.0,1.0,8.0,3.0,0,2
3533,2920.0,2.0,30.0,5.0,1.0,2.0,2.0,0.0,3.0,2.0,1.0,0,2
3534,2921.0,1.0,53.0,3.0,2.0,2.0,4.0,1.0,3.0,4.0,9.0,1,1
3535,2922.0,2.0,57.0,4.0,2.0,2.0,3.0,0.0,2.0,6.0,4.0,0,0
3536,2923.0,2.0,46.0,3.0,2.0,3.0,5.0,0.0,3.0,4.0,4.0,0,0
3537,2924.0,1.0,70.0,3.0,2.0,7.0,5.0,0.0,3.0,5.0,4.0,0,0
3538,2925.0,1.0,56.0,1.0,1.0,4.0,2.0,0.0,4.0,4.0,2.0,0,0
3539,9216.0,1.0,25.0,3.0,2.0,2.0,5.0,0.0,2.0,6.0,3.0,0,2
3540,2926.0,1.0,25.0,3.0,2.0,2.0,5.0,0.0,2.0,6.0,3.0,0,2
3541,2927.0,1.0,54.0,2.0,1.0,4.0,2.0,0.0,3.0,6.0,2.0,0,0
3542,2928.0,2.0,42.0,4.0,6.0,2.0,8.0,4.0,1.0,5.0,6.0,2,1
3543,2929.0,1.0,68.0,2.0,2.0,7.0,2.0,0.0,5.0,3.0,4.0,0,0
3544,2930.0,2.0,73.0,5.0,2.0,7.0,4.0,0.0,1.0,4.0,4.0,0,0
3545,2931.0,1.0,39.0,1.0,4.0,2.0,6.0,2.0,2.0,5.0,5.0,1,1
3546,2932.0,1.0,73.0,2.0,2.0,7.0,5.0,0.0,4.0,4.0,4.0,0,0
3547,2933.0,2.0,49.0,4.0,4.0,1.0,6.0,0.0,1.0,7.0,9.0,1,1
3548,2934.0,2.0,43.0,3.0,4.0,2.0,6.0,2.0,1.0,8.0,8.0,1,1
3549,2935.0,2.0,39.0,5.0,4.0,3.0,8.0,2.0,1.0,8.0,6.0,1,1
3550,2936.0,2.0,33.0,5.0,4.0,2.0,5.0,2.0,1.0,7.0,5.0,1,1
3551,2937.0,2.0,64.0,1.0,1.0,7.0,8.0,0.0,5.0,3.0,2.0,0,0
3552,2938.0,1.0,69.0,4.0,2.0,7.0,3.0,0.0,2.0,6.0,4.0,0,0
3553,2939.0,2.0,66.0,3.0,2.0,9.0,8.0,0.0,5.0,1.0,4.0,0,0
3554,2940.0,1.0,67.0,4.0,2.0,7.0,6.0,0.0,1.0,8.0,4.0,0,0
3555,2941.0,1.0,60.0,5.0,3.0,7.0,5.0,0.0,4.0,4.0,7.0,1,0
3556,2942.0,1.0,59.0,4.0,2.0,2.0,8.0,0.0,3.0,3.0,4.0,0,0
3557,2943.0,2.0,49.0,2.0,1.0,2.0,4.0,0.0,3.0,4.0,2.0,0,0
3558,2944.0,1.0,56.0,4.0,2.0,3.0,6.0,0.0,2.0,6.0,4.0,0,0
3559,7638.0,2.0,61.0,5.0,2.0,4.0,8.0,0.0,3.0,3.0,4.0,0,0
3560,2945.0,2.0,61.0,5.0,2.0,4.0,8.0,0.0,3.0,3.0,4.0,0,0
3561,2946.0,2.0,55.0,5.0,2.0,5.0,8.0,0.0,4.0,6.0,4.0,0,0
3562,2947.0,2.0,60.0,4.0,1.0,4.0,1.0,0.0,4.0,4.0,2.0,0,0
3563,2948.0,2.0,47.0,1.0,1.0,4.0,2.0,0.0,4.0,4.0,2.0,0,0
3564,2949.0,2.0,61.0,1.0,2.0,2.0,5.0,0.0,2.0,7.0,9.0,1,0
3565,2950.0,1.0,61.0,1.0,2.0,2.0,8.0,0.0,2.0,4.0,4.0,0,0
3566,2951.0,1.0,65.0,4.0,1.0,7.0,2.0,0.0,1.0,7.0,2.0,0,0
3567,2952.0,1.0,53.0,4.0,1.0,2.0,4.0,0.0,4.0,2.0,2.0,0,0
3568,2953.0,2.0,63.0,2.0,3.0,2.0,5.0,0.0,3.0,5.0,7.0,1,0
3569,2954.0,2.0,43.0,2.0,1.0,1.0,2.0,0.0,1.0,7.0,1.0,0,2
3570,2955.0,1.0,47.0,5.0,3.0,2.0,4.0,1.0,4.0,2.0,6.0,1,1
3571,7639.0,1.0,47.0,5.0,3.0,2.0,4.0,1.0,4.0,2.0,6.0,1,1
3572,2956.0,1.0,67.0,1.0,2.0,7.0,2.0,0.0,4.0,4.0,4.0,0,0
3573,2957.0,2.0,48.0,5.0,3.0,9.0,4.0,1.0,3.0,4.0,7.0,1,1
3574,2958.0,1.0,67.0,4.0,2.0,7.0,5.0,0.0,4.0,4.0,4.0,0,0
3575,2959.0,2.0,33.0,1.0,2.0,2.0,8.0,0.0,2.0,6.0,3.0,0,2
3576,9602.0,1.0,55.0,2.0,3.0,2.0,3.0,0.0,1.0,7.0,9.0,1,0
3577,2960.0,1.0,68.0,5.0,2.0,7.0,2.0,0.0,4.0,4.0,4.0,0,0
3578,2961.0,2.0,56.0,2.0,2.0,4.0,2.0,0.0,4.0,4.0,3.0,0,0
3579,2962.0,2.0,45.0,2.0,1.0,4.0,1.0,0.0,3.0,6.0,2.0,0,2
3580,9603.0,1.0,54.0,5.0,1.0,2.0,4.0,0.0,3.0,4.0,2.0,0,0
3581,2963.0,2.0,46.0,2.0,3.0,2.0,5.0,1.0,4.0,3.0,6.0,1,1
3582,2964.0,1.0,66.0,3.0,3.0,4.0,1.0,0.0,5.0,3.0,9.0,1,0
3583,2965.0,1.0,58.0,3.0,2.0,3.0,8.0,0.0,1.0,6.0,4.0,0,0
3584,2966.0,2.0,23.0,2.0,1.0,5.0,1.0,0.0,3.0,3.0,1.0,0,2
3585,2967.0,1.0,45.0,1.0,4.0,2.0,4.0,1.0,2.0,4.0,5.0,1,1
3586,2968.0,2.0,57.0,5.0,4.0,4.0,8.0,2.0,2.0,4.0,6.0,1,1
3587,2969.0,1.0,75.0,4.0,2.0,9.0,4.0,0.0,5.0,3.0,4.0,0,0
3588,2970.0,2.0,25.0,4.0,2.0,2.0,2.0,0.0,3.0,4.6,3.0,0,2
3589,2971.0,2.0,49.0,3.0,1.0,3.0,5.0,0.0,1.0,8.0,2.0,0,2
3590,2972.0,2.0,51.0,1.0,1.0,2.0,3.0,0.0,2.0,5.0,2.0,0,0
3591,2973.0,1.0,60.0,5.0,3.0,1.0,5.0,0.0,1.0,6.0,7.0,1,0
3592,2974.0,1.0,57.0,1.0,1.0,2.0,5.0,0.0,2.0,4.0,2.0,0,0
3593,2975.0,1.0,64.0,5.0,2.0,3.0,4.0,0.0,2.0,5.0,4.0,0,0
3594,2976.0,2.0,32.0,1.0,1.0,2.0,2.0,0.0,2.0,4.6,1.0,0,2
3595,2977.0,1.0,79.0,2.0,1.0,7.0,4.0,0.0,2.0,7.0,2.0,0,0
3596,2978.0,2.0,57.0,1.0,1.0,5.0,1.0,0.0,4.0,5.0,2.0,0,0
3597,2979.0,1.0,60.0,3.0,2.0,2.0,8.0,0.0,2.0,5.0,4.0,0,0
3598,2980.0,1.0,79.0,3.0,2.0,7.0,5.0,0.0,1.0,8.0,4.0,0,0
3599,2981.0,2.0,47.0,2.0,3.0,2.0,6.0,0.0,3.0,4.0,7.0,1,1
3600,2982.0,1.0,64.0,2.0,2.0,2.0,8.0,0.0,2.0,7.0,4.0,0,0
3601,7640.0,1.0,53.0,5.0,4.0,2.0,6.0,1.0,3.0,4.0,6.0,1,1
3602,2983.0,1.0,53.0,5.0,4.0,2.0,6.0,1.0,3.0,4.0,6.0,1,1
3603,2984.0,1.0,76.0,2.0,2.0,7.0,4.0,0.0,2.0,6.0,4.0,0,0
3604,2985.0,2.0,70.0,2.0,1.0,7.0,3.0,0.0,2.0,6.0,2.0,0,0
3605,2986.0,2.0,35.0,5.0,4.0,2.0,8.0,1.0,3.0,4.0,5.0,1,1
3606,9672.0,2.0,68.0,1.0,2.0,7.0,8.0,0.0,3.0,3.0,4.0,0,0
3607,2987.0,1.0,47.0,4.0,4.0,1.0,3.0,2.0,1.0,4.0,6.0,1,1
3608,2988.0,1.0,60.0,2.0,2.0,3.0,5.0,0.0,1.0,8.0,4.0,0,0
3609,2989.0,2.0,65.0,2.0,2.0,7.0,8.0,0.0,5.0,4.0,4.0,0,0
3610,2990.0,2.0,46.0,2.0,2.0,2.0,2.0,1.0,2.0,4.0,8.0,1,1
3611,2991.0,2.0,60.0,4.0,1.0,4.0,2.0,0.0,3.0,7.0,2.0,0,0
3612,2992.0,1.0,61.0,5.0,2.0,2.0,8.0,0.0,4.0,1.0,4.0,0,0
3613,9604.0,2.0,45.0,1.0,2.0,2.0,5.0,0.0,1.0,5.0,9.0,1,0
3614,2993.0,1.0,44.0,5.0,3.0,2.0,6.0,0.0,1.0,7.0,7.0,1,1
3615,2994.0,1.0,52.0,4.0,1.0,2.0,3.0,0.0,4.0,3.0,2.0,0,0
3617,2996.0,2.0,43.0,2.0,2.0,9.0,4.0,0.0,1.0,6.0,3.0,0,2
3618,2997.0,2.0,39.0,1.0,2.0,2.0,1.0,1.0,3.0,4.0,8.0,1,1
3619,2998.0,1.0,65.0,5.0,2.0,2.0,5.0,0.0,2.0,6.0,4.0,0,0
3620,2999.0,2.0,57.0,2.0,2.0,3.0,4.0,1.0,2.0,6.0,9.0,1,1
3621,3000.0,1.0,55.0,1.0,1.0,6.0,8.0,0.0,4.0,4.0,2.0,0,0
3622,3001.0,1.0,48.0,1.0,3.0,2.0,4.0,1.0,4.0,2.0,7.0,1,1
3623,3002.0,1.0,66.0,4.0,1.0,3.0,3.0,0.0,2.0,6.0,2.0,0,0
3624,3003.0,1.0,42.0,1.0,1.0,2.0,5.0,0.0,1.0,8.0,1.0,0,2
3625,3004.0,2.0,33.0,4.0,3.0,5.0,4.0,1.0,3.0,4.0,6.0,1,1
3626,3005.0,1.0,69.0,5.0,2.0,7.0,5.0,0.0,2.0,4.0,4.0,0,0
3627,3006.0,2.0,38.0,4.0,4.0,1.0,5.0,2.0,1.0,7.0,6.0,1,1
3628,3007.0,2.0,48.0,3.0,5.0,2.0,8.0,3.0,1.0,5.0,6.0,1,1
3629,3008.0,1.0,53.0,1.0,1.0,5.0,1.0,0.0,4.0,4.0,2.0,0,0
3630,3009.0,1.0,56.0,2.0,3.0,2.0,5.0,1.0,1.0,6.0,8.0,1,1
3631,3010.0,2.0,43.0,4.0,4.0,4.0,8.0,2.0,3.0,4.0,6.0,1,1
3632,3011.0,1.0,54.0,4.0,3.0,5.0,3.0,1.0,5.0,3.0,7.0,1,1
3633,3012.0,2.0,57.0,5.0,2.0,9.0,2.0,0.0,3.0,4.0,4.0,0,0
3634,3013.0,1.0,64.0,2.0,2.0,1.0,5.0,0.0,1.0,5.0,4.0,0,0
3635,8910.0,2.0,62.0,5.0,2.0,4.0,8.0,0.0,3.0,5.0,4.0,0,0
3636,3014.0,2.0,62.0,5.0,2.0,4.0,8.0,0.0,3.0,5.0,4.0,0,0
3637,3015.0,2.0,56.0,2.0,1.0,9.0,2.0,0.0,4.0,5.0,2.0,0,0
3638,3016.0,1.0,53.0,2.0,3.0,2.0,4.0,0.0,4.0,2.0,7.0,1,0
3639,3017.0,1.0,62.0,3.0,2.0,2.0,5.0,0.0,5.0,2.0,4.0,0,0
3640,3018.0,2.0,47.0,3.0,3.0,2.0,8.0,0.0,3.0,4.0,7.0,1,1
3641,3019.0,2.0,40.0,3.0,4.0,3.0,6.0,2.0,3.0,6.0,6.0,1,1
3642,3020.0,2.0,49.0,4.0,4.0,2.0,6.0,2.0,1.0,8.0,8.0,1,1
3643,3021.0,1.0,65.0,2.0,1.0,5.0,2.0,0.0,5.0,3.0,2.0,0,0
3644,3022.0,1.0,68.0,2.0,2.0,7.0,5.0,0.0,4.0,4.0,4.0,0,0
3645,3023.0,1.0,77.0,2.0,2.0,7.0,5.0,0.0,5.0,3.0,4.0,0,0
3646,3024.0,2.0,70.0,2.0,2.0,7.0,4.0,0.0,4.0,3.0,4.0,0,0
3647,3025.0,2.0,69.0,4.0,2.0,7.0,8.0,0.0,5.0,3.0,4.0,0,0
3648,3026.0,1.0,70.0,2.0,2.0,7.0,5.0,0.0,2.0,7.0,4.0,0,0
3651,3028.0,2.0,38.0,2.0,5.0,2.0,5.0,3.0,3.0,4.0,6.0,1,1
3652,3029.0,1.0,78.0,5.0,2.0,7.0,6.0,0.0,2.0,6.0,4.0,0,0
3653,3030.0,2.0,71.0,5.0,2.0,1.0,4.0,0.0,1.0,7.0,4.0,0,0
3654,3031.0,1.0,66.0,4.0,3.0,7.0,5.0,0.0,5.0,3.0,9.0,1,0
3655,3032.0,2.0,37.0,1.0,3.0,2.0,2.0,2.0,2.0,4.0,8.0,1,1
3656,3033.0,1.0,39.0,2.0,4.0,2.0,6.0,1.0,2.0,4.8,6.0,1,1
3657,3034.0,2.0,63.0,1.0,2.0,2.0,8.0,0.0,3.0,4.0,4.0,0,0
3658,3035.0,1.0,76.0,2.0,2.0,7.0,8.0,0.0,3.0,5.0,4.0,0,0
3659,3036.0,2.0,41.0,1.0,2.0,4.0,3.0,0.0,3.0,7.0,9.0,1,0
3660,3037.0,1.0,43.0,2.0,5.0,2.0,8.0,3.0,2.0,5.0,6.0,1,1
3661,3038.0,1.0,63.0,2.0,1.0,1.0,8.0,0.0,1.0,5.0,2.0,0,0
3662,3039.0,2.0,43.0,5.0,2.0,2.0,5.0,0.0,3.0,4.0,3.0,0,0
3663,3040.0,1.0,27.0,4.0,1.0,2.0,3.0,0.0,1.0,7.0,1.0,0,2
3664,3041.0,2.0,39.0,5.0,3.0,4.0,8.0,1.0,5.0,2.0,8.0,1,1
3665,3042.0,1.0,41.0,2.0,7.0,2.0,5.0,5.0,1.0,8.0,6.0,-1,-1
3666,3043.0,1.0,54.0,4.0,1.0,5.0,8.0,0.0,3.0,4.0,2.0,0,0
3667,3044.0,1.0,62.0,4.0,1.0,2.0,3.0,0.0,4.0,3.0,2.0,0,0
3668,3045.0,1.0,78.0,4.0,2.0,7.0,2.0,0.0,5.0,2.0,4.0,0,0
3669,3046.0,1.0,39.0,5.0,5.0,2.0,5.0,3.0,4.0,4.0,8.0,1,1
3670,3047.0,1.0,57.0,2.0,2.0,1.0,7.0,0.0,1.0,4.0,4.0,0,0
3671,3048.0,2.0,44.0,4.0,1.0,4.0,2.0,0.0,5.0,2.0,1.0,0,0
3672,3049.0,1.0,51.0,5.0,2.0,2.0,7.0,0.0,3.0,4.0,4.0,0,0
3673,3050.0,2.0,56.0,4.0,1.0,4.0,2.0,0.0,3.0,6.0,2.0,0,0
3674,3051.0,2.0,30.0,1.0,3.0,2.0,2.0,2.0,3.0,4.0,8.0,1,1
3675,3052.0,1.0,47.0,1.0,1.0,2.0,5.0,0.0,3.0,3.6,2.0,0,0
3676,3053.0,2.0,43.0,5.0,5.0,2.0,6.0,3.0,3.0,4.0,6.0,1,1
3677,3054.0,2.0,37.0,5.0,7.0,4.0,5.0,5.0,2.0,2.0,5.0,-1,-1
3678,3055.0,2.0,47.0,5.0,4.0,2.0,5.0,0.0,4.0,4.0,7.0,1,1
3679,3056.0,2.0,46.0,3.0,2.0,5.0,2.0,0.0,5.0,4.0,9.0,1,0
3680,3057.0,2.0,62.0,4.0,1.0,1.0,2.0,0.0,1.0,3.0,2.0,0,0
3681,9217.0,2.0,59.0,4.0,2.0,9.0,8.0,0.0,2.0,4.0,4.0,0,0
3682,9432.0,2.0,59.0,4.0,2.0,9.0,8.0,0.0,2.0,4.0,4.0,0,0
3683,3058.0,2.0,59.0,4.0,2.0,9.0,8.0,0.0,2.0,4.0,4.0,0,0
3684,3059.0,1.0,69.0,5.0,2.0,7.0,5.0,0.0,1.0,8.0,4.0,0,0
3685,3060.0,1.0,65.0,1.0,1.0,2.0,4.0,0.0,2.0,5.0,2.0,0,0
3686,3061.0,1.0,52.0,5.0,4.0,2.0,5.0,1.0,2.0,4.0,6.0,1,1
3687,3062.0,1.0,45.0,5.0,4.0,9.0,6.0,2.0,1.0,7.0,6.0,1,1
3688,3063.0,1.0,64.0,2.0,3.0,5.0,8.0,0.0,5.0,2.0,9.0,1,0
3689,3064.0,1.0,68.0,2.0,2.0,7.0,4.0,0.0,2.0,3.0,4.0,0,0
3690,9433.0,2.0,63.0,2.0,2.0,9.0,5.0,0.0,2.0,4.0,4.0,0,0
3691,3065.0,2.0,70.0,4.0,2.0,7.0,8.0,0.0,4.0,5.0,4.0,0,0
3692,9673.0,1.0,69.0,4.0,2.0,7.0,5.0,0.0,2.0,6.0,4.0,0,0
3693,3066.0,2.0,56.0,2.0,1.0,1.0,3.0,0.0,1.0,5.0,2.0,0,0
3694,3067.0,1.0,56.0,5.0,5.0,1.0,6.0,1.0,1.0,4.0,7.0,1,1
3695,9519.0,1.0,56.0,5.0,5.0,1.0,6.0,1.0,1.0,4.0,7.0,1,1
3696,3068.0,2.0,58.0,2.0,3.0,2.0,4.0,0.0,5.0,3.0,9.0,1,0
3697,7641.0,2.0,40.0,5.0,5.0,2.0,4.0,3.0,2.0,4.0,8.0,1,1
3698,3069.0,1.0,46.0,5.0,2.0,2.0,4.0,0.0,1.0,4.0,3.0,0,0
3699,3070.0,2.0,74.0,4.0,2.0,7.0,4.0,0.0,5.0,2.0,4.0,0,0
3700,3071.0,2.0,43.0,2.0,1.0,2.0,4.0,0.0,2.0,6.0,1.0,0,2
3701,3072.0,1.0,72.0,1.0,2.0,7.0,8.0,0.0,2.0,5.6,4.0,0,0
3702,3073.0,2.0,29.0,2.0,1.0,2.0,5.0,0.0,2.0,6.0,1.0,0,2
3703,3074.0,1.0,70.0,4.0,2.0,7.0,7.0,0.0,1.0,8.0,4.0,0,0
3704,3075.0,1.0,83.0,1.0,1.0,7.0,2.0,0.0,3.0,5.0,2.0,0,0
3705,7642.0,2.0,53.0,2.0,2.0,2.0,6.0,0.0,3.0,6.0,4.0,0,0
3706,3076.0,1.0,69.0,3.0,2.0,7.0,4.0,0.0,2.0,6.0,4.0,0,0
3707,3077.0,1.0,65.0,5.0,2.0,7.0,8.0,0.0,2.0,7.0,4.0,0,0
3708,3078.0,2.0,38.0,5.0,2.0,2.0,5.0,0.0,2.0,7.0,3.0,0,2
3710,3080.0,2.0,47.0,4.0,1.0,4.0,2.0,0.0,4.0,4.0,2.0,0,0
3711,3081.0,1.0,76.0,2.0,2.0,7.0,3.0,0.0,2.0,6.0,4.0,0,0
3712,3082.0,1.0,60.0,4.0,1.0,4.0,2.0,0.0,4.0,3.0,2.0,0,0
3713,3083.0,2.0,43.0,5.0,3.0,5.0,4.0,1.0,3.0,2.0,8.0,1,1
3714,3084.0,1.0,65.0,4.0,1.0,5.0,3.0,0.0,4.0,4.0,2.0,0,0
3715,3085.0,1.0,58.0,2.0,4.0,2.0,7.0,0.0,1.0,5.0,7.0,1,1
3716,3086.0,1.0,73.0,2.0,2.0,7.0,5.0,0.0,2.0,6.0,4.0,0,0
3717,9560.0,2.0,49.0,3.0,2.0,2.0,2.0,0.0,5.0,2.0,9.0,1,0
3718,3087.0,1.0,47.0,2.0,2.0,1.0,8.0,0.0,1.0,6.0,3.0,0,0
3719,3088.0,1.0,72.0,2.0,2.0,7.0,5.0,0.0,2.0,6.0,4.0,0,0
3720,3089.0,1.0,61.0,2.0,2.0,2.0,7.0,0.0,2.0,6.0,4.0,0,0
3721,8912.0,1.0,64.0,4.0,2.0,6.0,2.0,0.0,5.0,2.0,4.0,0,0
3722,3090.0,1.0,64.0,4.0,2.0,6.0,2.0,0.0,5.0,2.0,4.0,0,0
3723,3091.0,1.0,66.0,2.0,2.0,7.0,4.0,0.0,4.0,4.0,4.0,0,0
3724,9605.0,1.0,66.0,3.0,2.0,7.0,8.0,0.0,2.0,6.0,4.0,0,0
3725,3092.0,2.0,28.0,2.0,2.0,8.0,5.0,0.0,1.0,5.0,3.0,0,2
3726,3093.0,2.0,26.0,2.0,1.0,8.0,8.0,0.0,3.0,7.0,1.0,0,2
3727,3094.0,2.0,63.0,2.0,2.0,2.0,7.0,0.0,1.0,8.0,4.0,0,0
3728,3095.0,2.0,44.0,2.0,2.0,2.0,2.0,1.0,2.0,5.0,8.0,1,1
3729,3096.0,2.0,41.0,2.0,4.0,9.0,3.0,2.0,3.0,6.0,6.0,1,1
3730,3097.0,1.0,56.0,4.0,1.0,2.0,5.0,0.0,2.0,6.0,2.0,0,0
3731,3098.0,2.0,69.0,5.0,2.0,7.0,4.0,0.0,2.0,5.0,4.0,0,0
3732,3099.0,1.0,38.0,5.0,5.0,2.0,5.0,3.0,2.0,4.0,6.0,1,1
3733,3100.0,2.0,29.0,2.0,2.0,2.0,4.0,0.0,2.0,6.0,3.0,0,2
3734,3101.0,1.0,71.0,4.0,2.0,7.0,3.0,0.0,2.0,6.0,4.0,0,0
3735,3102.0,2.0,56.0,5.0,2.0,3.0,8.0,0.0,3.0,1.0,4.0,0,0
3736,3103.0,2.0,37.0,3.0,4.0,9.0,1.0,2.0,3.0,2.0,6.0,1,1
3737,3104.0,1.0,59.0,5.0,1.0,4.0,2.0,0.0,5.0,2.0,2.0,0,0
3738,3105.0,1.0,75.0,1.0,1.0,7.0,2.0,0.0,5.0,3.0,2.0,0,0
3739,3106.0,2.0,58.0,2.0,1.0,2.0,8.0,0.0,2.0,7.0,2.0,0,0
3740,3107.0,1.0,70.0,2.0,2.0,7.0,4.0,0.0,3.0,4.0,4.0,0,0
3741,3108.0,2.0,41.0,5.0,5.0,2.0,5.0,3.0,2.0,6.0,6.0,1,1
3742,3109.0,2.0,60.0,4.0,3.0,2.0,8.0,0.0,3.0,4.0,9.0,1,0
3743,3110.0,1.0,55.0,3.0,2.0,2.0,3.0,0.0,4.0,3.0,9.0,1,0
3744,3111.0,1.0,68.0,5.0,2.0,7.0,2.0,0.0,5.0,2.0,4.0,0,0
3745,3112.0,2.0,24.0,2.0,2.0,8.0,1.0,0.0,3.0,7.0,3.0,0,2
3746,3113.0,2.0,29.0,1.0,1.0,2.0,8.0,0.0,2.0,8.0,1.0,0,2
3748,3115.0,2.0,25.0,5.0,3.0,8.0,8.0,0.0,3.0,3.0,7.0,1,1
3749,3116.0,1.0,62.0,2.0,2.0,2.0,6.0,0.0,2.0,7.0,4.0,0,0
3750,3117.0,2.0,66.0,2.0,2.0,7.0,4.0,0.0,4.0,7.0,4.0,0,0
3751,3118.0,1.0,63.0,1.0,1.0,2.0,8.0,0.0,2.0,6.0,2.0,0,0
3752,3119.0,2.0,45.0,4.0,2.0,6.0,2.0,1.0,4.0,5.2,8.0,1,1
3753,7643.0,2.0,58.0,1.0,4.0,2.0,7.0,0.0,2.0,6.0,5.0,1,1
3754,3120.0,2.0,45.0,4.0,1.0,2.0,2.0,0.0,1.0,5.2,2.0,0,2
3755,3121.0,1.0,62.0,5.0,2.0,2.0,4.0,1.0,2.0,6.0,8.0,1,0
3756,3122.0,2.0,57.0,5.0,2.0,2.0,3.0,0.0,2.0,5.0,9.0,1,0
3757,3123.0,2.0,33.0,4.0,1.0,2.0,2.0,0.0,2.0,4.0,1.0,0,2
3758,3124.0,1.0,65.0,2.0,2.0,3.0,8.0,0.0,2.0,6.0,4.0,0,0
3759,3125.0,1.0,68.0,5.0,2.0,7.0,5.0,0.0,2.0,6.0,4.0,0,0
3760,3126.0,1.0,75.0,5.0,2.0,7.0,8.0,0.0,5.0,2.0,4.0,0,0
3761,3127.0,1.0,71.0,5.0,2.0,7.0,4.0,0.0,4.0,4.0,4.0,0,0
3762,3128.0,1.0,56.0,4.0,4.0,3.0,7.0,0.0,1.0,8.0,7.0,1,1
3763,3129.0,2.0,62.0,1.0,2.0,2.0,2.0,0.0,3.0,4.0,4.0,0,0
3764,3130.0,2.0,66.0,4.0,2.0,4.0,8.0,0.0,3.0,8.0,4.0,0,0
3765,3131.0,2.0,61.0,5.0,1.0,9.0,2.0,0.0,5.0,4.0,2.0,0,0
3766,3132.0,2.0,61.0,1.0,2.0,9.0,5.0,0.0,2.0,3.0,4.0,0,0
3767,3133.0,1.0,63.0,4.0,2.0,2.0,8.0,0.0,4.0,2.0,4.0,0,0
3768,3134.0,2.0,41.0,2.0,3.0,2.0,8.0,1.0,3.0,4.0,6.0,1,1
3769,3135.0,1.0,75.0,2.0,1.0,7.0,3.0,0.0,5.0,2.0,2.0,0,0
3770,3136.0,2.0,26.0,5.0,1.0,3.0,2.0,0.0,2.0,4.2,1.0,0,2
3771,3137.0,1.0,73.0,1.0,2.0,7.0,4.0,0.0,4.0,4.0,4.0,0,0
3772,3138.0,2.0,61.0,4.0,2.0,2.0,5.0,0.0,3.0,4.0,4.0,0,0
3773,3139.0,1.0,61.0,4.0,2.0,2.0,5.0,0.0,2.0,6.0,4.0,0,0
3774,3140.0,1.0,61.0,4.0,2.0,2.0,4.0,0.0,4.0,3.0,4.0,0,0
3775,9674.0,2.0,46.0,2.0,4.0,2.0,7.0,2.0,2.0,7.0,8.0,1,1
3776,3141.0,2.0,62.0,3.0,1.0,5.0,1.0,0.0,4.0,4.0,2.0,0,0
3777,3142.0,2.0,29.0,3.0,2.0,2.0,5.0,0.0,2.0,7.0,3.0,0,2
3778,3143.0,1.0,71.0,3.0,2.0,7.0,5.0,0.0,2.0,7.0,4.0,0,0
3779,3144.0,2.0,58.0,1.0,3.0,4.0,3.0,0.0,5.0,2.0,7.0,1,0
3780,3145.0,2.0,48.0,3.0,1.0,4.0,1.0,0.0,4.0,3.0,2.0,0,0
3781,3146.0,2.0,48.0,2.0,3.0,4.0,3.0,2.0,4.0,4.0,8.0,1,1
3782,3147.0,2.0,44.0,3.0,3.0,4.0,1.0,1.0,5.0,4.2,9.0,1,1
3783,3148.0,1.0,53.0,4.0,5.0,2.0,3.0,2.0,3.0,4.0,6.0,1,1
3784,9606.0,2.0,59.0,3.0,2.0,4.0,5.0,0.0,2.0,4.0,4.0,0,0
3785,3149.0,1.0,71.0,1.0,2.0,7.0,5.0,0.0,2.0,6.0,4.0,0,0
3786,3150.0,1.0,73.0,5.0,1.0,7.0,2.0,0.0,5.0,1.0,2.0,0,0
3787,3151.0,1.0,47.0,5.0,4.0,2.0,5.0,2.0,2.0,7.0,6.0,1,1
3788,3152.0,2.0,35.0,4.0,5.0,2.0,3.0,3.0,3.0,3.0,6.0,1,1
3789,3153.0,2.0,54.0,4.0,1.0,4.0,1.0,0.0,5.0,2.0,2.0,0,0
3790,3154.0,2.0,46.0,3.0,4.0,2.0,5.0,1.0,3.0,3.0,6.0,1,1
3791,3155.0,2.0,69.0,2.0,2.0,7.0,2.0,0.0,5.0,4.0,4.0,0,0
3792,3156.0,2.0,49.0,4.0,5.0,2.0,5.0,1.0,2.0,5.0,6.0,1,1
3794,3158.0,1.0,59.0,2.0,2.0,2.0,3.0,0.0,3.0,4.0,4.0,0,0
3795,3159.0,1.0,57.0,4.0,3.0,2.0,7.0,0.0,1.0,8.0,7.0,1,0
3796,3160.0,1.0,57.0,4.0,5.0,3.0,6.0,0.0,2.0,6.0,7.0,1,1
3797,3161.0,2.0,36.0,2.0,4.0,2.0,6.0,2.0,1.0,6.0,5.0,1,1
3798,3162.0,1.0,77.0,2.0,2.0,7.0,8.0,0.0,2.0,6.0,4.0,0,0
3799,3163.0,1.0,73.0,1.0,2.0,7.0,2.0,0.0,5.0,3.0,4.0,0,0
3800,3164.0,1.0,74.0,3.0,1.0,7.0,5.0,0.0,2.0,6.0,2.0,0,0
3801,3165.0,1.0,49.0,1.0,2.0,4.0,3.0,0.0,4.0,2.0,4.0,0,0
3802,3166.0,1.0,70.0,2.0,2.0,7.0,5.0,0.0,3.0,5.0,4.0,0,0
3804,3168.0,1.0,56.0,1.0,2.0,2.0,7.0,0.0,1.0,8.0,4.0,0,0
3805,3169.0,1.0,68.0,3.0,2.0,7.0,4.0,0.0,3.0,2.0,4.0,0,0
3806,3170.0,1.0,41.0,4.0,4.0,2.0,5.0,2.0,3.0,4.0,6.0,1,1
3807,3171.0,1.0,77.0,4.0,2.0,7.0,3.0,0.0,4.0,4.0,4.0,0,0
3808,3172.0,1.0,58.0,5.0,2.0,2.0,2.0,0.0,3.0,4.0,4.0,0,0
3809,3173.0,1.0,63.0,2.0,4.0,7.0,5.0,0.0,2.0,6.0,7.0,1,1
3810,3174.0,2.0,40.0,4.0,2.0,2.0,5.0,1.0,1.0,7.0,8.0,1,1
3811,3175.0,2.0,65.0,1.0,2.0,7.0,5.0,0.0,2.0,6.0,4.0,0,0
3812,3176.0,1.0,34.0,5.0,4.0,2.0,5.0,2.0,2.0,7.0,5.0,1,1
3813,3177.0,2.0,32.0,5.0,4.0,5.0,2.0,2.0,4.0,4.0,5.0,1,1
3814,3178.0,2.0,30.0,5.0,2.0,2.0,2.0,0.0,4.0,4.0,3.0,0,2
3815,3179.0,1.0,64.0,5.0,1.0,4.0,1.0,0.0,5.0,3.0,2.0,0,0
3816,3180.0,2.0,47.0,3.0,5.0,2.0,4.0,2.0,3.0,4.0,6.0,1,1
3817,7644.0,2.0,47.0,3.0,5.0,2.0,4.0,2.0,3.0,4.0,6.0,1,1
3818,3181.0,1.0,67.0,4.0,2.0,7.0,2.0,0.0,5.0,2.0,4.0,0,0
3819,3182.0,2.0,40.0,4.0,3.0,4.0,1.0,2.0,5.0,2.0,8.0,1,1
3820,3183.0,1.0,48.0,5.0,3.0,2.0,3.0,1.0,3.0,4.0,6.0,1,1
3821,3184.0,1.0,69.0,3.0,2.0,7.0,4.0,0.0,4.0,4.0,4.0,0,0
3822,3185.0,2.0,61.0,3.0,2.0,9.0,2.0,0.0,5.0,2.0,4.0,0,0
3823,3186.0,1.0,69.0,3.0,2.0,7.0,2.0,0.0,5.0,2.0,4.0,0,0
3824,3187.0,1.0,49.0,2.0,5.0,1.0,6.0,2.0,1.0,4.2,6.0,1,1
3825,3188.0,2.0,78.0,2.0,1.0,7.0,3.0,0.0,5.0,2.0,2.0,0,0
3826,3189.0,1.0,65.0,2.0,2.0,7.0,6.0,0.0,1.0,8.0,4.0,0,0
3829,3191.0,1.0,72.0,1.0,2.0,7.0,8.0,0.0,5.0,2.0,4.0,0,0
3830,3192.0,2.0,49.0,2.0,3.0,1.0,4.0,1.0,5.0,4.0,9.0,1,1
3831,3193.0,2.0,73.0,2.0,1.0,7.0,3.0,0.0,1.0,8.0,2.0,0,0
3832,3194.0,2.0,33.0,2.0,3.0,3.0,5.0,1.0,1.0,6.0,5.0,1,1
3833,3195.0,1.0,69.0,2.0,2.0,7.0,5.0,0.0,4.0,4.0,4.0,0,0
3834,3196.0,2.0,66.0,2.0,1.0,1.0,2.0,0.0,1.0,8.0,2.0,0,0
3835,3197.0,1.0,40.0,2.0,4.0,2.0,5.0,2.0,1.0,7.0,5.0,1,1
3836,3198.0,1.0,71.0,1.0,1.0,7.0,5.0,0.0,3.0,5.0,2.0,0,0
3837,3199.0,2.0,73.0,1.0,1.0,7.0,2.0,0.0,5.0,3.0,2.0,0,0
3838,3200.0,2.0,54.0,2.0,2.0,5.0,2.0,0.0,4.0,5.0,9.0,1,0
3839,3201.0,1.0,27.0,5.0,2.0,2.0,5.0,0.0,1.0,7.0,3.0,0,2
3840,3202.0,2.0,32.0,2.0,1.0,2.0,4.0,0.0,1.0,8.0,1.0,0,2
3841,3203.0,2.0,53.0,5.0,2.0,2.0,5.0,0.0,4.0,2.0,4.0,0,0
3842,3204.0,1.0,73.0,2.0,2.0,7.0,3.0,0.0,5.0,2.0,4.0,0,0
3843,3205.0,2.0,33.0,2.0,3.0,2.0,5.0,1.0,2.0,6.0,8.0,1,1
3844,3206.0,1.0,58.0,1.0,1.0,3.0,5.0,0.0,1.0,6.0,2.0,0,0
3845,3207.0,2.0,30.0,4.0,4.0,9.0,2.0,2.0,5.0,2.0,6.0,1,1
3846,3208.0,1.0,77.0,3.0,2.0,7.0,4.0,0.0,5.0,2.0,4.0,0,0
3847,3209.0,1.0,47.0,2.0,3.0,4.0,8.0,0.0,4.0,4.0,9.0,1,1
3848,3210.0,1.0,58.0,3.0,2.0,2.0,3.0,0.0,3.0,3.0,4.0,0,0
3849,3211.0,1.0,75.0,2.0,2.0,7.0,3.0,0.0,5.0,3.0,4.0,0,0
3850,3212.0,2.0,63.0,5.0,5.0,3.0,6.0,0.0,1.0,7.0,7.0,-1,-1
3853,3214.0,2.0,66.0,4.0,5.0,2.0,8.0,0.0,2.0,5.0,7.0,1,1
3856,3216.0,2.0,29.0,5.0,3.0,2.0,4.0,1.0,4.0,4.0,5.0,1,1
3857,3217.0,1.0,65.0,5.0,2.0,2.0,5.0,0.0,3.0,4.0,4.0,0,0
3859,3219.0,2.0,77.0,4.0,3.0,9.0,3.0,0.0,2.0,4.0,7.0,1,0
3860,3220.0,1.0,47.0,2.0,4.0,1.0,3.0,2.0,1.0,8.0,5.0,1,1
3861,3221.0,2.0,24.0,2.0,1.0,2.0,2.0,0.0,1.0,7.0,1.0,0,2
3862,7645.0,2.0,57.0,2.0,2.0,2.0,4.0,0.0,2.0,5.0,4.0,0,0
3863,3222.0,2.0,57.0,2.0,2.0,2.0,4.0,0.0,2.0,5.0,4.0,0,0
3864,3223.0,2.0,65.0,4.0,2.0,7.0,3.0,0.0,4.0,4.0,4.0,0,0
3865,3224.0,1.0,71.0,5.0,2.0,7.0,3.0,0.0,5.0,2.0,4.0,0,0
3866,3225.0,2.0,49.0,1.0,5.0,2.0,5.0,1.0,3.0,4.0,6.0,1,1
3867,8914.0,2.0,33.0,4.0,3.0,2.0,5.0,1.0,2.0,2.6,5.0,1,1
3868,7646.0,2.0,33.0,4.0,3.0,2.0,5.0,1.0,2.0,4.6,5.0,1,1
3869,3226.0,2.0,33.0,2.0,4.0,3.0,8.0,2.0,2.0,7.0,6.0,1,1
3870,3227.0,2.0,22.0,2.0,4.0,8.0,4.0,0.0,2.0,6.0,7.0,1,1
3871,3228.0,2.0,51.0,3.0,2.0,4.0,8.0,0.0,1.0,4.0,4.0,0,0
3872,3229.0,1.0,42.0,4.0,3.0,2.0,5.0,1.0,2.0,5.0,6.0,1,1
3873,3230.0,1.0,66.0,4.0,2.0,7.0,4.0,0.0,3.0,3.0,4.0,0,0
3874,3231.0,2.0,35.0,5.0,1.0,2.0,2.0,0.0,4.0,2.0,1.0,0,2
3877,3233.0,2.0,23.0,1.0,2.0,5.0,1.0,0.0,3.0,7.0,3.0,0,2
3878,3234.0,1.0,49.0,2.0,4.0,2.0,5.0,2.0,1.0,8.0,6.0,1,1
3879,3235.0,1.0,70.0,4.0,2.0,7.0,5.0,0.0,2.0,5.0,4.0,0,0
3880,3236.0,1.0,71.0,4.0,2.0,7.0,5.0,0.0,1.0,8.0,4.0,0,0
3881,3237.0,2.0,69.0,5.0,2.0,7.0,3.0,0.0,5.0,2.0,4.0,0,0
3882,3238.0,2.0,22.0,3.0,1.0,8.0,1.0,0.0,3.0,7.0,1.0,0,2
3883,3239.0,1.0,73.0,2.0,2.0,7.0,5.0,0.0,3.0,5.0,4.0,0,0
3884,3240.0,1.0,63.0,4.0,2.0,4.0,3.0,0.0,3.0,6.0,4.0,0,0
3885,3241.0,1.0,60.0,4.0,4.0,2.0,5.0,1.0,2.0,3.0,7.0,1,1
3886,3242.0,2.0,57.0,2.0,2.0,2.0,6.0,0.0,2.0,4.0,4.0,0,0
3887,3243.0,2.0,34.0,2.0,2.0,2.0,4.0,0.0,3.0,4.0,3.0,0,2
3888,3244.0,1.0,56.0,5.0,2.0,1.0,5.0,0.0,1.0,7.0,4.0,0,0
3889,3245.0,1.0,75.0,3.0,2.0,7.0,4.0,0.0,2.0,7.0,4.0,0,0
3890,3246.0,2.0,44.0,3.0,2.0,2.0,2.0,1.0,3.0,4.0,8.0,1,1
3891,3247.0,1.0,45.0,5.0,6.0,2.0,8.0,4.0,1.0,8.0,5.0,-1,-1
3892,3248.0,2.0,66.0,5.0,2.0,2.0,1.0,0.0,5.0,1.0,4.0,0,0
3894,3250.0,2.0,64.0,2.0,2.0,4.0,5.0,0.0,5.0,3.0,4.0,0,0
3895,3251.0,1.0,54.0,4.0,2.0,1.0,7.0,0.0,1.0,6.0,3.0,0,0
3896,3252.0,1.0,74.0,4.0,1.0,7.0,2.0,0.0,4.0,4.0,2.0,0,0
3897,3253.0,2.0,54.0,1.0,2.0,2.0,8.0,0.0,5.0,2.0,4.0,0,0
3898,7648.0,2.0,54.0,1.0,2.0,2.0,8.0,0.0,5.0,2.0,4.0,0,0
3899,3254.0,2.0,60.0,1.0,2.0,5.0,2.0,0.0,3.0,8.0,4.0,0,0
3900,3255.0,1.0,64.0,2.0,3.0,4.0,2.0,0.0,5.0,3.0,7.0,1,0
3901,3256.0,2.0,64.0,4.0,1.0,2.0,4.0,0.0,2.0,6.0,2.0,0,0
3902,3257.0,2.0,59.0,2.0,5.0,2.0,7.0,0.0,1.0,7.0,7.0,-1,-1
3903,7649.0,2.0,32.0,5.0,4.0,2.0,5.0,2.0,3.0,7.0,5.0,1,1
3904,3258.0,1.0,72.0,3.0,2.0,7.0,5.0,0.0,2.0,6.0,4.0,0,0
3905,7650.0,2.0,72.0,2.0,1.0,7.0,3.0,0.0,4.0,4.0,2.0,0,0
3906,3259.0,1.0,48.0,5.0,5.0,2.0,6.0,3.0,2.0,4.0,6.0,1,1
3907,3260.0,2.0,44.0,3.0,1.0,4.0,1.0,0.0,4.0,4.0,1.0,0,2
3909,3262.0,1.0,53.0,4.0,1.0,2.0,2.0,0.0,4.0,4.0,2.0,0,0
3910,3263.0,1.0,66.0,5.0,2.0,7.0,5.0,0.0,3.0,5.0,4.0,0,0
3911,3264.0,1.0,68.0,1.0,2.0,7.0,2.0,0.0,5.0,2.0,4.0,0,0
3912,3265.0,1.0,56.0,3.0,2.0,2.0,5.0,0.0,3.0,3.0,4.0,0,0
3913,3266.0,2.0,23.0,1.0,2.0,8.0,1.0,0.0,3.0,6.0,3.0,0,2
3914,3267.0,2.0,65.0,5.0,2.0,4.0,5.0,0.0,2.0,6.0,4.0,0,0
3915,3268.0,2.0,69.0,1.0,1.0,7.0,4.0,0.0,1.0,8.0,2.0,0,0
3916,3269.0,1.0,75.0,2.0,2.0,7.0,1.0,0.0,4.0,4.0,4.0,0,0
3917,3270.0,1.0,31.0,5.0,1.0,3.0,8.0,0.0,4.0,3.0,1.0,0,2
3918,3271.0,2.0,29.0,2.0,2.0,5.0,1.0,1.0,4.0,4.0,8.0,1,1
3919,9607.0,1.0,68.0,3.0,2.0,7.0,5.0,0.0,2.0,6.0,4.0,0,0
3920,9219.0,2.0,49.0,2.0,2.0,2.0,5.0,0.0,4.0,3.0,4.0,0,0
3921,3272.0,2.0,49.0,2.0,2.0,2.0,5.0,0.0,4.0,3.0,4.0,0,0
3922,3273.0,1.0,65.0,2.0,2.0,4.0,2.0,0.0,4.0,4.0,4.0,0,0
3923,9561.0,2.0,27.0,4.0,1.0,2.0,8.0,0.0,2.0,6.2,1.0,0,2
3924,9569.0,2.0,27.0,4.0,1.0,2.0,8.0,0.0,2.0,6.0,1.0,0,2
3925,3274.0,1.0,57.0,5.0,1.0,4.0,2.0,0.0,4.0,4.0,2.0,0,0
3926,3275.0,2.0,31.0,3.0,3.0,2.0,2.0,1.0,2.0,6.0,5.0,1,1
3927,3276.0,1.0,51.0,5.0,4.0,2.0,4.0,0.0,3.0,4.0,7.0,1,1
3928,9570.0,1.0,68.0,2.0,2.0,7.0,3.0,0.0,5.0,2.0,4.0,0,0
3929,9608.0,1.0,68.0,2.0,2.0,7.0,3.0,0.0,5.0,2.0,4.0,0,0
3930,3277.0,2.0,36.0,5.0,1.0,4.0,2.0,0.0,3.0,8.0,1.0,0,2
3931,3278.0,1.0,64.0,5.0,1.0,2.0,5.0,0.0,4.0,1.0,2.0,0,0
3932,9434.0,2.0,42.0,4.0,8.0,9.0,4.0,5.0,4.0,3.0,5.0,-1,-1
3933,3279.0,2.0,42.0,4.0,8.0,9.0,4.0,5.0,4.0,3.0,5.0,-1,-1
3934,3280.0,2.0,50.0,4.0,4.0,2.0,8.0,2.0,2.0,7.0,6.0,1,1
3935,3281.0,1.0,70.0,1.0,2.0,7.0,5.0,0.0,3.0,3.0,4.0,0,0
3936,9675.0,2.0,40.0,5.0,4.0,2.0,6.0,2.0,1.0,8.0,6.0,1,1
3937,9609.0,2.0,40.0,5.0,4.0,2.0,6.0,2.0,1.0,8.0,6.0,1,1
3938,3282.0,2.0,67.0,2.0,1.0,7.0,8.0,0.0,5.0,2.0,2.0,0,0
3939,3283.0,1.0,64.0,4.0,4.0,7.0,3.0,0.0,4.0,4.0,7.0,1,1
3940,3284.0,1.0,76.0,3.0,2.0,7.0,2.0,0.0,4.0,3.0,4.0,0,0
3941,3285.0,1.0,68.0,5.0,1.0,3.0,8.0,0.0,1.0,6.0,2.0,0,0
3942,3286.0,2.0,57.0,5.0,2.0,9.0,8.0,0.0,2.0,3.0,4.0,0,0
3943,3287.0,2.0,83.0,5.0,2.0,7.0,8.0,0.0,5.0,3.0,4.0,0,0
3944,7651.0,2.0,56.0,4.0,4.0,3.0,2.0,0.0,4.0,4.0,7.0,1,1
3945,3288.0,1.0,41.0,4.0,2.0,6.0,1.0,0.0,5.0,8.0,3.0,0,2
3946,3289.0,1.0,49.0,4.0,2.0,2.0,7.0,0.0,1.0,4.0,4.0,0,0
3947,3290.0,1.0,68.0,2.0,2.0,7.0,4.0,0.0,5.0,3.0,4.0,0,0
3948,3291.0,2.0,59.0,4.0,2.0,2.0,1.0,1.0,2.0,7.0,9.0,1,1
3949,3292.0,2.0,78.0,4.0,1.0,7.0,2.0,0.0,5.0,3.0,2.0,0,0
3950,3293.0,2.0,66.0,2.0,1.0,7.0,2.0,0.0,2.0,6.0,2.0,0,0
3951,7652.0,2.0,43.0,4.0,2.0,4.0,2.0,0.0,4.0,4.0,3.0,0,0
3952,3294.0,2.0,43.0,4.0,2.0,4.0,2.0,0.0,4.0,4.0,3.0,0,0
3953,3295.0,1.0,70.0,5.0,1.0,7.0,4.0,0.0,3.0,4.0,2.0,0,0
3954,3296.0,1.0,49.0,5.0,3.0,2.0,3.0,0.0,2.0,4.0,7.0,1,0
3955,3297.0,1.0,71.0,2.0,2.0,7.0,6.0,0.0,2.0,7.0,4.0,0,0
3956,3298.0,2.0,56.0,2.0,3.0,2.0,8.0,0.0,3.0,8.0,9.0,1,1
3957,3299.0,2.0,35.0,2.0,6.0,2.0,4.0,4.0,2.0,7.0,8.0,-1,-1
3958,3300.0,1.0,59.0,3.0,2.0,2.0,4.0,0.0,3.0,4.0,4.0,0,0
3959,3301.0,1.0,67.0,1.0,2.0,7.0,1.0,0.0,5.0,1.0,3.0,0,0
3960,3302.0,1.0,40.0,5.0,4.0,2.0,5.0,2.0,2.0,4.0,6.0,1,1
3961,3303.0,2.0,64.0,2.0,2.0,5.0,4.0,0.0,5.0,6.0,4.0,0,0
3962,3304.0,2.0,53.0,1.0,4.0,2.0,8.0,1.0,3.0,8.0,6.0,-1,-1
3963,3305.0,2.0,61.0,2.0,2.0,9.0,5.0,0.0,3.0,5.0,4.0,0,0
3964,3306.0,1.0,61.0,4.0,3.0,4.0,5.0,0.0,5.0,3.0,9.0,1,0
3965,3307.0,1.0,40.0,2.0,4.0,1.0,5.0,2.0,1.0,8.0,6.0,1,1
3966,3308.0,1.0,66.0,4.0,2.0,7.0,5.0,0.0,3.0,3.0,4.0,0,0
3967,3309.0,2.0,66.0,2.0,1.0,1.0,4.0,0.0,1.0,7.0,2.0,0,0
3968,3310.0,2.0,78.0,1.0,1.0,9.0,2.0,0.0,5.0,1.0,2.0,0,0
3969,3311.0,2.0,32.0,3.0,2.0,4.0,4.0,0.0,2.0,8.0,3.0,0,2
3970,3312.0,2.0,66.0,5.0,2.0,7.0,4.0,0.0,5.0,3.0,4.0,0,0
3971,3313.0,2.0,24.0,2.0,1.0,8.0,1.0,0.0,3.0,6.0,1.0,0,2
3972,7653.0,2.0,60.0,4.0,2.0,2.0,2.0,0.0,4.0,3.0,4.0,0,0
3973,3314.0,2.0,60.0,4.0,2.0,2.0,2.0,0.0,4.0,3.0,4.0,0,0
3974,3315.0,1.0,69.0,3.0,2.0,7.0,7.0,0.0,2.0,7.0,4.0,0,0
3975,3316.0,2.0,24.0,1.0,3.0,8.0,8.0,0.0,2.0,5.0,7.0,1,1
3976,3317.0,2.0,64.0,2.0,1.0,5.0,2.0,0.0,3.0,7.0,2.0,0,0
3977,3318.0,2.0,57.0,1.0,1.0,6.0,1.0,0.0,3.0,5.0,2.0,0,0
3978,3319.0,2.0,30.0,2.0,3.0,2.0,7.0,1.0,1.0,8.0,5.0,1,1
3979,3320.0,1.0,66.0,2.0,2.0,3.0,5.0,0.0,1.0,4.0,4.0,0,0
3980,3321.0,1.0,74.0,1.0,2.0,7.0,2.0,0.0,4.0,4.0,4.0,0,0
3981,3322.0,1.0,69.0,3.0,2.0,7.0,2.0,0.0,5.0,3.0,4.0,0,0
3982,3323.0,1.0,59.0,3.0,5.0,6.0,1.0,1.0,3.0,6.0,6.0,1,1
3983,3324.0,1.0,56.0,5.0,2.0,2.0,3.0,0.0,2.0,5.0,4.0,0,0
3984,3325.0,2.0,45.0,1.0,3.0,2.0,4.0,1.0,1.0,5.0,6.0,1,1
3985,3326.0,1.0,58.0,2.0,1.0,2.0,5.0,0.0,2.0,7.0,2.0,0,0
3986,3327.0,2.0,74.0,2.0,2.0,7.0,5.0,0.0,5.0,5.0,4.0,0,0
3987,3328.0,2.0,33.0,2.0,3.0,2.0,8.0,1.0,2.0,5.4,8.0,1,1
3988,3329.0,1.0,38.0,3.0,2.0,2.0,4.0,0.0,2.0,4.0,3.0,0,2
3989,3330.0,1.0,67.0,3.0,2.0,1.0,6.0,0.0,1.0,7.0,3.0,0,0
3990,3331.0,2.0,22.0,5.0,5.0,8.0,8.0,0.0,3.0,5.0,7.0,-1,-1
3991,3332.0,2.0,18.0,5.0,3.0,8.0,1.0,1.0,4.0,1.0,8.0,-1,-1
3992,3333.0,2.0,18.0,4.0,4.0,8.0,2.0,0.0,3.0,1.0,7.0,-1,-1
3993,3334.0,2.0,45.0,3.0,2.0,9.0,2.0,0.0,5.0,3.0,4.0,0,0
3994,3335.0,2.0,30.0,4.0,2.0,2.0,4.0,0.0,3.0,2.0,3.0,0,2
3995,3336.0,2.0,35.0,3.0,2.0,2.0,5.0,0.0,2.0,6.0,3.0,0,2
3996,3337.0,1.0,71.0,3.0,2.0,7.0,3.0,0.0,4.0,4.0,4.0,0,0
3997,3338.0,2.0,35.0,2.0,4.0,2.0,4.0,2.0,1.0,7.0,5.0,1,1
3998,3339.0,2.0,30.0,5.0,4.0,2.0,3.0,2.0,1.0,4.0,5.0,1,1
3999,3340.0,2.0,22.0,2.0,2.0,8.0,8.0,0.0,2.0,6.0,9.0,-1,-1
4000,3341.0,2.0,28.0,5.0,2.0,8.0,2.0,0.0,3.0,7.0,3.0,0,2
4001,3342.0,2.0,30.0,2.0,3.0,2.0,8.0,1.0,2.0,7.0,5.0,1,1
4003,3344.0,2.0,66.0,4.0,1.0,5.0,1.0,0.0,5.0,2.0,2.0,0,0
4004,9610.0,2.0,45.0,3.0,4.0,2.0,4.0,2.0,3.0,4.0,6.0,1,1
4005,3345.0,1.0,63.0,5.0,2.0,5.0,7.0,0.0,1.0,6.0,4.0,0,0
4006,3346.0,1.0,58.0,5.0,2.0,2.0,5.0,0.0,2.0,5.0,4.0,0,0
4007,3347.0,2.0,48.0,3.0,2.0,5.0,8.0,0.0,3.0,4.0,4.0,0,0
4008,3348.0,1.0,65.0,4.0,3.0,5.0,4.0,0.0,3.0,4.0,7.0,1,0
4009,3349.0,1.0,69.0,1.0,2.0,7.0,1.0,0.0,4.0,4.0,4.0,0,0
4010,3350.0,1.0,66.0,2.0,1.0,7.0,5.0,0.0,3.0,5.0,2.0,0,0
4011,3351.0,1.0,37.0,5.0,5.0,2.0,5.0,3.0,2.0,7.0,5.0,1,1
4012,3352.0,2.0,40.0,5.0,1.0,2.0,2.0,0.0,5.0,2.0,1.0,0,2
4013,9676.0,2.0,29.0,2.0,2.0,2.0,5.0,0.0,2.0,7.0,3.0,0,2
4014,3353.0,1.0,17.0,2.0,4.0,2.0,5.0,2.0,1.0,3.0,6.0,1,1
4015,3354.0,1.0,61.0,3.0,2.0,2.0,6.0,0.0,1.0,7.0,4.0,0,0
4016,3355.0,2.0,29.0,1.0,1.0,3.0,5.0,0.0,1.0,8.0,1.0,0,2
4017,3356.0,2.0,68.0,3.0,2.0,4.0,2.0,0.0,5.0,2.0,4.0,0,0
4018,3357.0,2.0,55.0,5.0,1.0,4.0,2.0,0.0,4.0,4.0,2.0,0,0
4019,3358.0,1.0,52.0,2.0,3.0,9.0,4.0,1.0,4.0,5.0,5.0,-1,-1
4020,3359.0,2.0,67.0,4.0,2.0,7.0,4.0,0.0,2.0,8.0,4.0,0,0
4021,3360.0,1.0,66.0,5.0,2.0,7.0,8.0,0.0,4.0,3.0,4.0,0,0
4022,3361.0,2.0,61.0,5.0,1.0,4.0,8.0,0.0,5.0,1.0,2.0,0,0
4023,3362.0,2.0,60.0,1.0,3.0,5.0,2.0,0.0,4.0,3.0,9.0,1,0
4024,9611.0,1.0,72.0,4.0,1.0,7.0,2.0,0.0,5.0,1.0,2.0,0,0
4025,3363.0,1.0,63.0,2.0,2.0,2.0,6.0,0.0,3.0,4.0,4.0,0,0
4026,3364.0,1.0,66.0,3.0,1.0,7.0,2.0,0.0,2.0,6.0,2.0,0,0
4029,3367.0,2.0,51.0,2.0,2.0,2.0,5.0,0.0,3.0,4.0,4.0,0,0
4030,3368.0,2.0,69.0,4.0,1.0,7.0,2.0,0.0,5.0,1.0,2.0,0,0
4031,3369.0,1.0,63.0,2.0,2.0,5.0,3.0,0.0,4.0,4.0,4.0,0,0
4032,3370.0,1.0,49.0,2.0,4.0,2.0,6.0,0.0,2.0,6.0,7.0,1,1
4033,3371.0,2.0,27.0,4.0,1.0,4.0,2.0,0.0,3.0,5.0,1.0,0,2
4035,3373.0,1.0,67.0,2.0,2.0,2.0,4.0,0.0,4.0,1.0,4.0,0,0
4036,3374.0,1.0,70.0,1.0,1.0,7.0,5.0,0.0,2.0,4.0,2.0,0,0
4037,3375.0,2.0,38.0,3.0,4.0,2.0,7.0,2.0,1.0,7.0,5.0,1,1
4038,3376.0,1.0,66.0,2.0,2.0,7.0,1.0,0.0,3.0,5.0,4.0,0,0
4039,3377.0,2.0,71.0,5.0,1.0,7.0,5.0,0.0,2.0,6.0,2.0,0,0
4040,3378.0,2.0,55.0,5.0,2.0,9.0,2.0,0.0,5.0,2.0,4.0,0,0
4041,3379.0,1.0,50.0,4.0,4.0,2.0,2.0,2.0,2.0,4.0,6.0,1,1
4042,3380.0,1.0,75.0,2.0,1.0,7.0,3.0,0.0,2.0,7.0,2.0,0,0
4043,3381.0,1.0,73.0,4.0,2.0,7.0,4.0,0.0,3.0,5.0,4.0,0,0
4044,3382.0,2.0,30.0,2.0,4.0,9.0,5.0,2.0,2.0,5.2,5.0,1,1
4045,3383.0,1.0,80.0,4.0,2.0,7.0,3.0,0.0,5.0,3.0,4.0,0,0
4046,3384.0,1.0,69.0,2.0,2.0,7.0,5.0,0.0,2.0,7.0,4.0,0,0
4047,3385.0,2.0,65.0,2.0,1.0,4.0,2.0,0.0,4.0,5.0,2.0,0,0
4048,3386.0,2.0,49.0,4.0,4.0,2.0,2.0,2.0,2.0,4.0,8.0,1,1
4049,3387.0,2.0,59.0,2.0,1.0,4.0,8.0,0.0,4.0,5.0,2.0,0,0
4051,3389.0,2.0,40.0,2.0,3.0,8.0,8.0,0.0,5.0,1.0,7.0,1,0
4052,3390.0,2.0,35.0,5.0,5.0,2.0,5.0,3.0,2.0,5.0,8.0,1,1
4053,3391.0,1.0,51.0,1.0,1.0,2.0,5.0,0.0,2.0,7.0,2.0,0,2
4054,3392.0,1.0,50.0,4.0,4.0,2.0,5.0,1.0,3.0,4.0,6.0,1,1
4055,3393.0,2.0,44.0,2.0,4.0,2.0,4.0,1.0,4.0,4.0,8.0,1,1
4056,3394.0,1.0,83.0,4.0,2.0,7.0,3.0,0.0,5.0,3.0,4.0,0,0
4057,3395.0,1.0,43.0,2.0,1.0,2.0,5.0,0.0,3.0,4.0,1.0,0,2
4058,3396.0,2.0,42.0,1.0,4.0,3.0,5.0,2.0,2.0,6.0,8.0,1,1
4059,3397.0,2.0,41.0,4.0,4.0,2.0,6.0,2.0,2.0,7.0,6.0,1,1
4060,3398.0,2.0,29.0,1.0,1.0,2.0,4.0,0.0,1.0,8.0,1.0,0,2
4061,3399.0,2.0,59.0,4.0,1.0,3.0,2.0,0.0,3.0,4.0,2.0,0,0
4062,3400.0,1.0,55.0,3.0,4.0,2.0,7.0,1.0,1.0,7.0,6.0,1,1
4063,3401.0,1.0,81.0,1.0,2.0,7.0,7.0,0.0,2.0,6.0,4.0,0,0
4064,3402.0,2.0,43.0,5.0,5.0,2.0,3.0,3.0,4.0,4.0,6.0,1,1
4065,3403.0,2.0,46.0,4.0,2.0,9.0,4.0,0.0,2.0,3.0,4.0,0,0
4066,3404.0,2.0,50.0,3.0,4.0,9.0,1.0,2.0,2.0,4.0,6.0,1,1
4067,3405.0,1.0,57.0,4.0,2.0,2.0,6.0,0.0,2.0,6.0,4.0,0,0
4068,3406.0,1.0,63.0,5.0,2.0,4.0,8.0,0.0,5.0,3.0,4.0,0,0
4069,3407.0,1.0,70.0,3.0,1.0,7.0,2.0,0.0,5.0,1.0,2.0,0,0
4070,8915.0,2.0,52.0,2.0,3.0,2.0,6.0,0.0,2.0,6.0,7.0,1,0
4071,3408.0,2.0,49.0,2.0,2.0,2.0,2.0,1.0,2.0,4.0,9.0,1,1
4072,3409.0,2.0,28.0,5.0,3.0,2.0,8.0,1.0,2.0,6.0,5.0,1,1
4073,3410.0,1.0,74.0,2.0,2.0,7.0,2.0,0.0,5.0,2.0,4.0,0,0
4074,3411.0,2.0,61.0,2.0,2.0,2.0,8.0,0.0,3.0,4.0,4.0,0,0
4075,3412.0,2.0,71.0,1.0,1.0,1.0,4.0,0.0,1.0,5.0,2.0,0,0
4076,3413.0,2.0,28.0,4.0,2.0,2.0,5.0,0.0,2.0,7.0,3.0,0,2
4078,3414.0,1.0,45.0,1.0,3.0,9.0,3.0,1.0,1.0,6.0,8.0,-1,-1
4079,3415.0,1.0,42.0,4.0,4.0,2.0,5.0,2.0,2.0,6.0,6.0,1,1
4082,3417.0,1.0,45.0,2.0,4.0,3.0,4.0,0.0,2.0,6.0,9.0,1,1
4083,3418.0,2.0,55.0,2.0,3.0,2.0,4.0,0.0,4.0,2.0,7.0,1,0
4084,3419.0,1.0,64.0,3.0,2.0,2.0,8.0,0.0,4.0,2.0,4.0,0,0
4085,3420.0,1.0,66.0,2.0,2.0,2.0,7.0,0.0,2.0,6.0,4.0,0,0
4086,3421.0,1.0,53.0,1.0,1.0,2.0,1.0,0.0,3.0,4.0,2.0,0,0
4087,3422.0,2.0,38.0,2.0,3.0,1.0,4.0,1.0,1.0,8.0,5.0,1,1
4088,3423.0,2.0,37.0,5.0,4.0,2.0,6.0,2.0,1.0,8.0,5.0,1,1
4089,3424.0,2.0,38.0,1.0,2.0,2.0,5.0,0.0,3.0,4.0,3.0,0,2
4090,3425.0,1.0,30.0,5.0,3.0,2.0,5.0,1.0,3.0,4.0,5.0,1,1
4091,3426.0,2.0,37.0,4.0,5.0,4.0,8.0,3.0,2.0,4.0,6.0,1,1
4092,3427.0,2.0,59.0,2.0,1.0,2.0,3.0,0.0,2.0,5.0,2.0,0,0
4093,3428.0,1.0,59.0,5.0,3.0,1.0,4.0,0.0,1.0,4.0,7.0,1,0
4094,3429.0,2.0,42.0,2.0,6.0,9.0,4.0,4.0,2.0,4.0,6.0,-1,-1
4095,3430.0,2.0,42.0,4.0,3.0,2.0,5.0,1.0,2.0,4.0,5.0,1,1
4096,3431.0,2.0,48.0,5.0,5.0,2.0,3.0,3.0,2.0,6.0,8.0,1,1
4097,3432.0,1.0,39.0,4.0,5.0,2.0,3.0,3.0,2.0,4.0,5.0,1,1
4098,3433.0,1.0,56.0,1.0,1.0,5.0,2.0,0.0,3.0,3.0,2.0,0,0
4099,3434.0,2.0,35.0,3.0,5.0,9.0,2.0,3.0,5.0,4.0,5.0,-1,-1
4100,3435.0,2.0,50.0,4.0,5.0,2.0,2.0,3.0,3.0,5.0,8.0,1,1
4101,7654.0,1.0,46.0,3.0,4.0,2.0,4.0,2.0,2.0,7.0,8.0,1,1
4102,3436.0,1.0,46.0,3.0,4.0,2.0,4.0,2.0,2.0,7.0,8.0,1,1
4103,3437.0,1.0,20.0,2.0,4.0,8.0,5.0,0.0,5.0,4.4,9.0,1,1
4104,3438.0,1.0,44.0,4.0,1.0,2.0,5.0,0.0,3.0,4.0,1.0,0,2
4105,3439.0,2.0,32.0,3.0,2.0,2.0,4.0,0.0,1.0,4.0,3.0,0,2
4107,3440.0,2.0,44.0,1.0,4.0,2.0,8.0,2.0,2.0,5.0,6.0,1,1
4108,3441.0,2.0,37.0,2.0,3.0,3.0,5.0,1.0,4.0,6.0,5.0,1,1
4109,3442.0,2.0,25.0,4.0,3.0,2.0,4.0,1.0,1.0,4.0,5.0,1,1
4110,3443.0,2.0,67.0,1.0,2.0,7.0,5.0,0.0,5.0,3.0,4.0,0,0
4111,3444.0,2.0,54.0,3.0,2.0,4.0,3.0,0.0,3.0,2.0,4.0,0,0
4112,9221.0,1.0,70.0,5.0,3.0,7.0,3.0,0.0,2.0,6.0,7.0,1,0
4113,9521.0,1.0,70.0,5.0,3.0,7.0,3.0,0.0,2.0,6.0,7.0,1,0
4114,9436.0,1.0,70.0,5.0,3.0,7.0,3.0,0.0,2.0,6.0,7.0,1,0
4115,3445.0,1.0,70.0,5.0,3.0,7.0,3.0,0.0,2.0,6.0,7.0,1,0
4117,3446.0,1.0,70.0,1.0,1.0,7.0,2.0,0.0,5.0,3.0,2.0,0,0
4119,3448.0,1.0,71.0,1.0,2.0,1.0,3.0,0.0,1.0,7.0,4.0,0,0
4120,3449.0,1.0,64.0,1.0,2.0,1.0,5.0,0.0,1.0,6.0,4.0,0,0
4121,3450.0,1.0,72.0,5.0,1.0,7.0,3.0,0.0,4.0,4.0,2.0,0,0
4122,9222.0,2.0,45.0,2.0,4.0,9.0,5.0,2.0,1.0,4.0,6.0,1,1
4123,3451.0,2.0,45.0,2.0,4.0,9.0,5.0,2.0,1.0,4.0,6.0,1,1
4124,3452.0,1.0,54.0,4.0,2.0,9.0,3.0,0.0,1.0,3.0,4.0,0,0
4125,7657.0,2.0,58.0,2.0,2.0,2.0,5.0,0.0,2.0,4.0,4.0,0,0
4126,3453.0,1.0,65.0,1.0,2.0,7.0,6.0,0.0,3.0,5.0,4.0,0,0
4127,3454.0,2.0,63.0,4.0,2.0,7.0,5.0,0.0,3.0,8.0,4.0,0,0
4128,7658.0,2.0,63.0,4.0,2.0,7.0,5.0,0.0,3.0,8.0,4.0,0,0
4129,3455.0,1.0,45.0,2.0,5.0,2.0,8.0,3.0,2.0,5.0,6.0,1,1
4130,3456.0,1.0,61.0,5.0,3.0,2.0,6.0,0.0,1.0,6.0,7.0,1,0
4131,3457.0,1.0,72.0,3.0,2.0,7.0,4.0,0.0,4.0,4.0,4.0,0,0
4132,7659.0,2.0,47.0,5.0,3.0,2.0,3.0,1.0,2.0,5.0,9.0,1,1
4133,3458.0,1.0,74.0,5.0,2.0,7.0,5.0,0.0,1.0,8.0,4.0,0,0
4134,3459.0,2.0,66.0,4.0,1.0,2.0,3.0,0.0,2.0,3.0,2.0,0,0
4135,3460.0,2.0,74.0,1.0,1.0,7.0,2.0,0.0,5.0,3.0,2.0,0,0
4136,7660.0,1.0,43.0,3.0,5.0,2.0,8.0,3.0,3.0,4.0,5.0,1,1
4137,9522.0,1.0,43.0,3.0,5.0,2.0,8.0,3.0,3.0,4.0,5.0,1,1
4138,3461.0,1.0,43.0,3.0,5.0,2.0,8.0,3.0,3.0,4.0,5.0,1,1
4139,3462.0,2.0,25.0,5.0,1.0,4.0,8.0,0.0,4.0,4.0,1.0,0,2
4140,3463.0,2.0,25.0,2.0,4.0,4.0,8.0,0.0,1.0,4.0,7.0,1,1
4141,3464.0,2.0,58.0,4.0,2.0,2.0,3.0,0.0,4.0,2.0,4.0,0,0
4142,7661.0,2.0,30.0,4.0,2.0,4.0,5.0,0.0,3.0,4.0,3.0,0,2
4143,3465.0,2.0,30.0,4.0,2.0,4.0,5.0,0.0,3.0,4.0,3.0,0,2
4144,7662.0,2.0,67.0,5.0,2.0,9.0,4.0,0.0,1.0,7.0,4.0,0,0
4145,3466.0,2.0,67.0,5.0,2.0,9.0,4.0,0.0,1.0,7.0,4.0,0,0
4146,3467.0,1.0,57.0,2.0,2.0,2.0,5.0,0.0,3.0,4.0,4.0,0,0
4147,3468.0,2.0,61.0,1.0,1.0,4.0,2.0,0.0,5.0,1.0,2.0,0,0
4148,3469.0,2.0,51.0,2.0,4.0,2.0,5.0,0.0,3.0,4.0,7.0,1,1
4149,3470.0,1.0,38.0,4.0,2.0,3.0,5.0,0.0,3.0,4.0,3.0,0,2
4150,3471.0,2.0,32.0,2.0,1.0,2.0,4.0,0.0,2.0,7.0,1.0,0,2
4151,3472.0,1.0,32.0,4.0,1.0,2.0,5.0,0.0,2.0,7.0,1.0,0,2
4154,3474.0,1.0,42.0,2.0,2.0,2.0,5.0,0.0,3.0,4.0,3.0,0,0
4155,3475.0,1.0,61.0,3.0,1.0,3.0,3.0,0.0,2.0,4.0,2.0,0,0
4157,3477.0,1.0,64.0,4.0,3.0,2.0,6.0,1.0,3.0,3.0,6.0,1,0
4158,3478.0,2.0,58.0,4.0,3.0,2.0,4.0,0.0,4.0,4.0,7.0,1,0
4159,7664.0,2.0,58.0,4.0,3.0,2.0,4.0,0.0,4.0,4.0,7.0,1,0
4160,9523.0,1.0,53.0,5.0,6.0,3.0,6.0,1.0,2.0,4.2,9.0,-1,-1
4161,9437.0,1.0,53.0,5.0,6.0,3.0,6.0,1.0,2.0,4.4,9.0,-1,-1
4162,3479.0,1.0,53.0,5.0,6.0,3.0,6.0,1.0,2.0,3.6,9.0,-1,-1
4163,3480.0,2.0,61.0,4.0,1.0,6.0,2.0,0.0,4.0,4.0,2.0,0,0
4164,3481.0,2.0,76.0,2.0,1.0,7.0,2.0,0.0,2.0,6.0,2.0,0,0
4165,3482.0,1.0,66.0,2.0,2.0,7.0,4.0,0.0,5.0,2.0,4.0,0,0
4166,3483.0,1.0,44.0,2.0,1.0,2.0,5.0,0.0,2.0,7.0,1.0,0,2
4167,3484.0,1.0,66.0,5.0,2.0,2.0,2.0,0.0,5.0,2.0,4.0,0,0
4168,3485.0,1.0,61.0,5.0,2.0,2.0,5.0,0.0,3.0,3.0,4.0,0,0
4169,3486.0,2.0,81.0,5.0,1.0,9.0,3.0,0.0,5.0,1.0,2.0,0,0
4170,3487.0,2.0,25.0,5.0,4.0,8.0,8.0,0.0,5.0,4.0,9.0,-1,-1
4171,3488.0,2.0,60.0,2.0,1.0,7.0,5.0,0.0,4.0,4.0,2.0,0,0
4172,9612.0,2.0,60.0,5.0,3.0,2.0,5.0,0.0,3.0,4.0,7.0,1,0
4173,3489.0,2.0,46.0,1.0,3.0,4.0,1.0,0.0,5.0,2.0,9.0,1,1
4174,3490.0,1.0,66.0,4.0,2.0,9.0,5.0,0.0,3.0,6.0,4.0,0,0
4175,3491.0,1.0,61.0,5.0,4.0,4.0,3.0,0.0,4.0,4.0,7.0,1,1
4176,3492.0,2.0,65.0,1.0,1.0,4.0,8.0,0.0,3.0,6.0,2.0,0,0
4179,3494.0,1.0,61.0,5.0,3.0,2.0,4.0,0.0,4.0,3.0,7.0,1,0
4180,3495.0,1.0,71.0,1.0,1.0,7.0,2.0,0.0,1.0,8.0,2.0,0,0
4181,7666.0,2.0,36.0,2.0,4.0,2.0,7.0,2.0,2.0,4.0,6.0,1,1
4182,9438.0,2.0,65.0,1.0,2.0,1.0,5.0,0.0,1.0,4.0,4.0,0,0
4183,3496.0,2.0,56.0,2.0,4.0,97.0,6.0,0.0,3.0,4.2,7.0,-1,-1
4184,3497.0,1.0,64.0,4.0,2.0,2.0,2.0,0.0,4.0,2.0,4.0,0,0
4188,9613.0,1.0,40.0,1.0,1.0,9.0,1.0,0.0,5.0,1.0,1.0,-1,-1
4189,3499.0,2.0,33.0,5.0,2.0,2.0,4.0,0.0,3.0,6.0,3.0,0,2
4190,7667.0,2.0,41.0,5.0,4.0,2.0,5.0,2.0,3.0,7.0,6.0,1,1
4191,9614.0,1.0,71.0,2.0,1.0,1.0,2.0,0.0,1.0,6.0,2.0,0,0
4192,3500.0,1.0,68.0,2.0,2.0,7.0,6.0,0.0,2.0,3.0,4.0,0,0
4193,3501.0,2.0,51.0,4.0,2.0,2.0,5.0,0.0,2.0,5.0,9.0,1,0
4194,3502.0,1.0,70.0,5.0,2.0,7.0,7.0,0.0,2.0,6.0,4.0,0,0
4195,7668.0,2.0,47.0,2.0,1.0,4.0,8.0,0.0,4.0,1.0,2.0,0,0
4196,8916.0,2.0,47.0,2.0,1.0,4.0,8.0,0.0,4.0,1.0,2.0,0,0
4197,3503.0,1.0,39.0,4.0,2.0,2.0,5.0,0.0,1.0,8.0,3.0,0,2
4198,3504.0,2.0,76.0,1.0,1.0,7.0,1.0,0.0,4.0,4.0,2.0,0,0
4199,3505.0,2.0,64.0,4.0,2.0,5.0,2.0,0.0,4.0,4.0,4.0,0,0
4200,3506.0,1.0,61.0,3.0,2.0,2.0,5.0,0.0,2.0,6.0,4.0,0,0
4201,3507.0,1.0,62.0,5.0,2.0,2.0,5.0,0.0,4.0,3.0,4.0,0,0
4202,8917.0,1.0,62.0,5.0,2.0,2.0,5.0,0.0,4.0,3.0,4.0,0,0
4203,3508.0,2.0,51.0,2.0,2.0,9.0,3.0,0.0,2.0,2.0,4.0,0,0
4204,7669.0,2.0,51.0,2.0,2.0,9.0,3.0,0.0,2.0,2.0,4.0,0,0
4205,9223.0,2.0,55.0,2.0,2.0,3.0,5.0,0.0,3.0,3.0,4.0,0,0
4206,3509.0,2.0,55.0,2.0,2.0,3.0,5.0,0.0,3.0,3.0,4.0,0,0
4207,3510.0,2.0,44.0,4.0,4.0,2.0,4.0,2.0,4.0,4.0,6.0,1,1
4208,3511.0,1.0,51.0,4.0,1.0,3.0,5.0,0.0,2.0,7.0,2.0,0,0
4209,3512.0,1.0,40.0,2.0,1.0,2.0,2.0,0.0,4.0,2.0,1.0,0,2
4213,3515.0,1.0,48.0,5.0,1.0,2.0,6.0,0.0,1.0,7.0,2.0,0,2
4214,3516.0,2.0,79.0,2.0,1.0,7.0,8.0,0.0,5.0,2.0,2.0,0,0
4215,7671.0,2.0,65.0,2.0,2.0,7.0,8.0,0.0,5.0,2.0,4.0,0,0
4216,3517.0,2.0,65.0,2.0,2.0,7.0,8.0,0.0,5.0,2.0,4.0,0,0
4217,9615.0,2.0,65.0,4.0,1.0,4.0,3.0,0.0,4.0,5.0,2.0,0,0
4218,3518.0,2.0,26.0,4.0,2.0,5.0,5.0,0.0,1.0,8.0,3.0,0,2
4219,3519.0,1.0,58.0,5.0,2.0,2.0,3.0,0.0,2.0,5.0,4.0,0,0
4220,7672.0,1.0,60.0,2.0,2.0,2.0,7.0,0.0,1.0,3.0,4.0,0,0
4221,3520.0,1.0,60.0,2.0,2.0,2.0,7.0,0.0,1.0,3.0,4.0,0,0
4222,7673.0,2.0,61.0,1.0,2.0,4.0,3.0,0.0,5.0,6.0,4.0,0,0
4223,3521.0,2.0,68.0,1.0,1.0,7.0,2.0,0.0,3.0,5.0,2.0,0,0
4224,3522.0,2.0,54.0,2.0,4.0,9.0,6.0,1.0,1.0,2.0,6.0,1,1
4225,7674.0,2.0,54.0,2.0,4.0,9.0,6.0,1.0,1.0,2.0,6.0,1,1
4226,3523.0,2.0,70.0,4.0,1.0,7.0,2.0,0.0,4.0,2.0,2.0,0,0
4227,3524.0,1.0,32.0,5.0,2.0,2.0,3.0,0.0,4.0,2.0,3.0,0,2
4229,3526.0,1.0,55.0,3.0,3.0,2.0,6.0,0.0,1.0,7.0,7.0,1,0
4230,7675.0,1.0,55.0,3.0,3.0,2.0,6.0,0.0,1.0,7.0,7.0,1,0
4231,9224.0,1.0,55.0,3.0,3.0,2.0,6.0,0.0,1.0,7.0,7.0,1,0
4233,7676.0,2.0,49.0,4.0,4.0,9.0,5.0,2.0,1.0,4.0,6.0,1,1
4234,9225.0,2.0,49.0,4.0,4.0,9.0,5.0,2.0,1.0,4.0,6.0,1,1
4235,3528.0,2.0,49.0,4.0,4.0,9.0,5.0,2.0,1.0,4.0,6.0,1,1
4238,3530.0,1.0,26.0,4.0,2.0,8.0,1.0,0.0,5.0,4.0,9.0,-1,-1
4239,7677.0,2.0,69.0,5.0,2.0,2.0,3.0,0.0,2.0,3.0,4.0,0,0
4240,3531.0,2.0,69.0,5.0,2.0,2.0,3.0,0.0,2.0,3.0,4.0,0,0
4242,9227.0,2.0,69.0,2.0,3.0,9.0,4.0,0.0,4.0,7.0,7.0,1,0
4243,3533.0,2.0,69.0,2.0,3.0,9.0,4.0,0.0,4.0,7.0,7.0,1,0
4244,9439.0,2.0,69.0,2.0,3.0,9.0,4.0,0.0,4.0,7.0,7.0,1,0
4245,3534.0,2.0,25.0,5.0,2.0,2.0,2.0,0.0,1.0,8.0,3.0,0,2
4246,3535.0,2.0,62.0,2.0,2.0,3.0,5.0,0.0,2.0,6.0,4.0,0,0
4247,7678.0,2.0,62.0,2.0,2.0,3.0,5.0,0.0,2.0,6.0,4.0,0,0
4248,7679.0,2.0,74.0,2.0,2.0,7.0,3.0,0.0,4.0,4.0,4.0,0,0
4249,3536.0,2.0,74.0,2.0,2.0,7.0,3.0,0.0,4.0,4.0,4.0,0,0
4252,9228.0,1.0,51.0,2.0,5.0,2.0,8.0,0.0,2.0,7.0,7.0,1,1
4253,3538.0,1.0,51.0,2.0,5.0,2.0,8.0,0.0,2.0,7.0,7.0,1,1
4254,3539.0,2.0,33.0,4.0,1.0,1.0,8.0,0.0,1.0,7.0,1.0,0,2
4255,3540.0,2.0,58.0,5.0,2.0,9.0,8.0,0.0,3.0,4.0,4.0,0,0
4256,7680.0,2.0,53.0,3.0,2.0,2.0,3.0,0.0,5.0,2.0,4.0,0,0
4257,3541.0,2.0,53.0,3.0,2.0,2.0,3.0,0.0,5.0,2.0,4.0,0,0
4258,9616.0,1.0,44.0,2.0,1.0,2.0,4.0,0.0,4.0,3.0,1.0,0,2
4259,3542.0,2.0,47.0,1.0,1.0,2.0,2.0,0.0,5.0,2.0,2.0,0,0
4260,3543.0,2.0,66.0,3.0,2.0,9.0,8.0,0.0,5.0,2.0,4.0,0,0
4261,9441.0,2.0,66.0,3.0,2.0,9.0,8.0,0.0,5.0,2.0,4.0,0,0
4262,3544.0,2.0,51.0,1.0,3.0,2.0,4.0,0.0,2.0,5.0,7.0,1,0
4263,3545.0,2.0,59.0,3.0,1.0,2.0,1.0,0.0,3.0,2.0,2.0,0,0
4264,9229.0,2.0,56.0,3.0,2.0,9.0,2.0,0.0,3.0,5.0,3.0,0,0
4265,3546.0,2.0,56.0,3.0,2.0,9.0,2.0,0.0,3.0,5.0,3.0,0,0
4266,3547.0,2.0,68.0,1.0,2.0,7.0,2.0,0.0,5.0,1.0,4.0,0,0
4268,3549.0,1.0,71.0,5.0,2.0,7.0,3.0,0.0,5.0,2.0,4.0,0,0
4269,3550.0,1.0,54.0,2.0,4.0,2.0,2.0,1.0,2.0,4.0,6.0,1,1
4270,7681.0,1.0,54.0,2.0,4.0,2.0,2.0,1.0,2.0,4.0,6.0,1,1
4271,9442.0,1.0,54.0,2.0,4.0,2.0,2.0,1.0,2.0,4.0,6.0,1,1
4272,9230.0,1.0,54.0,2.0,4.0,2.0,2.0,1.0,2.0,4.0,6.0,1,1
4273,3551.0,1.0,69.0,1.0,2.0,7.0,5.0,0.0,5.0,3.0,4.0,0,0
4274,3552.0,1.0,56.0,3.0,2.0,4.0,2.0,0.0,5.0,3.0,4.0,0,0
4275,7682.0,1.0,56.0,3.0,2.0,4.0,2.0,0.0,5.0,3.0,4.0,0,0
4276,3553.0,2.0,41.0,4.0,5.0,9.0,8.0,1.0,2.0,4.0,6.0,-1,-1
4277,3554.0,2.0,27.0,2.0,2.0,2.0,3.0,0.0,2.0,7.0,3.0,0,2
4278,3555.0,2.0,76.0,5.0,1.0,7.0,2.0,0.0,5.0,3.0,2.0,0,0
4279,3556.0,2.0,29.0,5.0,3.0,3.0,8.0,0.0,3.0,8.0,7.0,1,1
4280,7683.0,2.0,55.0,3.0,3.0,2.0,8.0,0.0,3.0,3.0,7.0,1,0
4281,3557.0,2.0,55.0,3.0,3.0,2.0,8.0,0.0,3.0,3.0,7.0,1,0
4282,3558.0,2.0,61.0,2.0,2.0,2.0,5.0,0.0,4.0,4.0,4.0,0,0
4283,7684.0,2.0,61.0,2.0,2.0,2.0,5.0,0.0,4.0,4.0,4.0,0,0
4284,3559.0,2.0,29.0,4.0,1.0,2.0,1.0,0.0,2.0,5.0,1.0,0,2
4285,3560.0,2.0,64.0,2.0,3.0,7.0,7.0,0.0,1.0,8.0,7.0,1,0
4287,9231.0,2.0,46.0,3.0,3.0,2.0,8.0,0.0,3.0,4.0,7.0,1,1
4288,3562.0,2.0,46.0,3.0,3.0,2.0,8.0,0.0,3.0,4.0,7.0,1,1
4289,7685.0,2.0,46.0,3.0,3.0,2.0,8.0,0.0,3.0,4.0,7.0,1,1
4292,3564.0,1.0,53.0,3.0,4.0,1.0,4.0,1.0,1.0,3.0,6.0,1,1
4293,3565.0,1.0,71.0,4.0,2.0,7.0,3.0,0.0,5.0,3.0,4.0,0,0
4298,3567.0,2.0,66.0,5.0,2.0,7.0,8.0,0.0,2.0,3.0,4.0,0,0
4299,3568.0,2.0,33.0,2.0,1.0,3.0,4.0,0.0,2.0,7.0,1.0,0,2
4300,3569.0,2.0,55.0,3.0,3.0,3.0,3.0,2.0,4.0,3.0,8.0,1,1
4301,3570.0,2.0,56.0,4.0,2.0,9.0,4.0,0.0,2.0,4.0,4.0,0,0
4302,7687.0,2.0,59.0,5.0,2.0,2.0,4.0,0.0,5.0,3.0,4.0,0,0
4303,3571.0,2.0,59.0,5.0,2.0,2.0,4.0,0.0,5.0,3.0,4.0,0,0
4304,3572.0,1.0,45.0,2.0,4.0,2.0,5.0,2.0,3.0,4.0,6.0,1,1
4305,7688.0,1.0,45.0,2.0,4.0,2.0,5.0,2.0,3.0,4.0,6.0,1,1
4306,9234.0,1.0,45.0,2.0,4.0,2.0,5.0,2.0,3.0,4.0,6.0,1,1
4307,8919.0,1.0,45.0,2.0,4.0,2.0,5.0,2.0,3.0,4.0,6.0,1,1
4308,3573.0,2.0,35.0,2.0,1.0,3.0,4.0,0.0,2.0,7.0,1.0,0,2
4309,3574.0,2.0,44.0,4.0,4.0,9.0,4.0,1.0,1.0,2.0,6.0,1,1
4310,3575.0,1.0,65.0,2.0,1.0,4.0,2.0,0.0,5.0,2.0,2.0,0,0
4311,3576.0,2.0,71.0,2.0,1.0,2.0,3.0,0.0,2.0,5.0,2.0,0,0
4312,7689.0,2.0,71.0,2.0,1.0,2.0,3.0,0.0,2.0,5.0,2.0,0,0
4313,3577.0,1.0,39.0,1.0,2.0,5.0,5.0,0.0,5.0,4.0,3.0,0,2
4314,9235.0,2.0,44.0,5.0,4.0,9.0,8.0,1.0,4.0,2.0,6.0,1,1
4315,3578.0,2.0,44.0,5.0,4.0,9.0,8.0,1.0,4.0,2.0,6.0,1,1
4316,8920.0,2.0,44.0,5.0,4.0,9.0,8.0,1.0,4.0,2.0,6.0,1,1
4317,7690.0,2.0,44.0,5.0,4.0,9.0,8.0,1.0,4.0,2.0,6.0,1,1
4318,9443.0,1.0,47.0,4.0,5.0,3.0,5.0,2.0,2.0,4.0,6.0,1,1
4319,9236.0,1.0,47.0,4.0,5.0,3.0,5.0,2.0,2.0,4.0,6.0,1,1
4320,3579.0,1.0,47.0,4.0,5.0,3.0,5.0,2.0,2.0,4.0,6.0,1,1
4321,3580.0,1.0,49.0,5.0,2.0,2.0,8.0,0.0,2.0,4.0,4.0,0,0
4322,7691.0,2.0,36.0,3.0,4.0,9.0,3.0,2.0,4.0,3.0,5.0,1,1
4323,3581.0,1.0,68.0,2.0,2.0,7.0,4.0,0.0,5.0,3.0,4.0,0,0
4324,3582.0,2.0,70.0,5.0,2.0,7.0,8.0,0.0,2.0,7.0,4.0,0,0
4325,9444.0,2.0,50.0,3.0,4.0,1.0,5.0,0.0,1.0,3.0,9.0,1,1
4326,3583.0,2.0,50.0,3.0,4.0,1.0,5.0,0.0,1.0,3.0,9.0,1,1
4327,7692.0,2.0,50.0,3.0,4.0,1.0,5.0,0.0,1.0,3.0,9.0,1,1
4328,3584.0,1.0,61.0,1.0,3.0,2.0,3.0,0.0,4.0,3.0,7.0,1,0
4329,3585.0,2.0,50.0,1.0,2.0,2.0,8.0,0.0,4.0,3.0,9.0,1,0
4330,3586.0,1.0,37.0,4.0,4.0,2.0,2.0,2.0,5.0,4.0,5.0,1,1
4331,3587.0,2.0,62.0,1.0,1.0,2.0,3.0,0.0,1.0,8.0,2.0,0,0
4332,3588.0,1.0,27.0,2.0,2.0,2.0,6.0,0.0,1.0,8.0,3.0,0,2
4333,3589.0,1.0,60.0,2.0,1.0,2.0,5.0,0.0,4.0,2.0,2.0,0,0
4334,3590.0,1.0,21.0,1.0,1.0,8.0,8.0,0.0,3.0,6.0,1.0,0,2
4335,3591.0,2.0,53.0,3.0,1.0,4.0,8.0,0.0,4.0,3.0,2.0,0,0
4336,3592.0,2.0,75.0,5.0,2.0,7.0,2.0,0.0,5.0,3.0,4.0,0,0
4337,3593.0,2.0,58.0,5.0,2.0,9.0,2.0,0.0,5.0,5.0,4.0,0,0
4338,9237.0,2.0,57.0,4.0,2.0,2.0,2.0,0.0,2.0,4.0,9.0,1,0
4339,3594.0,2.0,57.0,4.0,2.0,2.0,2.0,0.0,2.0,4.0,9.0,1,0
4340,3595.0,2.0,42.0,2.0,4.0,2.0,3.0,2.0,2.0,7.0,5.0,1,1
4341,7693.0,2.0,42.0,2.0,4.0,2.0,3.0,2.0,2.0,7.0,5.0,1,1
4342,3596.0,1.0,38.0,4.0,3.0,2.0,2.0,1.0,4.0,2.0,5.0,1,1
4343,3597.0,2.0,41.0,2.0,2.0,2.0,1.0,1.0,4.0,4.0,8.0,1,1
4344,3598.0,1.0,65.0,5.0,2.0,4.0,4.0,0.0,3.0,3.0,4.0,0,0
4348,3601.0,2.0,54.0,5.0,1.0,2.0,2.0,0.0,2.0,4.0,2.0,0,0
4349,3602.0,1.0,22.0,5.0,1.0,2.0,2.0,0.0,2.0,6.0,1.0,0,2
4350,3603.0,2.0,70.0,2.0,2.0,9.0,8.0,0.0,5.0,2.0,4.0,0,0
4351,3604.0,2.0,24.0,4.0,11.0,8.0,8.0,0.0,3.0,7.0,7.0,-1,-1
4352,9239.0,2.0,73.0,2.0,2.0,9.0,8.0,0.0,5.0,2.0,4.0,0,0
4353,3605.0,2.0,69.0,4.0,2.0,7.0,2.0,0.0,5.0,2.0,4.0,0,0
4354,3606.0,2.0,71.0,5.0,2.0,7.0,3.0,0.0,4.0,4.0,4.0,0,0
4355,3607.0,2.0,38.0,5.0,4.0,1.0,8.0,2.0,1.0,8.0,6.0,1,1
4356,3608.0,2.0,52.0,4.0,4.0,1.0,3.0,0.0,1.0,4.0,7.0,1,1
4357,3609.0,1.0,47.0,3.0,3.0,1.0,4.0,0.0,2.0,2.0,7.0,1,0
4358,7694.0,2.0,43.0,2.0,4.0,2.0,5.0,2.0,1.0,4.0,6.0,1,1
4359,7695.0,2.0,38.0,5.0,4.0,2.0,5.0,2.0,3.0,4.0,6.0,1,1
4360,3610.0,2.0,38.0,5.0,4.0,2.0,5.0,2.0,3.0,4.0,6.0,1,1
4361,3611.0,2.0,47.0,3.0,2.0,2.0,5.0,0.0,3.0,6.0,4.0,0,0
4362,3612.0,2.0,55.0,2.0,1.0,2.0,3.0,0.0,2.0,4.0,2.0,0,0
4363,3613.0,1.0,71.0,5.0,2.0,7.0,4.0,0.0,4.0,4.0,4.0,0,0
4364,3614.0,1.0,65.0,5.0,2.0,7.0,8.0,0.0,5.0,1.0,4.0,0,0
4365,7696.0,1.0,65.0,5.0,2.0,7.0,8.0,0.0,5.0,1.0,4.0,0,0
4366,7697.0,2.0,77.0,5.0,1.0,7.0,2.0,0.0,5.0,2.0,2.0,0,0
4367,3615.0,2.0,77.0,5.0,1.0,7.0,2.0,0.0,5.0,2.0,2.0,0,0
4368,3616.0,1.0,36.0,4.0,5.0,2.0,8.0,3.0,3.0,4.0,5.0,1,1
4369,3617.0,2.0,37.0,1.0,1.0,3.0,8.0,0.0,2.0,5.0,1.0,0,2
4370,3618.0,2.0,58.0,5.0,2.0,5.0,1.0,0.0,3.0,6.0,9.0,1,0
4371,3619.0,2.0,32.0,5.0,4.0,9.0,5.0,2.0,2.0,2.0,6.0,1,1
4372,8921.0,2.0,58.0,5.0,3.0,4.0,1.0,0.0,4.0,4.0,9.0,1,0
4373,3620.0,2.0,58.0,5.0,3.0,4.0,1.0,0.0,4.0,4.0,9.0,1,0
4374,3621.0,2.0,70.0,1.0,1.0,7.0,3.0,0.0,2.0,6.0,2.0,0,0
4375,3622.0,2.0,57.0,2.0,2.0,2.0,6.0,0.0,3.0,5.0,4.0,0,0
4376,3623.0,2.0,64.0,4.0,1.0,2.0,4.0,0.0,2.0,6.0,2.0,0,0
4377,3624.0,2.0,74.0,5.0,2.0,7.0,2.0,0.0,5.0,1.0,4.0,0,0
4378,7698.0,2.0,66.0,2.0,1.0,6.0,1.0,0.0,5.0,1.0,2.0,0,0
4379,3625.0,2.0,63.0,5.0,1.0,2.0,3.0,0.0,3.0,4.0,2.0,0,0
4380,7699.0,1.0,72.0,1.0,2.0,7.0,5.0,0.0,2.0,5.0,4.0,0,0
4381,3626.0,1.0,72.0,1.0,2.0,7.0,5.0,0.0,2.0,5.0,4.0,0,0
4382,7700.0,2.0,53.0,5.0,3.0,2.0,6.0,0.0,2.0,3.0,7.0,1,0
4383,7701.0,1.0,43.0,5.0,4.0,2.0,5.0,2.0,2.0,6.0,6.0,1,1
4384,3627.0,1.0,43.0,5.0,4.0,2.0,5.0,2.0,2.0,6.0,6.0,1,1
4385,7702.0,1.0,59.0,5.0,2.0,2.0,5.0,0.0,4.0,4.0,4.0,0,0
4386,7703.0,2.0,68.0,5.0,2.0,9.0,8.0,0.0,4.0,2.0,4.0,0,0
4387,3628.0,1.0,48.0,4.0,4.0,2.0,4.0,2.0,4.0,2.0,6.0,1,1
4388,3629.0,2.0,53.0,3.0,4.0,2.0,5.0,0.0,3.0,4.0,7.0,1,1
4389,7704.0,2.0,53.0,3.0,4.0,2.0,5.0,0.0,3.0,4.0,7.0,1,1
4390,8922.0,2.0,53.0,3.0,4.0,2.0,5.0,0.0,3.0,4.0,7.0,1,1
4391,7705.0,2.0,26.0,4.0,2.0,2.0,3.0,0.0,1.0,8.0,3.0,0,2
4392,3630.0,2.0,26.0,4.0,2.0,2.0,3.0,0.0,1.0,8.0,3.0,0,2
4393,3631.0,2.0,40.0,5.0,5.0,2.0,5.0,3.0,3.0,7.0,6.0,1,1
4394,7706.0,2.0,40.0,5.0,5.0,2.0,5.0,3.0,3.0,7.0,6.0,1,1
4395,3632.0,2.0,41.0,4.0,5.0,2.0,4.0,3.0,4.0,4.0,6.0,1,1
4396,3633.0,2.0,57.0,5.0,2.0,9.0,8.0,0.0,5.0,3.0,4.0,0,0
4397,7707.0,2.0,57.0,5.0,2.0,9.0,8.0,0.0,5.0,3.0,4.0,0,0
4399,7709.0,2.0,59.0,5.0,3.0,2.0,4.0,0.0,1.0,4.0,7.0,1,0
4400,3634.0,2.0,59.0,5.0,3.0,2.0,4.0,0.0,1.0,4.0,7.0,1,0
4401,3635.0,2.0,47.0,5.0,4.0,2.0,2.0,3.0,2.0,4.6,8.0,1,1
4403,3636.0,1.0,57.0,5.0,2.0,2.0,4.0,0.0,4.0,2.0,4.0,0,0
4404,7711.0,2.0,65.0,4.0,2.0,2.0,5.0,0.0,3.0,4.0,4.0,0,0
4405,3637.0,2.0,65.0,4.0,2.0,2.0,5.0,0.0,3.0,4.0,4.0,0,0
4406,3638.0,1.0,70.0,1.0,2.0,7.0,2.0,0.0,5.0,3.0,4.0,0,0
4407,7712.0,1.0,70.0,1.0,2.0,7.0,2.0,0.0,5.0,3.0,4.0,0,0
4411,3640.0,1.0,31.0,2.0,2.0,1.0,4.0,0.0,1.0,6.0,3.0,0,2
4412,9617.0,1.0,46.0,2.0,1.0,2.0,8.0,0.0,4.0,2.0,2.0,0,0
4413,3641.0,2.0,29.0,5.0,1.0,2.0,8.0,0.0,2.0,6.0,1.0,0,2
4415,3642.0,2.0,52.0,5.0,1.0,4.0,2.0,0.0,4.0,3.0,2.0,0,0
4416,3643.0,1.0,74.0,2.0,2.0,7.0,3.0,0.0,4.0,4.0,4.0,0,0
4417,7715.0,1.0,73.0,5.0,1.0,7.0,4.0,0.0,5.0,2.0,2.0,0,0
4420,3645.0,1.0,81.0,1.0,2.0,7.0,2.0,0.0,5.0,2.0,4.0,0,0
4421,3646.0,1.0,54.0,5.0,4.0,2.0,5.0,1.0,4.0,2.0,8.0,1,1
4422,3647.0,2.0,47.0,2.0,3.0,4.0,1.0,0.0,3.0,4.8,7.0,1,1
4423,3648.0,1.0,65.0,2.0,2.0,2.0,5.0,0.0,2.0,5.0,4.0,0,0
4424,3649.0,2.0,30.0,1.0,1.0,3.0,4.0,0.0,2.0,7.0,1.0,0,2
4425,7717.0,2.0,71.0,5.0,1.0,7.0,4.0,0.0,5.0,3.0,2.0,0,0
4426,3650.0,2.0,24.0,4.0,1.0,8.0,1.0,0.0,3.0,7.0,1.0,0,2
4427,3651.0,1.0,61.0,4.0,3.0,3.0,7.0,0.0,1.0,8.0,7.0,1,0
4428,3652.0,2.0,71.0,4.0,1.0,7.0,2.0,0.0,2.0,6.0,2.0,0,0
4430,7719.0,2.0,50.0,5.0,3.0,2.0,8.0,0.0,4.0,3.0,7.0,1,0
4431,7720.0,2.0,60.0,3.0,1.0,5.0,2.0,0.0,5.0,1.0,2.0,0,0
4432,7721.0,2.0,68.0,4.0,1.0,7.0,2.0,0.0,5.0,3.0,2.0,0,0
4433,3653.0,2.0,73.0,4.0,1.0,9.0,2.0,0.0,5.0,2.0,2.0,0,0
4434,3654.0,2.0,83.0,3.0,1.0,7.0,2.0,0.0,2.0,6.0,2.0,0,0
4437,7723.0,2.0,53.0,1.0,2.0,2.0,5.0,0.0,2.0,5.0,4.0,0,0
4438,7724.0,2.0,72.0,4.0,2.0,7.0,3.0,0.0,5.0,3.0,4.0,0,0
4439,3656.0,2.0,72.0,4.0,2.0,7.0,3.0,0.0,5.0,3.0,4.0,0,0
4443,3658.0,2.0,66.0,5.0,2.0,7.0,1.0,0.0,4.0,4.0,4.0,0,0
4444,3659.0,2.0,61.0,2.0,2.0,9.0,3.0,0.0,4.0,5.0,4.0,0,0
4445,3660.0,1.0,58.0,2.0,3.0,4.0,6.0,0.0,1.0,8.0,9.0,1,0
4447,3662.0,1.0,30.0,5.0,2.0,2.0,2.0,0.0,2.0,4.0,3.0,0,2
4449,3664.0,2.0,25.0,3.0,1.0,6.0,1.0,0.0,4.0,4.0,1.0,0,2
4450,3665.0,2.0,32.0,2.0,2.0,2.0,5.0,0.0,4.0,7.0,3.0,0,2
4452,3667.0,2.0,53.0,3.0,2.0,2.0,5.0,0.0,4.0,2.0,4.0,0,0
4453,3668.0,2.0,78.0,3.0,1.0,7.0,2.0,0.0,2.0,7.0,2.0,0,0
4455,3670.0,2.0,36.0,1.0,2.0,2.0,2.0,1.0,2.0,4.0,8.0,1,1
4456,3671.0,2.0,27.0,2.0,3.0,6.0,8.0,0.0,4.0,4.0,7.0,1,1
4457,3672.0,2.0,41.0,3.0,5.0,2.0,5.0,3.0,3.0,5.0,6.0,1,1
4458,3673.0,2.0,34.0,2.0,2.0,3.0,8.0,0.0,1.0,4.6,3.0,0,2
4459,3674.0,2.0,44.0,5.0,3.0,9.0,8.0,0.0,5.0,2.0,6.0,1,0
4460,3675.0,2.0,66.0,5.0,2.0,7.0,2.0,0.0,3.0,3.0,4.0,0,0
4461,3676.0,1.0,35.0,1.0,4.0,1.0,2.0,2.0,1.0,3.0,5.0,1,1
4462,7726.0,1.0,35.0,1.0,4.0,1.0,2.0,2.0,1.0,3.0,5.0,1,1
4463,3677.0,2.0,41.0,5.0,2.0,2.0,2.0,0.0,3.0,4.0,3.0,0,2
4464,7727.0,1.0,54.0,5.0,3.0,4.0,3.0,0.0,5.0,4.2,9.0,1,0
4465,3678.0,1.0,54.0,5.0,3.0,4.0,3.0,0.0,5.0,3.2,9.0,1,0
4466,3679.0,2.0,74.0,1.0,1.0,7.0,4.0,0.0,1.0,8.0,2.0,0,0
4467,3680.0,2.0,38.0,2.0,5.0,2.0,5.0,3.0,4.0,4.0,6.0,1,1
4468,3681.0,1.0,60.0,2.0,2.0,2.0,5.0,0.0,2.0,4.0,4.0,0,0
4469,3682.0,2.0,43.0,2.0,2.0,2.0,6.0,0.0,1.0,8.0,3.0,0,2
4470,3683.0,1.0,63.0,1.0,4.0,2.0,5.0,2.0,2.0,5.0,6.0,1,1
4471,3684.0,1.0,60.0,3.0,1.0,3.0,3.0,0.0,3.0,3.0,2.0,0,0
4472,8925.0,2.0,40.0,2.0,4.0,2.0,1.0,2.0,2.0,4.0,6.0,1,1
4473,3685.0,2.0,40.0,2.0,4.0,2.0,1.0,2.0,2.0,4.0,6.0,1,1
4474,3686.0,2.0,65.0,2.0,1.0,9.0,1.0,0.0,5.0,2.0,2.0,0,0
4475,3687.0,2.0,71.0,2.0,2.0,7.0,2.0,0.0,1.0,8.0,4.0,0,0
4476,3688.0,1.0,64.0,5.0,2.0,2.0,6.0,0.0,1.0,8.0,4.0,0,0
4477,3689.0,2.0,53.0,4.0,2.0,2.0,8.0,0.0,3.0,3.0,4.0,0,0
4478,7728.0,2.0,56.0,5.0,5.0,2.0,7.0,0.0,1.0,7.0,7.0,1,1
4479,3690.0,2.0,56.0,5.0,5.0,2.0,7.0,0.0,1.0,7.0,7.0,1,1
4480,3691.0,2.0,72.0,5.0,1.0,7.0,2.0,0.0,2.0,5.0,2.0,0,0
4481,3692.0,2.0,27.0,5.0,1.0,2.0,3.0,0.0,2.0,6.0,1.0,0,2
4482,7729.0,1.0,22.0,2.0,5.0,8.0,1.0,0.0,3.0,7.0,7.0,-1,-1
4483,7730.0,2.0,69.0,1.0,2.0,7.0,8.0,0.0,5.0,3.0,4.0,0,0
4484,3693.0,2.0,69.0,1.0,2.0,7.0,8.0,0.0,5.0,3.0,4.0,0,0
4485,3694.0,2.0,82.0,4.0,1.0,7.0,2.0,0.0,2.0,7.0,2.0,0,0
4487,3695.0,1.0,80.0,4.0,2.0,7.0,8.0,0.0,5.0,2.0,4.0,0,0
4488,3696.0,2.0,43.0,4.0,2.0,2.0,8.0,0.0,4.0,3.0,3.0,0,0
4489,9240.0,2.0,53.0,5.0,4.0,2.0,3.0,0.0,3.0,5.0,7.0,1,1
4490,8926.0,2.0,53.0,5.0,4.0,2.0,3.0,0.0,3.0,5.0,7.0,1,1
4491,3697.0,2.0,53.0,5.0,4.0,2.0,3.0,0.0,3.0,5.0,7.0,1,1
4492,7732.0,2.0,53.0,5.0,4.0,2.0,3.0,0.0,3.0,5.0,7.0,1,1
4493,3698.0,1.0,65.0,2.0,1.0,2.0,8.0,0.0,5.0,4.4,2.0,0,0
4496,3700.0,2.0,65.0,5.0,1.0,4.0,2.0,0.0,4.0,5.0,2.0,0,0
4497,3701.0,2.0,40.0,2.0,5.0,9.0,8.0,3.0,1.0,4.0,5.0,-1,-1
4498,3702.0,1.0,57.0,5.0,1.0,2.0,8.0,0.0,2.0,4.0,2.0,0,0
4499,3703.0,1.0,62.0,1.0,1.0,2.0,4.0,0.0,4.0,2.0,2.0,0,0
4502,3706.0,1.0,55.0,1.0,2.0,2.0,7.0,0.0,2.0,6.0,4.0,0,0
4507,3709.0,2.0,70.0,3.0,1.0,7.0,2.0,0.0,2.0,6.0,2.0,0,0
4508,3710.0,2.0,77.0,5.0,1.0,9.0,2.0,0.0,5.0,3.0,2.0,0,0
4509,3711.0,2.0,55.0,1.0,2.0,2.0,2.0,0.0,3.0,4.0,4.0,0,0
4510,3712.0,1.0,49.0,4.0,2.0,2.0,8.0,0.0,4.0,4.0,3.0,0,0
4511,7735.0,1.0,49.0,4.0,2.0,2.0,8.0,0.0,4.0,4.0,3.0,0,0
4512,3713.0,2.0,61.0,5.0,2.0,2.0,5.0,0.0,2.0,5.0,4.0,0,0
4513,7736.0,2.0,61.0,5.0,2.0,2.0,5.0,0.0,2.0,5.0,4.0,0,0
4514,3714.0,2.0,38.0,4.0,4.0,1.0,7.0,2.0,1.0,7.0,6.0,1,1
4515,7737.0,2.0,38.0,4.0,4.0,1.0,7.0,2.0,1.0,7.0,6.0,1,1
4516,7738.0,2.0,64.0,4.0,2.0,9.0,5.0,0.0,2.0,4.0,4.0,0,0
4517,3715.0,2.0,64.0,4.0,2.0,9.0,5.0,0.0,2.0,4.0,4.0,0,0
4518,3716.0,2.0,68.0,2.0,1.0,7.0,2.0,0.0,5.0,2.0,2.0,0,0
4519,3717.0,2.0,49.0,2.0,1.0,2.0,2.0,0.0,3.0,4.0,2.0,0,0
4520,3718.0,1.0,84.0,3.0,1.0,7.0,4.0,0.0,2.0,6.0,2.0,0,0
4521,3719.0,2.0,57.0,4.0,1.0,5.0,1.0,0.0,5.0,2.0,2.0,0,0
4522,3720.0,1.0,40.0,3.0,2.0,2.0,6.0,0.0,2.0,6.0,3.0,0,2
4523,3721.0,2.0,55.0,4.0,2.0,9.0,8.0,0.0,5.0,5.0,4.0,0,0
4524,3722.0,2.0,28.0,2.0,2.0,2.0,3.0,0.0,3.0,5.4,3.0,0,2
4525,3723.0,1.0,85.0,5.0,2.0,7.0,2.0,0.0,4.0,1.0,4.0,0,0
4526,3724.0,2.0,60.0,2.0,2.0,2.0,5.0,0.0,1.0,6.0,9.0,1,0
4527,3725.0,1.0,76.0,5.0,2.0,7.0,3.0,0.0,4.0,4.0,4.0,0,0
4528,3726.0,2.0,62.0,5.0,1.0,2.0,3.0,0.0,5.0,2.0,2.0,0,0
4529,3727.0,2.0,21.0,1.0,4.0,8.0,5.0,0.0,2.0,6.0,7.0,1,1
4530,3728.0,1.0,67.0,2.0,1.0,7.0,3.0,0.0,2.0,6.0,2.0,0,0
4532,3729.0,2.0,63.0,3.0,2.0,9.0,8.0,0.0,5.0,3.0,4.0,0,0
4533,7740.0,2.0,63.0,3.0,2.0,9.0,8.0,0.0,5.0,3.0,4.0,0,0
4534,3730.0,2.0,66.0,3.0,2.0,2.0,8.0,0.0,2.0,6.0,4.0,0,0
4535,7741.0,2.0,66.0,3.0,2.0,2.0,8.0,0.0,2.0,6.0,4.0,0,0
4536,3731.0,2.0,52.0,4.0,3.0,2.0,5.0,0.0,2.0,4.2,9.0,1,1
4537,3732.0,1.0,77.0,2.0,2.0,7.0,5.0,0.0,5.0,3.0,4.0,0,0
4539,8928.0,2.0,49.0,4.0,6.0,9.0,3.0,1.0,4.0,4.0,6.0,-1,-1
4540,3734.0,2.0,49.0,4.0,6.0,9.0,3.0,1.0,4.0,4.0,6.0,-1,-1
4541,9445.0,2.0,49.0,4.0,6.0,9.0,3.0,1.0,4.0,4.0,6.0,-1,-1
4542,9241.0,2.0,49.0,4.0,6.0,9.0,3.0,1.0,4.0,4.0,6.0,-1,-1
4543,7742.0,2.0,49.0,4.0,6.0,9.0,3.0,1.0,4.0,4.0,6.0,-1,-1
4544,3735.0,1.0,64.0,4.0,2.0,2.0,7.0,0.0,1.0,8.0,4.0,0,0
4545,3736.0,2.0,68.0,2.0,2.0,7.0,5.0,0.0,2.0,3.0,4.0,0,0
4546,7743.0,2.0,68.0,2.0,2.0,7.0,5.0,0.0,2.0,3.0,4.0,0,0
4548,3738.0,2.0,42.0,2.0,2.0,2.0,8.0,0.0,3.0,4.0,3.0,0,2
4549,3739.0,1.0,66.0,5.0,1.0,7.0,3.0,0.0,4.0,4.0,2.0,0,0
4550,3740.0,2.0,53.0,1.0,1.0,4.0,2.0,0.0,4.0,4.0,2.0,0,0
4551,3741.0,2.0,49.0,3.0,1.0,2.0,8.0,0.0,4.0,3.0,2.0,0,0
4552,7744.0,2.0,57.0,5.0,2.0,2.0,4.0,0.0,3.0,4.0,4.0,0,0
4553,3742.0,2.0,47.0,2.0,2.0,3.0,8.0,0.0,2.0,4.0,4.0,0,0
4554,7745.0,1.0,74.0,2.0,2.0,7.0,4.0,0.0,2.0,7.0,4.0,0,0
4555,3743.0,2.0,53.0,4.0,2.0,3.0,6.0,0.0,3.0,4.0,4.0,0,0
4556,3744.0,1.0,74.0,1.0,2.0,7.0,4.0,0.0,3.0,5.0,4.0,0,0
4557,7746.0,2.0,51.0,4.0,1.0,4.0,2.0,0.0,3.0,6.0,2.0,0,0
4558,7747.0,1.0,61.0,3.0,2.0,3.0,5.0,0.0,4.0,2.0,4.0,0,0
4559,3745.0,2.0,63.0,4.0,1.0,2.0,2.0,0.0,3.0,4.0,2.0,0,0
4560,3746.0,2.0,55.0,4.0,1.0,2.0,3.0,0.0,3.0,4.0,2.0,0,0
4561,7748.0,2.0,42.0,5.0,4.0,2.0,5.0,2.0,3.0,4.0,6.0,1,1
4562,8929.0,2.0,42.0,5.0,4.0,2.0,5.0,2.0,3.0,4.0,6.0,1,1
4565,7750.0,2.0,62.0,4.0,2.0,5.0,2.0,0.0,5.0,2.0,4.0,0,0
4566,7751.0,2.0,41.0,2.0,4.0,2.0,5.0,2.0,4.0,8.0,6.0,1,1
4567,8930.0,2.0,41.0,2.0,4.0,2.0,5.0,2.0,4.0,8.0,6.0,1,1
4568,9242.0,2.0,41.0,2.0,4.0,2.0,5.0,2.0,4.0,8.0,6.0,1,1
4569,3748.0,2.0,41.0,4.0,3.0,3.0,5.0,1.0,2.0,6.0,6.0,1,1
4570,9618.0,1.0,65.0,3.0,2.0,7.0,4.0,0.0,1.0,3.6,4.0,0,0
4572,3750.0,1.0,62.0,2.0,2.0,4.0,2.0,0.0,3.0,2.0,4.0,0,0
4573,7752.0,2.0,71.0,1.0,2.0,7.0,2.0,0.0,5.0,2.0,4.0,0,0
4574,3751.0,2.0,60.0,5.0,2.0,9.0,2.0,0.0,5.0,5.0,4.0,0,0
4575,7753.0,2.0,60.0,5.0,2.0,9.0,2.0,0.0,5.0,5.0,4.0,0,0
4576,3752.0,2.0,56.0,3.0,1.0,4.0,2.0,0.0,4.0,5.0,2.0,0,0
4577,3753.0,1.0,27.0,2.0,4.0,2.0,5.0,2.0,1.0,8.0,8.0,1,1
4582,8931.0,2.0,53.0,4.0,3.0,9.0,4.0,1.0,4.0,3.0,6.0,1,0
4583,7755.0,2.0,53.0,4.0,3.0,9.0,4.0,1.0,4.0,3.0,6.0,1,0
4584,3756.0,2.0,53.0,4.0,3.0,9.0,4.0,1.0,4.0,3.0,6.0,1,0
4586,8932.0,2.0,47.0,5.0,4.0,2.0,8.0,2.0,3.0,4.0,6.0,1,1
4587,3758.0,2.0,47.0,5.0,4.0,2.0,8.0,2.0,3.0,4.0,6.0,1,1
4588,7756.0,2.0,47.0,5.0,4.0,2.0,8.0,2.0,3.0,4.0,6.0,1,1
4591,3760.0,2.0,55.0,2.0,2.0,2.0,8.0,0.0,4.0,2.0,4.0,0,0
4592,3761.0,2.0,44.0,3.0,2.0,2.0,8.0,0.0,4.0,3.0,3.0,0,0
4596,3762.0,2.0,29.0,5.0,2.0,3.0,6.0,0.0,2.0,7.0,3.0,0,2
4598,3764.0,1.0,82.0,1.0,2.0,7.0,2.0,0.0,5.0,2.0,4.0,0,0
4602,3765.0,1.0,63.0,2.0,2.0,1.0,2.0,0.0,1.0,4.0,4.0,0,0
4603,3766.0,2.0,60.0,4.0,1.0,2.0,5.0,0.0,1.0,8.0,2.0,0,0
4605,3767.0,1.0,69.0,5.0,2.0,7.0,3.0,0.0,5.0,2.0,4.0,0,0
4610,3770.0,1.0,62.0,2.0,2.0,4.0,2.0,0.0,5.0,1.0,4.0,0,0
4611,7763.0,1.0,62.0,2.0,2.0,4.0,2.0,0.0,5.0,1.0,4.0,0,0
4612,7764.0,2.0,57.0,2.0,2.0,2.0,8.0,0.0,4.0,3.0,4.0,0,0
4615,3772.0,1.0,29.0,4.0,4.0,2.0,5.0,2.0,2.0,7.0,5.0,1,1
4616,7765.0,1.0,29.0,4.0,4.0,2.0,5.0,2.0,2.0,7.0,5.0,1,1
4619,7767.0,2.0,71.0,3.0,2.0,7.0,2.0,0.0,5.0,2.0,4.0,0,0
4620,3774.0,2.0,71.0,3.0,2.0,7.0,2.0,0.0,5.0,2.0,4.0,0,0
4621,3775.0,1.0,27.0,5.0,1.0,5.0,1.0,0.0,5.0,5.4,1.0,0,2
4622,3776.0,2.0,44.0,2.0,4.0,2.0,6.0,2.0,1.0,6.0,6.0,1,1
4623,7768.0,2.0,44.0,2.0,4.0,2.0,6.0,2.0,1.0,6.0,6.0,1,1
4624,9247.0,2.0,44.0,2.0,4.0,2.0,6.0,2.0,1.0,6.0,6.0,1,1
4625,3777.0,2.0,44.0,5.0,5.0,3.0,8.0,3.0,2.0,7.0,6.0,1,1
4626,3778.0,1.0,26.0,4.0,2.0,2.0,8.0,0.0,4.0,1.0,3.0,0,2
4627,3779.0,2.0,72.0,1.0,1.0,7.0,1.0,0.0,5.0,2.0,2.0,0,0
4628,7769.0,2.0,67.0,2.0,2.0,7.0,5.0,0.0,4.0,4.0,4.0,0,0
4630,3781.0,2.0,45.0,4.0,1.0,4.0,1.0,0.0,5.0,2.0,2.0,0,0
4631,3782.0,2.0,31.0,4.0,3.0,2.0,4.0,1.0,4.0,8.0,5.0,1,1
4632,3783.0,1.0,63.0,4.0,3.0,5.0,5.0,0.0,4.0,4.0,7.0,1,0
4637,7771.0,1.0,26.0,5.0,2.0,8.0,4.0,0.0,4.0,4.0,9.0,-1,-1
4638,3785.0,1.0,26.0,5.0,2.0,8.0,4.0,0.0,4.0,4.0,9.0,-1,-1
4639,3786.0,2.0,46.0,2.0,3.0,2.0,5.0,1.0,4.0,4.0,6.0,1,1
4640,3787.0,2.0,69.0,3.0,2.0,7.0,5.0,0.0,1.0,5.0,4.0,0,0
4641,7772.0,2.0,47.0,5.0,4.0,2.0,5.0,2.0,3.0,4.0,8.0,1,1
4642,7773.0,1.0,69.0,2.0,3.0,7.0,6.0,0.0,2.0,6.0,7.0,1,0
4643,3788.0,2.0,89.0,2.0,1.0,7.0,8.0,0.0,3.0,5.0,2.0,0,0
4645,7774.0,2.0,53.0,3.0,4.0,9.0,7.0,0.0,1.0,5.0,7.0,1,1
4646,3790.0,2.0,53.0,3.0,4.0,9.0,7.0,0.0,1.0,5.0,7.0,1,1
4647,3791.0,2.0,51.0,2.0,3.0,2.0,7.0,0.0,1.0,6.0,7.0,1,1
4648,3792.0,2.0,31.0,2.0,2.0,2.0,4.0,0.0,2.0,4.0,3.0,0,2
4649,3793.0,2.0,72.0,2.0,2.0,7.0,5.0,0.0,2.0,2.0,4.0,0,0
4650,3794.0,2.0,66.0,5.0,2.0,2.0,6.0,0.0,2.0,5.0,4.0,0,0
4651,7775.0,2.0,66.0,5.0,2.0,2.0,6.0,0.0,2.0,5.0,4.0,0,0
4653,3796.0,1.0,84.0,1.0,2.0,7.0,5.0,0.0,3.0,5.0,4.0,0,0
4654,7776.0,2.0,59.0,3.0,2.0,2.0,8.0,0.0,5.0,2.0,4.0,0,0
4657,3798.0,1.0,53.0,4.0,4.0,2.0,5.0,1.0,2.0,6.0,6.0,1,1
4658,7778.0,2.0,57.0,3.0,2.0,4.0,1.0,0.0,5.0,2.0,4.0,0,0
4660,3800.0,2.0,51.0,3.0,3.0,9.0,5.0,0.0,2.0,2.0,7.0,1,0
4670,3804.0,1.0,36.0,5.0,1.0,2.0,4.0,0.0,3.0,3.0,1.0,0,2
4671,3805.0,2.0,22.0,1.0,4.0,8.0,8.0,1.0,5.0,3.0,6.0,-1,-1
4672,3806.0,2.0,54.0,2.0,1.0,2.0,3.0,0.0,3.0,6.0,2.0,0,0
4673,3807.0,2.0,41.0,1.0,3.0,3.0,7.0,1.0,2.0,7.0,6.0,1,1
4676,7784.0,2.0,59.0,5.0,2.0,2.0,3.0,0.0,4.0,2.0,4.0,0,0
4677,3809.0,2.0,60.0,2.0,1.0,3.0,8.0,0.0,2.0,6.0,2.0,0,0
4678,3810.0,2.0,54.0,4.0,1.0,9.0,2.0,0.0,5.0,1.0,2.0,0,0
4680,3812.0,2.0,31.0,2.0,1.0,2.0,2.0,0.0,2.0,5.0,1.0,0,2
4681,7785.0,2.0,41.0,2.0,4.0,2.0,5.0,1.0,2.0,4.0,7.0,1,1
4682,7786.0,1.0,77.0,5.0,2.0,7.0,4.0,0.0,4.0,4.0,4.0,0,0
4683,3813.0,1.0,77.0,5.0,2.0,7.0,4.0,0.0,4.0,4.0,4.0,0,0
4684,8936.0,2.0,49.0,2.0,4.0,2.0,5.0,0.0,3.0,4.0,7.0,1,1
4685,3814.0,2.0,49.0,2.0,4.0,2.0,5.0,0.0,3.0,4.0,7.0,1,1
4686,7787.0,2.0,49.0,2.0,4.0,2.0,5.0,0.0,3.0,4.0,7.0,1,1
4687,3815.0,2.0,67.0,2.0,2.0,9.0,4.0,0.0,4.0,4.0,4.0,0,0
4689,3817.0,1.0,36.0,5.0,4.0,2.0,5.0,2.0,2.0,6.0,5.0,1,1
4690,3818.0,2.0,26.0,5.0,3.0,2.0,8.0,0.0,4.0,7.0,7.0,1,1
4692,7788.0,2.0,65.0,3.0,2.0,7.0,4.0,0.0,2.0,6.0,4.0,0,0
4694,3820.0,2.0,57.0,1.0,2.0,6.0,2.0,0.0,4.0,5.0,9.0,1,0
4695,7790.0,2.0,62.0,5.0,2.0,9.0,2.0,0.0,4.0,4.0,4.0,0,0
4696,3821.0,2.0,62.0,5.0,2.0,9.0,2.0,0.0,4.0,4.0,4.0,0,0
4697,3822.0,1.0,69.0,5.0,2.0,7.0,2.0,0.0,5.0,2.0,4.0,0,0
4698,3823.0,2.0,49.0,5.0,3.0,2.0,3.0,0.0,4.0,3.0,7.0,1,0
4699,3824.0,2.0,25.0,1.0,1.0,8.0,1.0,0.0,3.0,7.0,1.0,0,2
4700,3825.0,1.0,46.0,1.0,1.0,2.0,5.0,0.0,2.0,7.0,2.0,0,2
4701,7791.0,2.0,52.0,4.0,4.0,2.0,5.0,0.0,3.0,4.0,7.0,1,1
4702,9249.0,2.0,52.0,4.0,4.0,2.0,5.0,0.0,3.0,4.0,7.0,1,1
4703,3826.0,2.0,52.0,4.0,4.0,2.0,5.0,0.0,3.0,4.0,7.0,1,1
4705,3828.0,2.0,69.0,5.0,1.0,7.0,4.0,0.0,2.0,5.0,2.0,0,0
4706,3829.0,2.0,67.0,3.0,2.0,7.0,8.0,0.0,4.0,4.0,4.0,0,0
4707,3830.0,1.0,55.0,4.0,3.0,3.0,5.0,0.0,1.0,4.0,9.0,1,0
4708,3831.0,1.0,50.0,5.0,1.0,2.0,3.0,0.0,2.0,4.0,2.0,0,0
4710,3833.0,2.0,83.0,2.0,1.0,7.0,3.0,0.0,2.0,6.0,2.0,0,0
4711,3834.0,2.0,35.0,4.0,7.0,9.0,4.0,5.0,2.0,5.0,5.0,-1,-1
4712,8937.0,2.0,51.0,5.0,4.0,2.0,4.0,0.0,4.0,3.0,7.0,1,1
4713,7792.0,2.0,51.0,5.0,4.0,2.0,4.0,0.0,4.0,3.0,7.0,1,1
4714,3835.0,2.0,51.0,5.0,4.0,2.0,4.0,0.0,4.0,3.0,7.0,1,1
4715,9250.0,2.0,51.0,5.0,4.0,2.0,4.0,0.0,4.0,3.0,7.0,1,1
4716,3836.0,2.0,27.0,3.0,2.0,2.0,6.0,0.0,1.0,6.0,3.0,0,2
4717,3837.0,2.0,54.0,2.0,3.0,2.0,8.0,0.0,4.0,6.0,7.0,1,0
4718,3838.0,2.0,62.0,2.0,2.0,9.0,3.0,0.0,4.0,4.0,4.0,0,0
4719,7793.0,2.0,62.0,2.0,2.0,9.0,3.0,0.0,4.0,4.0,4.0,0,0
4720,3839.0,2.0,50.0,5.0,5.0,2.0,3.0,0.0,4.0,3.0,5.0,1,1
4721,3840.0,2.0,58.0,3.0,1.0,4.0,2.0,0.0,3.0,6.0,2.0,0,0
4722,3841.0,2.0,47.0,2.0,4.0,2.0,4.0,0.0,4.0,4.0,7.0,1,1
4723,9251.0,2.0,47.0,2.0,4.0,2.0,4.0,0.0,4.0,4.0,7.0,1,1
4724,3842.0,1.0,43.0,4.0,1.0,6.0,1.0,0.0,4.0,4.0,1.0,0,2
4725,7794.0,2.0,52.0,2.0,4.0,2.0,5.0,0.0,2.0,4.0,7.0,1,1
4727,3844.0,2.0,60.0,4.0,3.0,2.0,5.0,0.0,4.0,5.0,9.0,1,0
4728,3845.0,1.0,76.0,4.0,2.0,7.0,4.0,0.0,5.0,3.0,4.0,0,0
4729,3846.0,1.0,56.0,2.0,2.0,3.0,5.0,0.0,3.0,4.0,4.0,0,0
4730,3847.0,2.0,28.0,2.0,2.0,2.0,2.0,0.0,3.0,4.0,3.0,0,2
4731,7795.0,2.0,28.0,2.0,2.0,2.0,2.0,0.0,3.0,4.0,3.0,0,2
4732,3848.0,2.0,40.0,2.0,4.0,3.0,8.0,2.0,3.0,8.0,6.0,1,1
4733,7796.0,2.0,40.0,2.0,4.0,3.0,8.0,2.0,3.0,8.0,6.0,1,1
4736,3850.0,1.0,50.0,5.0,1.0,2.0,4.0,0.0,3.0,4.0,2.0,0,0
4737,3851.0,2.0,41.0,5.0,4.0,2.0,8.0,2.0,2.0,7.0,6.0,1,1
4738,3852.0,2.0,52.0,1.0,2.0,2.0,4.0,0.0,2.0,4.0,9.0,1,0
4739,9447.0,2.0,52.0,1.0,2.0,2.0,4.0,0.0,2.0,4.0,9.0,1,0
4741,7798.0,2.0,55.0,5.0,3.0,2.0,5.0,0.0,3.0,5.0,7.0,1,0
4742,8938.0,2.0,55.0,5.0,3.0,2.0,5.0,0.0,3.0,5.0,7.0,1,0
4743,3854.0,2.0,55.0,5.0,3.0,2.0,5.0,0.0,3.0,5.0,7.0,1,0
4746,3856.0,2.0,48.0,5.0,1.0,2.0,2.0,0.0,4.0,2.0,2.0,0,0
4747,3857.0,2.0,42.0,5.0,2.0,2.0,5.0,0.0,3.0,4.0,3.0,0,2
4748,3858.0,2.0,31.0,2.0,3.0,2.0,5.0,1.0,2.0,6.0,5.0,1,1
4749,3859.0,2.0,41.0,3.0,2.0,4.0,2.0,1.0,4.0,4.0,97.0,-1,-1
4752,3861.0,2.0,46.0,4.0,1.0,2.0,8.0,0.0,3.0,4.0,2.0,0,2
4753,7801.0,2.0,82.0,2.0,2.0,7.0,4.0,0.0,3.0,5.0,4.0,0,0
4754,3862.0,2.0,82.0,2.0,2.0,7.0,4.0,0.0,3.0,5.0,4.0,0,0
4757,3864.0,2.0,45.0,5.0,4.0,2.0,4.0,1.0,4.0,4.0,7.0,1,1
4758,9252.0,2.0,45.0,5.0,4.0,2.0,4.0,1.0,4.0,4.0,7.0,1,1
4759,9526.0,2.0,45.0,5.0,4.0,2.0,4.0,1.0,4.0,4.0,7.0,1,1
4760,3865.0,2.0,60.0,5.0,2.0,9.0,5.0,0.0,1.0,5.0,4.0,0,0
4761,7803.0,2.0,60.0,5.0,2.0,9.0,5.0,0.0,1.0,5.0,4.0,0,0
4762,3866.0,1.0,55.0,3.0,3.0,1.0,8.0,0.0,2.0,4.6,7.0,1,0
4765,3868.0,1.0,76.0,1.0,2.0,7.0,4.0,0.0,4.0,4.0,4.0,0,0
4766,3869.0,2.0,74.0,1.0,2.0,7.0,2.0,0.0,3.0,3.0,4.0,0,0
4767,7805.0,2.0,47.0,5.0,2.0,9.0,2.0,0.0,3.0,4.0,9.0,1,0
4768,3870.0,2.0,47.0,5.0,2.0,9.0,2.0,0.0,3.0,4.0,9.0,1,0
4769,3871.0,2.0,43.0,4.0,1.0,2.0,2.0,0.0,3.0,4.0,1.0,0,2
4770,7806.0,2.0,55.0,2.0,3.0,2.0,7.0,0.0,5.0,4.0,7.0,1,0
4771,3872.0,2.0,56.0,1.0,1.0,2.0,4.0,0.0,2.0,5.0,2.0,0,0
4773,7808.0,2.0,59.0,3.0,2.0,3.0,8.0,0.0,5.0,2.0,4.0,0,0
4775,3874.0,1.0,71.0,1.0,2.0,7.0,4.0,0.0,4.0,4.0,4.0,0,0
4776,3875.0,1.0,28.0,5.0,1.0,2.0,2.0,0.0,3.0,4.0,1.0,0,2
4777,3876.0,2.0,43.0,4.0,1.0,1.0,2.0,0.0,1.0,7.0,1.0,0,2
4778,9448.0,2.0,63.0,4.0,2.0,9.0,8.0,0.0,3.0,4.0,4.0,0,0
4779,7809.0,2.0,63.0,4.0,2.0,9.0,8.0,0.0,3.0,4.0,4.0,0,0
4780,3877.0,2.0,44.0,2.0,5.0,4.0,3.0,1.0,4.0,5.0,6.0,1,1
4781,8939.0,2.0,43.0,5.0,4.0,2.0,5.0,2.0,1.0,4.0,6.0,1,1
4782,9253.0,2.0,43.0,5.0,4.0,2.0,5.0,2.0,1.0,4.0,6.0,1,1
4783,3878.0,2.0,43.0,5.0,4.0,2.0,5.0,2.0,1.0,4.0,6.0,1,1
4784,7810.0,2.0,43.0,5.0,4.0,2.0,5.0,2.0,1.0,4.0,6.0,1,1
4785,3879.0,2.0,62.0,5.0,2.0,9.0,3.0,0.0,1.0,5.0,4.0,0,0
4786,7811.0,2.0,66.0,2.0,2.0,7.0,5.0,0.0,1.0,8.0,4.0,0,0
4787,8940.0,2.0,46.0,5.0,3.0,3.0,5.0,1.0,3.0,4.0,6.0,1,1
4788,3880.0,2.0,46.0,5.0,3.0,3.0,5.0,1.0,3.0,4.0,6.0,1,1
4789,3881.0,2.0,53.0,3.0,1.0,6.0,1.0,0.0,5.0,2.0,2.0,0,0
4792,3883.0,2.0,29.0,5.0,2.0,3.0,5.0,0.0,2.0,7.0,3.0,0,2
4794,7814.0,2.0,56.0,2.0,1.0,3.0,3.0,0.0,2.0,4.0,2.0,0,0
4795,3884.0,1.0,51.0,5.0,5.0,2.0,5.0,0.0,2.0,7.0,7.0,1,1
4796,3885.0,2.0,65.0,2.0,2.0,4.0,2.0,0.0,5.0,2.0,4.0,0,0
4797,7815.0,2.0,65.0,2.0,2.0,4.0,2.0,0.0,5.0,2.0,4.0,0,0
4798,3886.0,2.0,62.0,3.0,1.0,7.0,2.0,0.0,4.0,4.0,2.0,0,0
4800,3888.0,2.0,37.0,3.0,1.0,5.0,2.0,0.0,4.0,4.0,1.0,0,2
4804,3890.0,1.0,48.0,5.0,3.0,2.0,4.0,2.0,2.0,6.0,8.0,1,1
4805,3891.0,2.0,45.0,2.0,4.0,2.0,5.0,2.0,2.0,6.0,6.0,1,1
4806,3892.0,1.0,60.0,1.0,1.0,2.0,5.0,0.0,3.0,4.0,2.0,0,0
4807,3893.0,1.0,70.0,5.0,2.0,7.0,4.0,0.0,4.0,4.0,4.0,0,0
4808,3894.0,1.0,59.0,5.0,1.0,4.0,2.0,0.0,3.0,7.0,2.0,0,0
4809,3895.0,2.0,43.0,5.0,2.0,6.0,1.0,1.0,5.0,2.0,8.0,1,1
4810,3896.0,1.0,72.0,4.0,2.0,7.0,4.0,0.0,5.0,2.0,4.0,0,0
4811,3897.0,2.0,62.0,2.0,2.0,2.0,8.0,0.0,5.0,4.0,4.0,0,0
4812,7816.0,2.0,68.0,5.0,3.0,7.0,4.0,0.0,2.0,6.0,9.0,1,0
4813,3898.0,2.0,68.0,5.0,3.0,7.0,4.0,0.0,2.0,6.0,9.0,1,0
4814,7817.0,2.0,68.0,1.0,1.0,7.0,3.0,0.0,4.0,4.0,2.0,0,0
4816,3900.0,2.0,61.0,2.0,1.0,1.0,1.0,0.0,2.0,2.0,2.0,0,0
4818,3902.0,2.0,46.0,2.0,1.0,4.0,2.0,0.0,3.0,4.0,2.0,0,0
4822,7820.0,2.0,60.0,3.0,2.0,9.0,2.0,0.0,5.0,2.0,4.0,0,0
4823,3903.0,2.0,71.0,3.0,2.0,7.0,3.0,0.0,5.0,4.0,4.0,0,0
4824,7821.0,2.0,71.0,3.0,2.0,7.0,3.0,0.0,5.0,4.0,4.0,0,0
4825,3904.0,1.0,27.0,2.0,1.0,2.0,8.0,0.0,2.0,4.0,1.0,0,2
4826,3905.0,2.0,47.0,2.0,2.0,4.0,2.0,1.0,3.0,5.0,9.0,1,1
4827,3906.0,2.0,81.0,5.0,1.0,7.0,2.0,0.0,4.0,4.0,2.0,0,0
4830,3908.0,2.0,53.0,4.0,3.0,2.0,3.0,1.0,3.0,4.0,7.0,1,1
4831,3909.0,1.0,85.0,5.0,2.0,7.0,2.0,0.0,5.0,3.0,4.0,0,0
4832,7823.0,2.0,55.0,3.0,4.0,2.0,8.0,1.0,2.0,2.0,6.0,1,1
4833,3910.0,2.0,55.0,3.0,4.0,2.0,8.0,1.0,2.0,2.0,6.0,1,1
4834,3911.0,2.0,47.0,2.0,2.0,2.0,8.0,0.0,4.0,4.0,9.0,1,0
4835,3912.0,2.0,48.0,2.0,1.0,2.0,5.0,0.0,2.0,7.0,2.0,0,2
4836,3913.0,2.0,25.0,4.0,4.0,8.0,8.0,0.0,2.0,2.0,7.0,-1,-1
4837,3914.0,2.0,46.0,1.0,4.0,2.0,5.0,2.0,2.0,6.0,9.0,1,1
4839,3916.0,2.0,60.0,2.0,2.0,2.0,7.0,0.0,1.0,7.0,4.0,0,0
4840,3917.0,2.0,69.0,4.0,2.0,7.0,3.0,0.0,5.0,3.0,4.0,0,0
4841,3918.0,2.0,38.0,2.0,2.0,2.0,8.0,0.0,1.0,8.0,3.0,0,2
4842,3919.0,2.0,56.0,1.0,1.0,4.0,2.0,0.0,3.0,8.0,2.0,0,0
4844,3921.0,2.0,50.0,2.0,2.0,2.0,4.0,1.0,1.0,8.0,8.0,1,1
4845,3922.0,2.0,35.0,4.0,1.0,2.0,8.0,0.0,1.0,7.0,1.0,0,2
4846,3923.0,2.0,44.0,2.0,4.0,1.0,4.0,2.0,2.0,7.0,6.0,1,1
4847,3924.0,2.0,26.0,5.0,1.0,2.0,3.0,0.0,2.0,7.0,1.0,0,2
4848,8941.0,2.0,52.0,5.0,4.0,2.0,4.0,0.0,4.0,3.8,7.0,1,1
4849,9255.0,2.0,52.0,5.0,4.0,2.0,4.0,0.0,4.0,3.8,7.0,1,1
4850,3925.0,2.0,52.0,5.0,4.0,2.0,4.0,0.0,4.0,5.4,7.0,1,1
4851,3926.0,2.0,43.0,4.0,3.0,2.0,4.0,1.0,4.0,2.0,6.0,1,1
4852,7824.0,2.0,55.0,5.0,4.0,9.0,8.0,1.0,1.0,2.0,6.0,1,1
4853,3927.0,2.0,55.0,5.0,4.0,9.0,8.0,1.0,1.0,2.0,6.0,1,1
4856,3929.0,2.0,35.0,2.0,2.0,4.0,5.0,0.0,2.0,6.0,3.0,0,2
4858,3931.0,2.0,66.0,2.0,2.0,4.0,7.0,0.0,1.0,8.0,4.0,0,0
4859,3932.0,1.0,69.0,5.0,2.0,7.0,2.0,0.0,5.0,2.0,4.0,0,0
4862,3934.0,2.0,33.0,2.0,2.0,2.0,7.0,0.0,1.0,8.0,3.0,0,2
4863,3935.0,1.0,40.0,2.0,7.0,2.0,5.0,5.0,1.0,7.0,5.0,-1,-1
4864,7827.0,1.0,40.0,2.0,7.0,2.0,5.0,5.0,1.0,7.0,5.0,-1,-1
4868,3937.0,2.0,32.0,2.0,5.0,2.0,8.0,0.0,1.0,3.0,7.0,-1,-1
4869,3938.0,2.0,42.0,2.0,2.0,4.0,2.0,1.0,4.0,4.0,8.0,1,1
4870,3939.0,2.0,72.0,3.0,2.0,7.0,5.0,0.0,5.0,3.0,4.0,0,0
4872,3941.0,2.0,46.0,2.0,2.0,2.0,4.0,0.0,3.0,4.0,4.0,0,0
4873,7830.0,2.0,39.0,2.0,3.0,2.0,5.0,1.0,3.0,4.2,6.0,1,1
4874,3942.0,2.0,39.0,2.0,3.0,2.0,5.0,1.0,3.0,5.2,6.0,1,1
4877,7832.0,2.0,53.0,2.0,2.0,9.0,4.0,0.0,3.0,3.0,4.0,0,0
4878,3944.0,2.0,53.0,2.0,2.0,9.0,4.0,0.0,3.0,3.0,4.0,0,0
4879,3945.0,2.0,55.0,5.0,3.0,2.0,8.0,0.0,4.0,4.0,7.0,1,0
4880,3946.0,2.0,49.0,4.0,4.0,9.0,8.0,2.0,1.0,3.0,6.0,1,1
4881,7833.0,2.0,49.0,4.0,4.0,9.0,8.0,2.0,1.0,3.0,6.0,1,1
4882,3947.0,2.0,42.0,4.0,11.0,2.0,8.0,8.0,1.0,8.0,5.0,-1,-1
4883,3948.0,2.0,61.0,2.0,2.0,3.0,7.0,0.0,2.0,6.0,4.0,0,0
4884,7834.0,2.0,43.0,1.0,4.0,2.0,4.0,2.0,2.0,4.2,6.0,1,1
4885,3949.0,1.0,30.0,2.0,1.0,1.0,8.0,0.0,1.0,5.2,1.0,0,2
4886,3950.0,2.0,60.0,4.0,1.0,2.0,4.0,0.0,1.0,3.0,2.0,0,0
4888,3952.0,1.0,37.0,4.0,2.0,2.0,4.0,0.0,1.0,6.0,3.0,0,2
4889,3953.0,2.0,53.0,3.0,2.0,2.0,3.0,0.0,3.0,3.0,3.0,0,0
4890,7835.0,2.0,64.0,2.0,2.0,7.0,7.0,0.0,1.0,7.0,4.0,0,0
4891,3954.0,2.0,66.0,1.0,1.0,4.0,2.0,0.0,4.0,5.0,2.0,0,0
4892,3955.0,1.0,51.0,5.0,3.0,2.0,5.0,1.0,2.0,5.0,6.0,1,1
4894,7837.0,2.0,37.0,2.0,4.0,9.0,3.0,2.0,2.0,4.0,6.0,1,1
4895,3956.0,2.0,37.0,2.0,4.0,9.0,3.0,2.0,2.0,4.0,6.0,1,1
4896,3957.0,2.0,63.0,5.0,2.0,4.0,2.0,0.0,3.0,6.0,4.0,0,0
4897,7838.0,2.0,63.0,5.0,2.0,4.0,2.0,0.0,3.0,6.0,4.0,0,0
4899,3959.0,2.0,33.0,5.0,3.0,2.0,4.0,1.0,5.0,5.0,5.0,1,1
4900,3960.0,1.0,78.0,1.0,1.0,7.0,2.0,0.0,3.0,5.0,2.0,0,0
4901,3961.0,2.0,73.0,2.0,1.0,9.0,1.0,0.0,5.0,3.0,2.0,0,0
4904,7840.0,2.0,67.0,5.0,2.0,7.0,8.0,0.0,5.0,2.0,4.0,0,0
4905,3963.0,2.0,67.0,5.0,2.0,7.0,8.0,0.0,5.0,2.0,4.0,0,0
4907,3964.0,2.0,73.0,5.0,1.0,7.0,8.0,0.0,5.0,2.0,2.0,0,0
4909,8942.0,2.0,33.0,5.0,3.0,2.0,2.0,1.0,4.0,2.0,8.0,1,1
4910,3966.0,2.0,33.0,5.0,3.0,2.0,2.0,1.0,4.0,2.0,8.0,1,1
4911,3967.0,1.0,46.0,1.0,2.0,2.0,7.0,0.0,1.0,4.0,3.0,0,0
4912,3968.0,2.0,70.0,2.0,2.0,9.0,3.0,0.0,5.0,4.0,9.0,-1,-1
4913,3969.0,1.0,82.0,4.0,2.0,7.0,5.0,0.0,1.0,8.0,4.0,0,0
4914,3970.0,2.0,35.0,2.0,3.0,2.0,5.0,1.0,2.0,6.0,5.0,1,1
4915,3971.0,1.0,36.0,2.0,4.0,2.0,6.0,2.0,2.0,5.0,5.0,1,1
4916,3972.0,1.0,70.0,5.0,1.0,7.0,5.0,0.0,2.0,6.0,2.0,0,0
4917,9256.0,1.0,46.0,2.0,4.0,2.0,5.0,1.0,2.0,3.0,7.0,1,1
4918,7842.0,1.0,46.0,2.0,4.0,2.0,5.0,1.0,2.0,3.0,7.0,1,1
4919,3973.0,1.0,46.0,2.0,4.0,2.0,5.0,1.0,2.0,3.0,7.0,1,1
4920,3974.0,2.0,41.0,5.0,3.0,2.0,5.0,1.0,4.0,4.0,6.0,1,1
4921,7843.0,2.0,41.0,5.0,3.0,2.0,5.0,1.0,4.0,4.0,6.0,1,1
4922,3975.0,2.0,36.0,2.0,3.0,2.0,5.0,1.0,2.0,5.0,6.0,1,1
4923,3976.0,2.0,58.0,1.0,1.0,2.0,4.0,0.0,2.0,7.0,2.0,0,0
4925,3978.0,2.0,30.0,3.0,3.0,1.0,4.0,1.0,1.0,7.0,5.0,1,1
4930,3980.0,2.0,58.0,4.0,2.0,7.0,1.0,0.0,4.0,4.0,4.0,0,0
4931,7845.0,2.0,58.0,4.0,2.0,7.0,1.0,0.0,4.0,4.0,4.0,0,0
4932,7846.0,1.0,76.0,1.0,2.0,7.0,3.0,0.0,4.0,4.0,4.0,0,0
4933,3981.0,1.0,76.0,1.0,2.0,7.0,3.0,0.0,4.0,4.0,4.0,0,0
4934,3982.0,2.0,64.0,2.0,2.0,9.0,2.0,0.0,5.0,2.0,4.0,0,0
4935,3983.0,2.0,59.0,4.0,2.0,5.0,8.0,0.0,3.0,5.0,4.0,0,0
4937,3984.0,2.0,67.0,4.0,1.0,7.0,2.0,0.0,4.0,4.0,2.0,0,0
4938,7848.0,2.0,60.0,2.0,2.0,9.0,8.0,0.0,4.0,5.0,4.0,0,0
4939,3985.0,2.0,60.0,2.0,2.0,9.0,8.0,0.0,4.0,5.0,4.0,0,0
4941,3987.0,2.0,69.0,2.0,1.0,7.0,2.0,0.0,4.0,4.0,2.0,0,0
4943,3988.0,2.0,77.0,4.0,2.0,7.0,3.0,0.0,2.0,5.0,4.0,0,0
4944,3989.0,2.0,30.0,4.0,2.0,2.0,8.0,0.0,1.0,4.0,3.0,0,2
4945,3990.0,2.0,58.0,5.0,2.0,4.0,8.0,0.0,2.0,1.0,4.0,0,0
4946,3991.0,1.0,42.0,3.0,2.0,2.0,8.0,0.0,4.0,2.0,3.0,0,0
4947,8943.0,2.0,51.0,4.0,3.0,2.0,5.0,1.0,3.0,4.0,5.0,1,1
4948,3992.0,2.0,51.0,4.0,3.0,2.0,5.0,1.0,3.0,4.0,5.0,1,1
4954,3996.0,1.0,59.0,5.0,2.0,4.0,8.0,0.0,5.0,3.0,4.0,0,0
4955,3997.0,2.0,68.0,4.0,1.0,7.0,2.0,0.0,3.0,5.0,2.0,0,0
4956,7852.0,2.0,65.0,2.0,1.0,2.0,2.0,0.0,4.0,2.0,2.0,0,0
4957,3998.0,1.0,71.0,1.0,1.0,7.0,6.0,0.0,2.0,6.0,2.0,0,0
4962,8944.0,2.0,71.0,5.0,2.0,7.0,3.0,0.0,5.0,3.0,4.0,0,0
4963,4001.0,2.0,71.0,5.0,2.0,7.0,3.0,0.0,5.0,3.0,4.0,0,0
4964,4002.0,2.0,53.0,1.0,1.0,1.0,8.0,0.0,1.0,8.0,2.0,0,2
4965,4003.0,2.0,60.0,4.0,2.0,2.0,4.0,0.0,4.0,3.0,9.0,1,0
4966,4004.0,1.0,32.0,2.0,5.0,2.0,5.0,3.0,3.0,3.0,5.0,1,1
4971,4006.0,1.0,61.0,3.0,1.0,4.0,3.0,0.0,3.0,7.0,2.0,0,0
4972,4007.0,2.0,72.0,1.0,2.0,9.0,3.0,0.0,5.0,2.0,4.0,0,0
4973,7855.0,2.0,72.0,1.0,2.0,9.0,3.0,0.0,5.0,2.0,4.0,0,0
4974,4008.0,2.0,35.0,2.0,1.0,3.0,3.0,0.0,1.0,8.0,1.0,0,2
4976,4010.0,2.0,56.0,5.0,3.0,1.0,2.0,0.0,1.0,3.8,7.0,1,0
4978,4012.0,2.0,79.0,4.0,1.0,7.0,2.0,0.0,4.0,4.0,2.0,0,0
4979,4013.0,2.0,56.0,2.0,2.0,9.0,8.0,0.0,4.0,2.0,4.0,0,0
4980,4014.0,2.0,78.0,1.0,2.0,7.0,2.0,0.0,5.0,1.0,4.0,0,0
4981,4015.0,2.0,55.0,5.0,3.0,9.0,2.0,0.0,4.0,4.0,7.0,1,0
4982,7856.0,2.0,55.0,5.0,3.0,9.0,2.0,0.0,4.0,4.0,7.0,1,0
4983,4016.0,2.0,39.0,3.0,4.0,2.0,5.0,2.0,2.0,6.0,8.0,1,1
4984,4017.0,2.0,28.0,2.0,2.0,2.0,5.0,0.0,1.0,8.0,3.0,0,2
4985,4018.0,2.0,48.0,2.0,2.0,2.0,2.0,0.0,4.0,3.0,9.0,1,0
4986,7857.0,2.0,64.0,4.0,2.0,9.0,5.0,0.0,4.0,4.0,4.0,0,0
4987,4019.0,1.0,73.0,5.0,1.0,7.0,5.0,0.0,2.0,7.0,2.0,0,0
4988,4020.0,1.0,71.0,5.0,1.0,7.0,5.0,0.0,2.0,6.0,2.0,0,0
4989,4021.0,1.0,72.0,5.0,2.0,7.0,4.0,0.0,2.0,7.0,4.0,0,0
4990,7858.0,1.0,72.0,5.0,2.0,7.0,4.0,0.0,2.0,7.0,4.0,0,0
4991,7859.0,2.0,74.0,5.0,2.0,7.0,3.0,0.0,4.0,3.0,4.0,0,0
4992,4022.0,1.0,57.0,5.0,1.0,2.0,2.0,0.0,4.0,2.0,2.0,0,0
4993,4023.0,2.0,51.0,1.0,2.0,3.0,3.0,0.0,4.0,3.0,9.0,1,0
4999,4025.0,2.0,61.0,2.0,1.0,7.0,8.0,0.0,3.0,5.0,2.0,0,0
5000,4026.0,1.0,88.0,2.0,1.0,7.0,5.0,0.0,1.0,8.0,2.0,0,0
5002,4027.0,2.0,52.0,2.0,2.0,2.0,7.0,0.0,2.0,7.0,4.0,0,0
5003,4028.0,2.0,70.0,2.0,2.0,7.0,4.0,0.0,5.0,2.0,4.0,0,0
5004,4029.0,2.0,72.0,2.0,1.0,7.0,2.0,0.0,4.0,4.0,2.0,0,0
5010,4033.0,2.0,27.0,3.0,2.0,8.0,2.0,0.0,2.0,3.0,3.0,0,2
5011,4034.0,2.0,26.0,2.0,1.0,3.0,4.0,0.0,1.0,8.0,1.0,0,2
5012,7867.0,2.0,26.0,2.0,1.0,3.0,4.0,0.0,1.0,8.0,1.0,0,2
5013,4035.0,2.0,73.0,5.0,2.0,7.0,8.0,0.0,5.0,5.0,4.0,0,0
5014,7868.0,2.0,73.0,5.0,2.0,7.0,8.0,0.0,5.0,5.0,4.0,0,0
5015,7869.0,2.0,55.0,5.0,2.0,2.0,5.0,0.0,2.0,7.0,4.0,0,0
5016,7870.0,2.0,53.0,4.0,2.0,2.0,8.0,0.0,3.0,3.0,9.0,1,0
5018,7871.0,1.0,52.0,5.0,4.0,2.0,6.0,0.0,1.0,7.0,7.0,1,1
5019,4037.0,2.0,78.0,1.0,2.0,7.0,8.0,0.0,2.0,6.0,4.0,0,0
5020,8945.0,2.0,78.0,1.0,2.0,7.0,8.0,0.0,2.0,6.0,4.0,0,0
5022,4038.0,2.0,76.0,2.0,1.0,7.0,2.0,0.0,5.0,3.0,2.0,0,0
5023,7873.0,2.0,51.0,4.0,4.0,9.0,2.0,1.0,3.0,6.0,6.0,1,1
5024,8946.0,2.0,51.0,4.0,4.0,9.0,2.0,1.0,3.0,6.0,6.0,1,1
5025,4039.0,2.0,51.0,4.0,4.0,9.0,2.0,1.0,3.0,6.0,6.0,1,1
5027,4041.0,2.0,52.0,4.0,2.0,1.0,3.0,0.0,1.0,4.0,9.0,1,0
5028,4042.0,1.0,68.0,1.0,2.0,7.0,5.0,0.0,2.0,7.0,4.0,0,0
5030,7874.0,2.0,48.0,5.0,4.0,2.0,4.0,0.0,3.0,4.0,7.0,1,1
5031,9258.0,2.0,48.0,5.0,4.0,2.0,4.0,0.0,3.0,4.0,7.0,1,1
5032,4044.0,2.0,48.0,5.0,4.0,2.0,4.0,0.0,3.0,4.0,7.0,1,1
5033,4045.0,2.0,61.0,1.0,2.0,9.0,2.0,0.0,2.0,2.0,4.0,0,0
5035,4047.0,2.0,82.0,1.0,1.0,7.0,8.0,0.0,5.0,3.0,2.0,0,0
5038,4049.0,2.0,81.0,5.0,1.0,7.0,2.0,0.0,4.0,4.0,2.0,0,0
5039,4050.0,2.0,53.0,5.0,3.0,2.0,5.0,0.0,3.0,3.0,9.0,1,1
5040,7876.0,2.0,53.0,5.0,3.0,2.0,5.0,0.0,3.0,3.0,9.0,1,1
5041,8947.0,2.0,53.0,5.0,3.0,2.0,5.0,0.0,3.0,3.0,9.0,1,1
5042,4051.0,1.0,65.0,1.0,2.0,7.0,4.0,0.0,4.0,6.0,4.0,0,0
5043,7877.0,1.0,65.0,1.0,2.0,7.0,4.0,0.0,4.0,6.0,4.0,0,0
5044,7878.0,2.0,70.0,2.0,2.0,7.0,2.0,0.0,5.0,2.0,4.0,0,0
5045,4052.0,2.0,70.0,2.0,2.0,7.0,2.0,0.0,5.0,2.0,4.0,0,0
5046,4053.0,2.0,67.0,5.0,1.0,7.0,5.0,0.0,2.0,6.0,2.0,0,0
5047,4054.0,1.0,75.0,5.0,2.0,7.0,3.0,0.0,4.0,4.0,4.0,0,0
5048,4055.0,2.0,79.0,4.0,1.0,7.0,2.0,0.0,5.0,2.0,2.0,0,0
5049,7879.0,2.0,68.0,2.0,2.0,7.0,3.0,0.0,4.0,4.0,4.0,0,0
5050,4056.0,2.0,51.0,5.0,4.0,2.0,4.0,0.0,4.0,2.0,7.0,1,1
5051,7880.0,2.0,51.0,5.0,4.0,2.0,4.0,0.0,4.0,2.0,7.0,1,1
5052,7881.0,2.0,52.0,5.0,5.0,5.0,8.0,0.0,4.0,4.0,7.0,1,1
5053,4057.0,2.0,52.0,5.0,5.0,5.0,8.0,0.0,4.0,4.0,7.0,1,1
5054,9449.0,2.0,52.0,5.0,5.0,5.0,8.0,0.0,4.0,4.0,7.0,1,1
5055,8948.0,2.0,52.0,5.0,5.0,5.0,8.0,0.0,4.0,4.0,7.0,1,1
5056,9259.0,2.0,52.0,5.0,5.0,5.0,8.0,0.0,4.0,4.0,7.0,1,1
5058,4059.0,1.0,23.0,5.0,5.0,2.0,4.0,0.0,1.0,4.0,7.0,-1,-1
5059,4060.0,1.0,65.0,1.0,2.0,4.0,2.0,0.0,3.0,3.0,4.0,0,0
5060,9260.0,1.0,65.0,1.0,2.0,4.0,2.0,0.0,3.0,3.0,4.0,0,0
5064,4062.0,2.0,57.0,4.0,2.0,1.0,8.0,0.0,1.0,4.0,9.0,1,0
5069,4066.0,2.0,71.0,3.0,2.0,9.0,8.0,0.0,5.0,1.0,4.0,0,0
5070,7884.0,2.0,77.0,3.0,2.0,7.0,5.0,0.0,4.0,4.0,9.0,-1,-1
5074,4068.0,2.0,63.0,5.0,2.0,2.0,8.0,0.0,1.0,5.0,4.0,0,0
5077,7886.0,2.0,56.0,5.0,2.0,2.0,3.0,0.0,5.0,3.0,4.0,0,0
5078,4070.0,2.0,56.0,5.0,2.0,2.0,3.0,0.0,5.0,3.0,4.0,0,0
5079,4071.0,2.0,77.0,4.0,2.0,7.0,2.0,0.0,3.0,5.0,4.0,0,0
5080,4072.0,2.0,42.0,5.0,2.0,2.0,6.0,0.0,1.0,8.0,3.0,0,2
5081,4073.0,2.0,54.0,2.0,1.0,1.0,3.0,0.0,1.0,8.0,2.0,0,2
5082,4074.0,1.0,85.0,4.0,2.0,7.0,4.0,0.0,2.0,6.0,4.0,0,0
5083,7887.0,1.0,66.0,5.0,2.0,7.0,4.0,0.0,4.0,3.0,4.0,0,0
5084,4075.0,1.0,66.0,5.0,2.0,7.0,4.0,0.0,4.0,3.0,4.0,0,0
5086,7888.0,2.0,65.0,5.0,2.0,9.0,3.0,0.0,5.0,3.0,4.0,0,0
5087,4077.0,2.0,41.0,5.0,4.0,2.0,4.0,2.0,2.0,5.0,6.0,1,1
5088,8949.0,2.0,41.0,5.0,4.0,2.0,4.0,2.0,2.0,5.0,6.0,1,1
5089,7889.0,2.0,52.0,4.0,4.0,2.0,3.0,1.0,4.0,2.0,8.0,1,1
5090,4078.0,2.0,52.0,4.0,4.0,2.0,3.0,1.0,4.0,2.0,8.0,1,1
5091,8950.0,2.0,52.0,4.0,4.0,2.0,3.0,1.0,4.0,2.0,8.0,1,1
5092,4079.0,2.0,48.0,3.0,4.0,1.0,5.0,2.0,1.0,7.0,8.0,1,1
5093,9262.0,2.0,48.0,3.0,4.0,1.0,5.0,2.0,1.0,7.0,8.0,1,1
5094,9451.0,2.0,61.0,3.0,3.0,9.0,2.0,0.0,4.0,4.0,7.0,1,0
5095,4080.0,2.0,72.0,5.0,1.0,9.0,2.0,0.0,5.0,2.0,2.0,0,0
5096,4081.0,2.0,56.0,3.0,2.0,2.0,8.0,0.0,4.0,3.0,4.0,0,0
5097,7890.0,2.0,56.0,3.0,2.0,2.0,8.0,0.0,4.0,3.0,4.0,0,0
5098,4082.0,2.0,64.0,4.0,2.0,4.0,5.0,0.0,4.0,4.0,4.0,0,0
5099,4083.0,2.0,61.0,5.0,2.0,2.0,5.0,0.0,5.0,1.0,4.0,0,0
5100,4084.0,2.0,45.0,4.0,4.0,2.0,5.0,2.0,2.0,4.0,6.0,1,1
5101,4085.0,2.0,42.0,2.0,2.0,2.0,8.0,0.0,4.0,6.0,3.0,0,2
5102,7891.0,2.0,42.0,2.0,2.0,2.0,8.0,0.0,4.0,6.0,3.0,0,2
5103,4086.0,2.0,49.0,1.0,2.0,4.0,4.0,0.0,4.0,4.0,4.0,0,0
5104,4087.0,2.0,68.0,4.0,2.0,7.0,4.0,0.0,3.0,3.0,4.0,0,0
5105,4088.0,2.0,48.0,4.0,1.0,4.0,3.0,0.0,3.0,7.0,2.0,0,2
5106,4089.0,2.0,49.0,2.0,3.0,9.0,4.0,0.0,3.0,4.0,7.0,1,0
5109,4092.0,2.0,55.0,3.0,1.0,6.0,1.0,0.0,3.0,6.0,2.0,0,0
5111,4093.0,2.0,59.0,5.0,2.0,9.0,4.0,0.0,3.0,3.0,4.0,0,0
5112,4094.0,2.0,48.0,5.0,5.0,2.0,5.0,1.0,1.0,8.0,6.0,1,1
5113,9452.0,2.0,48.0,5.0,5.0,2.0,5.0,1.0,1.0,8.0,6.0,1,1
5114,9263.0,2.0,48.0,5.0,5.0,2.0,5.0,1.0,1.0,8.0,6.0,1,1
5115,7893.0,2.0,48.0,5.0,5.0,2.0,5.0,1.0,1.0,8.0,6.0,1,1
5116,4095.0,2.0,55.0,5.0,2.0,2.0,3.0,0.0,3.0,3.0,9.0,1,0
5117,4096.0,1.0,67.0,3.0,2.0,7.0,8.0,0.0,5.0,3.0,4.0,0,0
5120,4097.0,2.0,71.0,2.0,2.0,7.0,4.0,0.0,1.0,7.0,4.0,0,0
5121,7896.0,2.0,71.0,2.0,2.0,7.0,4.0,0.0,1.0,7.0,4.0,0,0
5122,4098.0,2.0,71.0,1.0,1.0,7.0,2.0,0.0,3.0,5.0,2.0,0,0
5123,4099.0,2.0,68.0,4.0,2.0,7.0,5.0,0.0,2.0,5.0,4.0,0,0
5124,7897.0,2.0,68.0,4.0,2.0,7.0,5.0,0.0,2.0,5.0,4.0,0,0
5129,4101.0,2.0,59.0,5.0,2.0,2.0,4.0,0.0,4.0,3.0,4.0,0,0
5130,4102.0,1.0,66.0,1.0,1.0,2.0,3.0,0.0,3.0,4.0,2.0,0,0
5131,4103.0,2.0,53.0,3.0,3.0,9.0,2.0,1.0,4.0,2.0,7.0,1,1
5132,4104.0,2.0,55.0,4.0,3.0,2.0,2.0,0.0,3.0,7.0,9.0,1,1
5134,4106.0,2.0,57.0,2.0,2.0,4.0,4.0,0.0,3.0,4.0,4.0,0,0
5135,4107.0,1.0,79.0,5.0,2.0,7.0,7.0,0.0,1.0,8.0,4.0,0,0
5136,7900.0,1.0,79.0,5.0,2.0,7.0,7.0,0.0,1.0,8.0,4.0,0,0
5140,4110.0,1.0,73.0,5.0,2.0,2.0,8.0,0.0,2.0,4.0,4.0,0,0
5141,4111.0,2.0,67.0,5.0,2.0,7.0,3.0,0.0,5.0,4.0,4.0,0,0
5142,4112.0,2.0,86.0,1.0,1.0,7.0,3.0,0.0,2.0,6.0,2.0,0,0
5143,4113.0,2.0,72.0,3.0,2.0,7.0,1.0,0.0,5.0,2.0,4.0,0,0
5144,4114.0,2.0,65.0,4.0,3.0,2.0,4.0,0.0,3.0,4.0,7.0,1,0
5145,4115.0,2.0,60.0,3.0,2.0,8.0,1.0,0.0,5.0,3.0,4.0,0,0
5146,4116.0,2.0,55.0,5.0,2.0,2.0,5.0,0.0,3.0,4.0,4.0,0,0
5147,4117.0,1.0,70.0,5.0,2.0,7.0,2.0,0.0,4.0,2.0,4.0,0,0
5148,4118.0,2.0,24.0,4.0,1.0,8.0,1.0,0.0,3.0,7.0,1.0,0,2
5149,4119.0,2.0,51.0,2.0,2.0,2.0,5.0,0.0,4.0,3.0,4.0,0,0
5150,4120.0,2.0,81.0,2.0,1.0,7.0,8.0,0.0,5.0,3.0,2.0,0,0
5151,4121.0,2.0,22.0,5.0,4.0,2.0,7.0,0.0,5.0,5.6,7.0,1,1
5152,4122.0,2.0,64.0,1.0,1.0,7.0,8.0,0.0,4.0,4.0,2.0,0,0
5153,4123.0,2.0,55.0,3.0,3.0,2.0,4.0,0.0,3.0,4.0,7.0,1,0
5154,4124.0,2.0,25.0,2.0,2.0,2.0,5.0,0.0,3.0,6.0,3.0,0,2
5155,4125.0,2.0,34.0,4.0,2.0,6.0,2.0,1.0,4.0,4.0,8.0,1,1
5156,4126.0,2.0,36.0,5.0,4.0,3.0,5.0,2.0,2.0,4.0,8.0,1,1
5157,4127.0,2.0,51.0,1.0,3.0,3.0,5.0,1.0,4.0,3.0,6.0,1,1
5158,4128.0,2.0,34.0,1.0,1.0,3.0,2.0,0.0,3.0,4.0,1.0,0,2
5159,4129.0,2.0,58.0,2.0,2.0,5.0,4.0,0.0,5.0,3.0,4.0,0,0
5160,4130.0,2.0,67.0,2.0,1.0,4.0,2.0,0.0,4.0,4.0,2.0,0,0
5161,4131.0,2.0,34.0,3.0,1.0,1.0,1.0,0.0,1.0,8.0,1.0,0,2
5162,4132.0,2.0,54.0,5.0,4.0,2.0,5.0,1.0,4.0,5.0,7.0,1,1
5163,4133.0,1.0,60.0,1.0,3.0,2.0,6.0,0.0,1.0,8.0,7.0,1,0
5164,4134.0,2.0,69.0,4.0,2.0,9.0,2.0,0.0,4.0,2.0,4.0,0,0
5165,4135.0,2.0,28.0,4.0,4.0,2.0,6.0,0.0,1.0,7.0,7.0,1,1
5166,7902.0,2.0,28.0,4.0,4.0,2.0,6.0,0.0,1.0,7.0,7.0,1,1
5167,4136.0,2.0,54.0,5.0,3.0,2.0,2.0,0.0,2.0,4.0,9.0,1,1
5168,4137.0,2.0,41.0,5.0,3.0,2.0,2.0,1.0,3.0,4.0,9.0,1,1
5169,7903.0,2.0,41.0,5.0,3.0,2.0,2.0,1.0,3.0,4.0,9.0,1,1
5170,4138.0,2.0,53.0,5.0,2.0,2.0,7.0,0.0,1.0,8.0,4.0,0,0
5171,4139.0,2.0,52.0,5.0,3.0,4.0,1.0,0.0,5.0,4.6,7.0,1,0
5172,4140.0,2.0,78.0,5.0,2.0,9.0,4.0,0.0,2.0,3.0,4.0,0,0
5173,4141.0,1.0,47.0,3.0,1.0,3.0,4.0,0.0,2.0,4.0,2.0,0,0
5174,4142.0,1.0,46.0,2.0,1.0,2.0,7.0,0.0,1.0,8.0,2.0,0,2
5175,4143.0,1.0,55.0,4.0,2.0,2.0,3.0,0.0,4.0,2.0,4.0,0,0
5176,7904.0,1.0,55.0,4.0,2.0,2.0,3.0,0.0,4.0,2.0,4.0,0,0
5177,8951.0,2.0,68.0,5.0,2.0,7.0,8.0,0.0,5.0,3.0,4.0,0,0
5178,4144.0,2.0,68.0,5.0,2.0,7.0,8.0,0.0,5.0,3.0,4.0,0,0
5179,4145.0,2.0,64.0,5.0,2.0,4.0,1.0,0.0,5.0,2.0,4.0,0,0
5180,8952.0,2.0,53.0,2.0,3.0,9.0,4.0,0.0,2.0,4.0,7.0,1,0
5181,4146.0,2.0,53.0,2.0,3.0,9.0,4.0,0.0,2.0,5.4,7.0,1,0
5182,4147.0,1.0,35.0,1.0,1.0,2.0,1.0,0.0,4.0,1.0,1.0,0,2
5183,4148.0,2.0,64.0,5.0,2.0,2.0,3.0,0.0,4.0,3.0,4.0,0,0
5184,7905.0,2.0,66.0,4.0,2.0,9.0,4.0,0.0,2.0,6.0,4.0,0,0
5185,4149.0,2.0,60.0,5.0,3.0,2.0,6.0,0.0,2.0,5.0,7.0,1,0
5186,4150.0,1.0,69.0,5.0,1.0,7.0,2.0,0.0,5.0,2.0,2.0,0,0
5187,4151.0,2.0,55.0,2.0,3.0,3.0,5.0,0.0,1.0,8.0,7.0,1,0
5188,7906.0,2.0,55.0,2.0,3.0,3.0,5.0,0.0,1.0,8.0,7.0,1,0
5190,7907.0,1.0,35.0,2.0,4.0,2.0,5.0,2.0,2.0,4.0,5.0,1,1
5191,4153.0,1.0,35.0,2.0,4.0,2.0,5.0,2.0,2.0,4.0,5.0,1,1
5192,4154.0,2.0,67.0,5.0,2.0,4.0,2.0,0.0,4.0,3.0,4.0,0,0
5193,4155.0,2.0,76.0,4.0,2.0,7.0,8.0,0.0,1.0,7.0,4.0,0,0
5194,4156.0,2.0,59.0,4.0,3.0,4.0,5.0,0.0,4.0,4.0,7.0,1,0
5195,4157.0,2.0,45.0,2.0,5.0,2.0,5.0,2.0,1.0,4.0,6.0,1,1
5196,7908.0,1.0,71.0,2.0,1.0,7.0,2.0,0.0,1.0,8.0,2.0,0,0
5197,4158.0,2.0,68.0,2.0,1.0,7.0,1.0,0.0,5.0,2.0,2.0,0,0
5198,4159.0,1.0,61.0,5.0,1.0,2.0,8.0,0.0,2.0,4.0,2.0,0,0
5199,4160.0,2.0,75.0,2.0,1.0,7.0,5.0,0.0,3.0,5.0,2.0,0,0
5200,4161.0,1.0,81.0,2.0,2.0,7.0,2.0,0.0,4.0,4.0,4.0,0,0
5201,9265.0,2.0,45.0,5.0,4.0,9.0,4.0,2.0,1.0,6.2,6.0,1,1
5202,7909.0,2.0,45.0,5.0,4.0,9.0,4.0,2.0,1.0,4.6,6.0,1,1
5203,4162.0,2.0,45.0,5.0,4.0,9.0,4.0,2.0,1.0,4.4,6.0,1,1
5204,4163.0,2.0,45.0,3.0,4.0,2.0,8.0,2.0,3.0,4.0,6.0,1,1
5205,4164.0,1.0,47.0,3.0,1.0,5.0,2.0,0.0,4.0,4.0,2.0,0,0
5206,4165.0,1.0,53.0,2.0,2.0,2.0,5.0,0.0,1.0,5.0,4.0,0,0
5207,4166.0,1.0,65.0,2.0,2.0,2.0,6.0,0.0,2.0,7.0,4.0,0,0
5208,4167.0,2.0,62.0,4.0,1.0,4.0,3.0,0.0,5.0,2.0,2.0,0,0
5209,4168.0,2.0,56.0,2.0,4.0,2.0,5.0,0.0,3.0,5.0,7.0,1,1
5210,8953.0,2.0,56.0,2.0,4.0,2.0,5.0,0.0,3.0,5.0,7.0,1,1
5211,4169.0,2.0,69.0,5.0,2.0,7.0,4.0,0.0,2.0,3.0,4.0,0,0
5212,7910.0,2.0,69.0,5.0,2.0,7.0,4.0,0.0,2.0,3.0,4.0,0,0
5213,4170.0,2.0,49.0,3.0,2.0,2.0,6.0,0.0,2.0,5.0,4.0,0,0
5214,4171.0,2.0,69.0,2.0,1.0,7.0,3.0,0.0,4.0,4.0,2.0,0,0
5215,7911.0,1.0,68.0,5.0,2.0,7.0,4.0,0.0,4.0,2.0,4.0,0,0
5216,4172.0,1.0,68.0,5.0,2.0,7.0,4.0,0.0,4.0,2.0,4.0,0,0
5217,4173.0,1.0,44.0,3.0,4.0,2.0,6.0,2.0,2.0,6.0,5.0,1,1
5218,7912.0,1.0,44.0,3.0,4.0,2.0,6.0,2.0,2.0,6.0,5.0,1,1
5219,4174.0,2.0,64.0,1.0,1.0,2.0,2.0,0.0,4.0,4.0,2.0,0,0
5220,4175.0,2.0,26.0,2.0,4.0,2.0,8.0,0.0,5.0,7.0,7.0,1,1
5221,7913.0,2.0,26.0,2.0,4.0,2.0,8.0,0.0,5.0,7.0,7.0,1,1
5222,7914.0,2.0,43.0,2.0,5.0,9.0,5.0,2.0,2.0,4.0,6.0,1,1
5223,4176.0,2.0,43.0,2.0,5.0,9.0,5.0,2.0,2.0,4.0,6.0,1,1
5224,8954.0,2.0,43.0,2.0,5.0,9.0,5.0,2.0,2.0,4.0,6.0,1,1
5225,4177.0,2.0,35.0,5.0,3.0,2.0,5.0,1.0,1.0,4.0,5.0,1,1
5226,4178.0,1.0,65.0,1.0,1.0,2.0,4.0,0.0,1.0,6.0,2.0,0,0
5227,4179.0,2.0,52.0,4.0,3.0,1.0,4.0,0.0,1.0,3.0,7.0,1,0
5228,4180.0,2.0,36.0,1.0,2.0,2.0,8.0,0.0,2.0,6.0,3.0,0,2
5229,4181.0,2.0,65.0,5.0,2.0,9.0,3.0,0.0,4.0,4.0,4.0,0,0
5230,4182.0,2.0,60.0,2.0,2.0,9.0,4.0,0.0,5.0,2.0,4.0,0,0
5231,4183.0,1.0,57.0,5.0,3.0,2.0,3.0,1.0,2.0,6.0,8.0,1,1
5232,4184.0,2.0,29.0,2.0,3.0,4.0,4.0,1.0,1.0,7.0,5.0,1,1
5233,4185.0,2.0,22.0,2.0,3.0,8.0,8.0,0.0,1.0,6.0,9.0,1,1
5234,4186.0,2.0,64.0,3.0,2.0,9.0,4.0,0.0,5.0,2.0,4.0,0,0
5235,7915.0,2.0,52.0,4.0,4.0,2.0,5.0,0.0,4.0,4.0,7.0,1,1
5236,4187.0,2.0,52.0,4.0,4.0,2.0,5.0,0.0,4.0,4.0,7.0,1,1
5237,7916.0,2.0,73.0,4.0,2.0,7.0,4.0,0.0,2.0,2.0,4.0,0,0
5238,4188.0,2.0,73.0,4.0,2.0,7.0,4.0,0.0,2.0,2.0,4.0,0,0
5239,4189.0,2.0,40.0,2.0,4.0,97.0,3.0,2.0,3.0,3.4,6.0,-1,-1
5240,9266.0,2.0,40.0,2.0,4.0,97.0,3.0,2.0,3.0,4.2,6.0,-1,-1
5241,4190.0,1.0,52.0,5.0,2.0,4.0,4.0,0.0,4.0,4.0,4.0,0,0
5242,7917.0,1.0,46.0,4.0,5.0,2.0,5.0,2.0,3.0,5.0,6.0,1,1
5243,4191.0,1.0,46.0,4.0,5.0,2.0,5.0,2.0,3.0,5.0,6.0,1,1
5244,9453.0,1.0,46.0,4.0,5.0,2.0,5.0,2.0,3.0,5.0,6.0,1,1
5245,4192.0,1.0,57.0,2.0,2.0,2.0,4.0,0.0,1.0,7.0,4.0,0,0
5246,4193.0,2.0,78.0,4.0,2.0,7.0,6.0,0.0,2.0,5.0,4.0,0,0
5247,4194.0,2.0,31.0,3.0,3.0,2.0,5.0,1.0,2.0,5.6,5.0,1,1
5248,4195.0,2.0,55.0,4.0,1.0,2.0,3.0,0.0,3.0,3.0,2.0,0,0
5249,4196.0,2.0,52.0,2.0,1.0,3.0,3.0,0.0,4.0,3.0,2.0,0,0
5250,4197.0,2.0,67.0,1.0,2.0,9.0,5.0,0.0,3.0,5.0,4.0,0,0
5251,7918.0,2.0,67.0,1.0,2.0,9.0,5.0,0.0,3.0,5.0,4.0,0,0
5252,4198.0,2.0,55.0,5.0,2.0,2.0,8.0,0.0,2.0,4.0,4.0,0,0
5253,4199.0,2.0,66.0,2.0,2.0,7.0,3.0,0.0,5.0,4.0,4.0,0,0
5254,4200.0,2.0,68.0,1.0,2.0,7.0,4.0,0.0,4.0,4.0,4.0,0,0
5255,4201.0,2.0,60.0,4.0,3.0,9.0,8.0,0.0,5.0,3.0,7.0,1,0
5256,4202.0,2.0,76.0,5.0,1.0,7.0,8.0,0.0,4.0,4.0,2.0,0,0
5257,4203.0,2.0,43.0,5.0,2.0,3.0,4.0,0.0,2.0,4.0,3.0,0,0
5258,7919.0,2.0,43.0,5.0,2.0,3.0,4.0,0.0,2.0,4.0,3.0,0,0
5259,4204.0,1.0,71.0,2.0,2.0,7.0,5.0,0.0,4.0,4.0,4.0,0,0
5260,4205.0,1.0,71.0,4.0,2.0,7.0,4.0,0.0,4.0,4.0,4.0,0,0
5261,4206.0,2.0,45.0,3.0,4.0,5.0,6.0,0.0,1.0,4.0,7.0,1,1
5262,4207.0,2.0,40.0,4.0,5.0,2.0,6.0,3.0,1.0,8.0,5.0,1,1
5263,7920.0,2.0,30.0,3.0,2.0,8.0,2.0,0.0,4.0,7.0,3.0,0,2
5264,4208.0,2.0,30.0,3.0,2.0,8.0,2.0,0.0,4.0,7.0,3.0,0,2
5265,8955.0,2.0,30.0,3.0,2.0,8.0,2.0,0.0,4.0,7.0,3.0,0,2
5266,4209.0,2.0,60.0,2.0,2.0,4.0,8.0,0.0,3.0,2.0,4.0,0,0
5267,4210.0,1.0,31.0,2.0,2.0,2.0,6.0,0.0,3.0,1.0,3.0,0,2
5268,4211.0,2.0,24.0,2.0,2.0,4.0,2.0,0.0,2.0,6.0,3.0,0,2
5269,4212.0,1.0,82.0,2.0,1.0,7.0,2.0,0.0,3.0,5.0,2.0,0,0
5270,4213.0,1.0,82.0,2.0,1.0,7.0,2.0,0.0,2.0,7.0,2.0,0,0
5271,4214.0,1.0,62.0,2.0,2.0,4.0,3.0,0.0,5.0,3.0,4.0,0,0
5272,4215.0,1.0,64.0,2.0,3.0,4.0,5.0,0.0,3.0,2.0,7.0,1,0
5273,7921.0,2.0,64.0,5.0,2.0,2.0,4.0,0.0,3.0,2.0,4.0,0,0
5274,4216.0,2.0,64.0,5.0,2.0,2.0,4.0,0.0,3.0,2.0,4.0,0,0
5275,7922.0,2.0,71.0,3.0,2.0,7.0,3.0,0.0,5.0,3.0,4.0,0,0
5276,4217.0,2.0,71.0,3.0,2.0,7.0,3.0,0.0,5.0,3.0,4.0,0,0
5277,4218.0,2.0,48.0,2.0,3.0,2.0,4.0,1.0,2.0,7.0,9.0,1,1
5278,4219.0,2.0,71.0,5.0,1.0,7.0,3.0,0.0,1.0,8.0,2.0,0,0
5279,4220.0,2.0,61.0,2.0,1.0,7.0,2.0,0.0,5.0,2.0,2.0,0,0
5280,4221.0,2.0,76.0,4.0,2.0,7.0,2.0,0.0,5.0,2.0,4.0,0,0
5281,4222.0,2.0,36.0,4.0,1.0,4.0,2.0,0.0,3.0,7.0,1.0,0,2
5282,4223.0,2.0,61.0,4.0,2.0,3.0,5.0,0.0,2.0,3.0,4.0,0,0
5283,7923.0,1.0,55.0,5.0,4.0,2.0,5.0,1.0,2.0,5.0,6.0,1,1
5284,4224.0,1.0,55.0,5.0,4.0,2.0,5.0,1.0,2.0,5.0,6.0,1,1
5285,4225.0,2.0,24.0,2.0,2.0,8.0,2.0,0.0,1.0,7.0,3.0,0,2
5286,4226.0,2.0,51.0,5.0,1.0,2.0,1.0,0.0,2.0,4.0,2.0,0,0
5287,7924.0,2.0,45.0,4.0,2.0,2.0,5.0,0.0,2.0,7.0,4.0,0,2
5288,4227.0,2.0,45.0,4.0,2.0,2.0,5.0,0.0,2.0,7.0,4.0,0,2
5289,4228.0,2.0,40.0,5.0,3.0,2.0,4.0,1.0,4.0,2.0,6.0,1,1
5290,9552.0,2.0,58.0,3.0,2.0,9.0,2.0,0.0,4.0,5.0,4.0,0,0
5291,4229.0,2.0,58.0,3.0,2.0,9.0,2.0,0.0,4.0,5.0,4.0,0,0
5292,9548.0,2.0,25.0,5.0,2.0,2.0,8.0,0.0,1.0,6.0,3.0,0,2
5293,4230.0,2.0,25.0,5.0,2.0,2.0,8.0,0.0,1.0,6.0,3.0,0,2
5294,4231.0,2.0,50.0,4.0,3.0,3.0,6.0,0.0,1.0,8.0,7.0,1,1
5295,9622.0,2.0,75.0,2.0,2.0,7.0,8.0,0.0,5.0,5.0,4.0,0,0
5296,4232.0,2.0,60.0,2.0,3.0,9.0,4.0,0.0,3.0,2.0,7.0,1,0
5297,4233.0,2.0,51.0,2.0,4.0,3.0,8.0,2.0,3.0,4.0,6.0,1,1
5298,4234.0,1.0,60.0,2.0,2.0,3.0,7.0,0.0,1.0,7.0,4.0,0,0
5299,4235.0,2.0,26.0,4.0,1.0,2.0,5.0,0.0,1.0,8.0,1.0,0,2
5300,4236.0,2.0,66.0,5.0,2.0,7.0,8.0,0.0,5.0,3.0,4.0,0,0
5301,4237.0,2.0,76.0,3.0,1.0,7.0,2.0,0.0,3.0,3.0,2.0,0,0
5302,4238.0,2.0,21.0,1.0,2.0,2.0,5.0,0.0,1.0,4.0,3.0,0,2
5303,9267.0,2.0,21.0,1.0,2.0,2.0,5.0,0.0,1.0,4.0,3.0,0,2
5304,4239.0,2.0,27.0,3.0,3.0,1.0,5.0,1.0,1.0,5.0,5.0,1,1
5305,7925.0,2.0,27.0,3.0,3.0,1.0,5.0,1.0,1.0,5.0,5.0,1,1
5306,4240.0,2.0,47.0,3.0,1.0,2.0,1.0,0.0,3.0,5.0,2.0,0,2
5307,4241.0,1.0,30.0,3.0,1.0,2.0,8.0,0.0,2.0,4.0,1.0,0,2
5308,4242.0,2.0,68.0,3.0,1.0,7.0,2.0,0.0,5.0,2.0,2.0,0,0
5309,4243.0,1.0,61.0,4.0,2.0,4.0,4.0,0.0,5.0,2.0,4.0,0,0
5310,9268.0,2.0,46.0,2.0,8.0,9.0,4.0,6.0,3.0,4.0,5.0,-1,-1
5311,7926.0,2.0,46.0,2.0,8.0,9.0,4.0,6.0,3.0,4.0,5.0,-1,-1
5312,9454.0,2.0,46.0,2.0,8.0,9.0,4.0,6.0,3.0,4.0,5.0,-1,-1
5313,4244.0,2.0,46.0,2.0,8.0,9.0,4.0,6.0,3.0,4.0,5.0,-1,-1
5314,4245.0,2.0,36.0,4.0,3.0,2.0,8.0,1.0,4.0,2.0,8.0,1,1
5315,4246.0,2.0,26.0,1.0,1.0,3.0,8.0,0.0,1.0,8.0,1.0,0,2
5316,4247.0,2.0,44.0,5.0,4.0,2.0,4.0,2.0,2.0,6.0,6.0,1,1
5317,4248.0,2.0,41.0,2.0,2.0,2.0,1.0,1.0,3.0,3.0,8.0,1,1
5319,4250.0,1.0,38.0,2.0,2.0,2.0,3.0,0.0,3.0,4.8,3.0,0,2
5320,8956.0,1.0,38.0,2.0,2.0,2.0,3.0,0.0,3.0,5.2,3.0,0,2
5321,7927.0,1.0,38.0,2.0,2.0,2.0,3.0,0.0,3.0,4.8,3.0,0,2
5322,4251.0,2.0,33.0,4.0,3.0,2.0,4.0,1.0,1.0,6.0,6.0,1,1
5323,4252.0,1.0,40.0,4.0,4.0,2.0,5.0,2.0,1.0,4.0,5.0,1,1
5324,4253.0,1.0,53.0,5.0,3.0,3.0,5.0,0.0,2.0,4.0,7.0,1,0
5325,4254.0,2.0,30.0,5.0,2.0,2.0,2.0,0.0,3.0,4.0,3.0,0,2
5326,4255.0,2.0,39.0,2.0,5.0,2.0,8.0,3.0,4.0,5.0,5.0,1,1
5327,4256.0,2.0,41.0,5.0,4.0,2.0,5.0,2.0,3.0,5.4,6.0,1,1
5328,9528.0,2.0,28.0,5.0,2.0,2.0,2.0,0.0,2.0,7.0,3.0,0,2
5329,9549.0,2.0,28.0,5.0,2.0,2.0,2.0,0.0,2.0,7.0,3.0,0,2
5330,4257.0,2.0,28.0,5.0,2.0,2.0,2.0,0.0,2.0,7.0,3.0,0,2
5331,4258.0,2.0,49.0,1.0,2.0,2.0,8.0,1.0,2.0,5.0,8.0,1,1
5332,4259.0,2.0,34.0,5.0,3.0,5.0,1.0,0.0,3.0,8.0,7.0,1,1
5333,4260.0,2.0,34.0,2.0,4.0,2.0,8.0,2.0,3.0,4.0,5.0,1,1
5334,4261.0,1.0,59.0,2.0,1.0,4.0,2.0,0.0,4.0,3.0,2.0,0,0
5335,4262.0,2.0,59.0,1.0,1.0,2.0,5.0,0.0,2.0,7.0,2.0,0,0
5336,4263.0,2.0,38.0,2.0,4.0,6.0,2.0,3.0,4.0,4.8,8.0,-1,-1
5337,4264.0,2.0,59.0,2.0,3.0,9.0,8.0,0.0,4.0,4.8,7.0,1,0
5338,4265.0,2.0,37.0,1.0,4.0,2.0,4.0,2.0,4.0,3.0,6.0,1,1
5340,4267.0,2.0,37.0,3.0,4.0,2.0,8.0,2.0,4.0,4.0,6.0,1,1
5341,4268.0,1.0,73.0,5.0,1.0,7.0,2.0,0.0,3.0,5.0,2.0,0,0
5342,4269.0,2.0,58.0,2.0,3.0,9.0,2.0,0.0,5.0,2.0,9.0,1,0
5343,4270.0,2.0,58.0,2.0,1.0,2.0,3.0,0.0,2.0,4.0,2.0,0,0
5344,4271.0,1.0,50.0,3.0,1.0,5.0,2.0,0.0,4.0,4.0,2.0,0,0
5345,4272.0,1.0,62.0,2.0,1.0,3.0,5.0,0.0,1.0,8.0,2.0,0,0
5346,4273.0,2.0,38.0,2.0,2.0,2.0,7.0,0.0,1.0,7.0,3.0,0,2
5347,4274.0,2.0,63.0,5.0,2.0,4.0,5.0,0.0,1.0,3.0,4.0,0,0
5348,7928.0,1.0,56.0,5.0,2.0,2.0,3.0,0.0,3.0,4.0,4.0,0,0
5349,4275.0,1.0,56.0,5.0,2.0,2.0,3.0,0.0,3.0,4.0,4.0,0,0
5350,4276.0,2.0,58.0,5.0,1.0,5.0,1.0,0.0,5.0,3.0,2.0,0,0
5351,4277.0,1.0,40.0,5.0,3.0,2.0,5.0,1.0,2.0,6.0,6.0,1,1
5352,4278.0,2.0,53.0,5.0,2.0,2.0,5.0,0.0,2.0,2.0,4.0,0,0
5353,4279.0,2.0,57.0,3.0,3.0,9.0,5.0,0.0,2.0,5.0,7.0,1,0
5354,7929.0,2.0,57.0,3.0,3.0,9.0,5.0,0.0,2.0,5.0,7.0,1,0
5355,4280.0,1.0,51.0,5.0,2.0,2.0,5.0,0.0,2.0,4.0,4.0,0,0
5356,4281.0,2.0,42.0,2.0,4.0,2.0,8.0,2.0,2.0,6.0,6.0,1,1
5357,4282.0,2.0,64.0,1.0,1.0,7.0,2.0,0.0,2.0,6.0,2.0,0,0
5358,4283.0,2.0,42.0,3.0,1.0,2.0,3.0,0.0,2.0,6.0,1.0,0,2
5359,4284.0,1.0,33.0,1.0,4.0,2.0,4.0,2.0,2.0,4.0,6.0,1,1
5360,7930.0,1.0,61.0,2.0,2.0,3.0,5.0,0.0,2.0,6.0,4.0,0,0
5361,4285.0,2.0,49.0,5.0,3.0,9.0,2.0,0.0,5.0,3.0,9.0,1,0
5362,4286.0,2.0,56.0,3.0,2.0,2.0,3.0,0.0,2.0,5.0,9.0,1,0
5363,4287.0,2.0,71.0,5.0,1.0,2.0,2.0,0.0,3.0,4.0,2.0,0,0
5364,4288.0,2.0,69.0,3.0,2.0,7.0,8.0,0.0,5.0,3.0,4.0,0,0
5365,4289.0,1.0,46.0,4.0,2.0,2.0,5.0,0.0,2.0,5.0,3.0,0,0
5366,7931.0,1.0,46.0,4.0,2.0,2.0,5.0,0.0,2.0,5.0,3.0,0,0
5367,4290.0,2.0,49.0,1.0,1.0,3.0,5.0,0.0,2.0,7.0,2.0,0,2
5368,4291.0,2.0,52.0,3.0,1.0,2.0,8.0,0.0,2.0,6.0,2.0,0,0
5369,4292.0,2.0,57.0,4.0,2.0,1.0,8.0,0.0,1.0,4.0,4.0,0,0
5370,8957.0,2.0,57.0,4.0,2.0,1.0,8.0,0.0,1.0,4.0,4.0,0,0
5371,4293.0,1.0,80.0,3.0,2.0,7.0,5.0,0.0,1.0,7.0,4.0,0,0
5372,4294.0,2.0,58.0,5.0,1.0,6.0,2.0,0.0,4.0,5.0,2.0,0,0
5373,7932.0,2.0,48.0,2.0,2.0,1.0,3.0,0.0,2.0,4.0,4.0,0,0
5374,4295.0,2.0,48.0,2.0,2.0,1.0,3.0,0.0,2.0,4.0,4.0,0,0
5375,4296.0,2.0,50.0,2.0,1.0,2.0,5.0,0.0,2.0,7.0,2.0,0,2
5376,4297.0,2.0,61.0,1.0,1.0,6.0,1.0,0.0,4.0,5.0,2.0,0,0
5377,7933.0,2.0,80.0,2.0,2.0,7.0,2.0,0.0,5.0,2.0,4.0,0,0
5378,9269.0,2.0,50.0,5.0,4.0,1.0,2.0,2.0,1.0,8.0,8.0,1,1
5379,4298.0,2.0,50.0,5.0,4.0,1.0,2.0,2.0,1.0,8.0,8.0,1,1
5380,9270.0,1.0,61.0,1.0,3.0,3.0,6.0,0.0,3.0,3.0,7.0,1,0
5381,9455.0,1.0,61.0,1.0,3.0,3.0,6.0,0.0,3.0,3.0,7.0,1,0
5382,4299.0,1.0,61.0,1.0,3.0,3.0,6.0,0.0,3.0,3.0,7.0,1,0
5383,4300.0,1.0,53.0,2.0,7.0,2.0,5.0,3.0,1.0,6.0,6.0,-1,-1
5384,4301.0,1.0,62.0,1.0,3.0,2.0,4.0,0.0,2.0,4.0,7.0,1,0
5385,7934.0,1.0,62.0,1.0,3.0,2.0,4.0,0.0,2.0,4.0,7.0,1,0
5386,4302.0,2.0,57.0,4.0,1.0,3.0,5.0,0.0,3.0,4.0,2.0,0,0
5387,4303.0,2.0,63.0,5.0,2.0,9.0,5.0,0.0,4.0,4.0,4.0,0,0
5388,7935.0,2.0,63.0,5.0,2.0,9.0,5.0,0.0,4.0,4.0,4.0,0,0
5390,8958.0,2.0,48.0,3.0,3.0,2.0,4.0,1.0,2.0,7.0,8.0,1,1
5391,4305.0,2.0,48.0,3.0,3.0,2.0,4.0,1.0,2.0,7.0,8.0,1,1
5392,4306.0,1.0,50.0,3.0,2.0,2.0,7.0,0.0,3.0,4.0,4.0,0,0
5393,4307.0,1.0,67.0,2.0,2.0,7.0,2.0,0.0,5.0,1.0,4.0,0,0
5394,4308.0,2.0,49.0,2.0,4.0,9.0,3.0,1.0,4.0,2.0,6.0,1,1
5395,4309.0,2.0,79.0,4.0,2.0,7.0,8.0,0.0,3.0,3.0,4.0,0,0
5396,9271.0,2.0,23.0,3.0,3.0,8.0,8.0,0.0,5.0,5.0,7.0,1,1
5397,4310.0,2.0,23.0,3.0,3.0,8.0,8.0,0.0,5.0,5.0,7.0,1,1
5398,4311.0,2.0,69.0,4.0,1.0,7.0,8.0,0.0,5.0,3.0,2.0,0,0
5399,4312.0,2.0,38.0,2.0,2.0,4.0,2.0,1.0,4.0,4.0,8.0,1,1
5400,4313.0,2.0,69.0,5.0,2.0,7.0,8.0,0.0,5.0,4.0,4.0,0,0
5401,4314.0,2.0,47.0,5.0,2.0,2.0,3.0,0.0,2.0,2.0,4.0,0,0
5402,4315.0,2.0,79.0,3.0,2.0,7.0,2.0,0.0,5.0,3.0,4.0,0,0
5403,4316.0,1.0,71.0,1.0,2.0,7.0,4.0,0.0,5.0,2.0,4.0,0,0
5404,4317.0,1.0,73.0,2.0,1.0,7.0,5.0,0.0,1.0,7.0,2.0,0,0
5405,4318.0,2.0,59.0,5.0,2.0,3.0,6.0,0.0,3.0,6.0,4.0,0,0
5406,4319.0,1.0,71.0,5.0,2.0,7.0,5.0,0.0,2.0,6.0,4.0,0,0
5407,4320.0,2.0,78.0,2.0,1.0,9.0,2.0,0.0,5.0,2.0,2.0,0,0
5408,4321.0,2.0,36.0,3.0,1.0,2.0,5.0,0.0,1.0,8.0,1.0,0,2
5409,7936.0,2.0,37.0,2.0,4.0,5.0,2.0,2.0,3.0,4.0,6.0,1,1
5410,4322.0,2.0,37.0,2.0,4.0,5.0,2.0,2.0,3.0,4.0,6.0,1,1
5411,4323.0,1.0,65.0,4.0,1.0,6.0,2.0,0.0,4.0,4.0,2.0,0,0
5412,4324.0,1.0,59.0,2.0,3.0,3.0,5.0,0.0,2.0,5.0,7.0,1,0
5413,4325.0,1.0,49.0,5.0,2.0,2.0,5.0,0.0,4.0,4.0,4.0,0,0
5414,7937.0,1.0,66.0,1.0,2.0,7.0,5.0,0.0,2.0,4.0,4.0,0,0
5415,4326.0,1.0,66.0,1.0,2.0,7.0,5.0,0.0,2.0,4.0,4.0,0,0
5416,4327.0,1.0,65.0,3.0,3.0,4.0,3.0,0.0,4.0,3.0,7.0,1,0
5417,4328.0,1.0,46.0,3.0,1.0,2.0,4.0,0.0,3.0,4.0,2.0,0,0
5418,4329.0,1.0,52.0,4.0,3.0,2.0,4.0,0.0,3.0,4.0,7.0,1,0
5419,7938.0,1.0,48.0,4.0,6.0,2.0,2.0,1.0,4.0,4.0,6.0,-1,-1
5420,4330.0,1.0,48.0,4.0,6.0,2.0,2.0,1.0,4.0,4.0,6.0,-1,-1
5421,9529.0,1.0,48.0,4.0,6.0,2.0,2.0,1.0,4.0,4.0,6.0,-1,-1
5422,8959.0,1.0,64.0,2.0,3.0,2.0,2.0,0.0,2.0,7.0,7.0,1,0
5423,4331.0,2.0,59.0,2.0,2.0,4.0,3.0,0.0,4.0,5.0,4.0,0,0
5424,4332.0,2.0,31.0,2.0,2.0,3.0,6.0,0.0,1.0,8.0,3.0,0,2
5425,4333.0,1.0,59.0,1.0,1.0,3.0,8.0,0.0,2.0,6.0,2.0,0,0
5426,4334.0,2.0,45.0,4.0,2.0,5.0,8.0,0.0,3.0,4.0,4.0,0,0
5427,4335.0,2.0,66.0,5.0,1.0,4.0,2.0,0.0,4.0,4.0,2.0,0,0
5428,9623.0,2.0,78.0,2.0,2.0,7.0,2.0,0.0,2.0,6.0,4.0,0,0
5429,4336.0,1.0,58.0,2.0,1.0,2.0,3.0,0.0,4.0,2.0,2.0,0,0
5430,4337.0,1.0,73.0,5.0,2.0,7.0,5.0,0.0,2.0,6.0,4.0,0,0
5431,4338.0,1.0,71.0,4.0,2.0,7.0,5.0,0.0,1.0,8.0,4.0,0,0
5432,4339.0,1.0,67.0,1.0,1.0,7.0,4.0,0.0,1.0,8.0,2.0,0,0
5433,4340.0,2.0,56.0,4.0,3.0,6.0,2.0,0.0,5.0,2.0,9.0,1,0
5434,4341.0,2.0,65.0,4.0,2.0,9.0,8.0,0.0,4.0,2.0,4.0,0,0
5435,7939.0,1.0,57.0,5.0,2.0,2.0,4.0,0.0,4.0,2.0,4.0,0,0
5436,4342.0,1.0,57.0,5.0,2.0,2.0,4.0,0.0,4.0,2.0,4.0,0,0
5437,4343.0,2.0,36.0,2.0,3.0,2.0,6.0,1.0,1.0,8.0,8.0,1,1
5438,4344.0,2.0,44.0,5.0,3.0,2.0,2.0,2.0,3.0,4.0,8.0,1,1
5439,7940.0,1.0,43.0,4.0,2.0,2.0,5.0,0.0,1.0,8.0,3.0,0,2
5440,4345.0,1.0,43.0,4.0,2.0,2.0,5.0,0.0,1.0,8.0,3.0,0,2
5441,4346.0,2.0,36.0,4.0,4.0,2.0,4.0,2.0,2.0,4.0,6.0,1,1
5442,4347.0,2.0,70.0,4.0,2.0,7.0,5.0,0.0,2.0,6.0,4.0,0,0
5443,4348.0,1.0,45.0,4.0,1.0,2.0,3.0,0.0,2.0,4.0,2.0,0,2
5444,4349.0,2.0,64.0,5.0,1.0,4.0,2.0,0.0,4.0,4.0,2.0,0,0
5446,4351.0,2.0,40.0,5.0,3.0,2.0,5.0,1.0,2.0,5.0,8.0,1,1
5447,4352.0,2.0,78.0,3.0,1.0,7.0,2.0,0.0,4.0,4.0,2.0,0,0
5448,4353.0,1.0,71.0,4.0,1.0,1.0,4.0,0.0,1.0,8.0,2.0,0,0
5449,4354.0,2.0,72.0,2.0,2.0,7.0,3.0,0.0,5.0,4.0,4.0,0,0
5450,4355.0,2.0,48.0,5.0,2.0,2.0,5.0,0.0,2.0,6.0,4.0,0,0
5451,4356.0,2.0,58.0,2.0,3.0,5.0,5.0,0.0,1.0,7.0,7.0,1,0
5453,4358.0,2.0,62.0,1.0,1.0,4.0,1.0,0.0,5.0,1.0,2.0,0,0
5454,4359.0,1.0,79.0,4.0,1.0,7.0,2.0,0.0,5.0,3.0,2.0,0,0
5455,4360.0,1.0,63.0,5.0,2.0,2.0,8.0,0.0,2.0,4.0,4.0,0,0
5456,7941.0,1.0,63.0,5.0,2.0,2.0,8.0,0.0,2.0,4.0,4.0,0,0
5457,7942.0,2.0,59.0,3.0,2.0,9.0,3.0,0.0,5.0,2.0,4.0,0,0
5458,4361.0,2.0,38.0,4.0,4.0,9.0,4.0,2.0,4.0,4.0,6.0,1,1
5459,4362.0,2.0,56.0,5.0,3.0,9.0,8.0,0.0,4.0,5.0,7.0,1,0
5460,4363.0,1.0,63.0,4.0,1.0,2.0,7.0,0.0,1.0,4.4,2.0,0,0
5461,4364.0,2.0,64.0,4.0,2.0,7.0,2.0,0.0,3.0,5.0,4.0,0,0
5462,4365.0,1.0,61.0,1.0,2.0,4.0,3.0,0.0,3.0,6.0,4.0,0,0
5463,7943.0,1.0,51.0,1.0,2.0,4.0,4.0,0.0,3.0,4.0,4.0,0,0
5464,4366.0,1.0,83.0,5.0,1.0,7.0,2.0,0.0,5.0,3.0,2.0,0,0
5465,4367.0,2.0,67.0,2.0,1.0,7.0,3.0,0.0,4.0,4.0,2.0,0,0
5466,4368.0,2.0,63.0,1.0,1.0,3.0,3.0,0.0,4.0,3.0,2.0,0,0
5467,4369.0,2.0,25.0,2.0,1.0,2.0,2.0,0.0,2.0,7.0,1.0,0,2
5468,4370.0,2.0,80.0,5.0,1.0,7.0,3.0,0.0,5.0,2.0,2.0,0,0
5469,9456.0,1.0,64.0,5.0,2.0,2.0,8.0,0.0,3.0,4.0,4.0,0,0
5470,4371.0,1.0,64.0,5.0,2.0,2.0,8.0,0.0,3.0,4.0,4.0,0,0
5471,7944.0,2.0,60.0,3.0,2.0,3.0,4.0,0.0,2.0,5.0,4.0,0,0
5472,4372.0,2.0,60.0,3.0,2.0,3.0,4.0,0.0,2.0,5.0,4.0,0,0
5473,4373.0,2.0,57.0,4.0,2.0,2.0,5.0,0.0,3.0,7.0,4.0,0,0
5474,4374.0,2.0,72.0,3.0,2.0,7.0,4.0,0.0,5.0,2.0,4.0,0,0
5476,4376.0,2.0,74.0,1.0,1.0,7.0,8.0,0.0,5.0,3.0,2.0,0,0
5477,4377.0,1.0,69.0,2.0,2.0,7.0,4.0,0.0,5.0,3.0,4.0,0,0
5478,4378.0,2.0,72.0,5.0,1.0,7.0,8.0,0.0,5.0,3.0,2.0,0,0
5479,4379.0,2.0,41.0,1.0,1.0,2.0,1.0,0.0,2.0,4.0,1.0,0,2
5480,4380.0,2.0,35.0,5.0,1.0,2.0,2.0,0.0,2.0,6.0,1.0,0,2
5481,4381.0,1.0,56.0,4.0,2.0,2.0,8.0,0.0,1.0,4.0,4.0,0,0
5482,4382.0,2.0,53.0,5.0,3.0,2.0,3.0,1.0,2.0,4.0,6.0,1,1
5483,7945.0,2.0,53.0,5.0,3.0,2.0,3.0,1.0,2.0,4.0,6.0,1,1
5484,7946.0,2.0,35.0,2.0,3.0,2.0,3.0,1.0,3.0,6.0,5.0,1,1
5485,4383.0,2.0,35.0,2.0,3.0,2.0,3.0,1.0,3.0,6.0,5.0,1,1
5486,7947.0,1.0,47.0,3.0,4.0,2.0,2.0,2.0,3.0,4.0,6.0,1,1
5487,4384.0,2.0,60.0,4.0,1.0,4.0,2.0,0.0,4.0,4.0,2.0,0,0
5488,4385.0,2.0,44.0,3.0,4.0,2.0,3.0,2.0,4.0,4.0,6.0,1,1
5489,9457.0,2.0,44.0,3.0,4.0,2.0,3.0,2.0,4.0,4.0,6.0,1,1
5490,8960.0,2.0,67.0,2.0,2.0,7.0,2.0,0.0,5.0,3.0,4.0,0,0
5491,7948.0,2.0,67.0,2.0,2.0,7.0,2.0,0.0,5.0,3.0,4.0,0,0
5492,4386.0,2.0,67.0,2.0,2.0,7.0,2.0,0.0,5.0,3.0,4.0,0,0
5493,4387.0,2.0,52.0,2.0,1.0,4.0,1.0,0.0,4.0,4.0,2.0,0,0
5494,4388.0,2.0,26.0,2.0,3.0,2.0,2.0,1.0,2.0,2.0,5.0,1,1
5495,4389.0,2.0,78.0,2.0,1.0,7.0,2.0,0.0,2.0,6.0,2.0,0,0
5496,4390.0,2.0,51.0,2.0,1.0,2.0,4.0,0.0,2.0,5.0,2.0,0,0
5497,4391.0,2.0,67.0,4.0,2.0,7.0,4.0,0.0,5.0,3.0,4.0,0,0
5498,4392.0,1.0,58.0,1.0,1.0,2.0,5.0,0.0,2.0,6.0,2.0,0,0
5499,4393.0,2.0,59.0,5.0,2.0,9.0,3.0,0.0,3.0,2.0,4.0,0,0
5500,4394.0,1.0,46.0,3.0,4.0,2.0,6.0,2.0,1.0,8.0,6.0,1,1
5501,4395.0,1.0,66.0,5.0,1.0,2.0,3.0,0.0,4.0,1.0,2.0,0,0
5502,4396.0,2.0,40.0,2.0,5.0,1.0,6.0,3.0,1.0,6.0,8.0,1,1
5503,7949.0,2.0,40.0,2.0,5.0,1.0,6.0,3.0,1.0,6.0,8.0,1,1
5504,4397.0,1.0,47.0,2.0,2.0,1.0,8.0,0.0,1.0,7.0,4.0,0,0
5505,7950.0,2.0,69.0,5.0,2.0,9.0,2.0,0.0,5.0,2.0,4.0,0,0
5506,4398.0,2.0,69.0,5.0,2.0,9.0,2.0,0.0,5.0,2.0,4.0,0,0
5507,4399.0,2.0,63.0,3.0,1.0,4.0,2.0,0.0,3.0,7.0,2.0,0,0
5508,4400.0,2.0,56.0,3.0,2.0,9.0,8.0,0.0,3.0,2.0,4.0,0,0
5510,8961.0,1.0,47.0,5.0,3.0,2.0,4.0,0.0,2.0,4.0,7.0,1,0
5511,4402.0,1.0,47.0,5.0,3.0,2.0,4.0,0.0,2.0,4.0,7.0,1,0
5512,7951.0,2.0,63.0,5.0,2.0,9.0,8.0,0.0,4.0,2.0,4.0,0,0
5513,4403.0,2.0,63.0,5.0,2.0,9.0,8.0,0.0,4.0,2.0,4.0,0,0
5514,4404.0,1.0,65.0,2.0,2.0,4.0,7.0,0.0,3.0,8.0,4.0,0,0
5515,4405.0,2.0,67.0,2.0,3.0,9.0,5.0,0.0,3.0,2.0,7.0,1,0
5516,9624.0,1.0,56.0,4.0,3.0,2.0,2.0,0.0,4.0,3.0,7.0,1,0
5517,9625.0,2.0,38.0,3.0,5.0,2.0,8.0,3.0,4.0,2.0,6.0,1,1
5518,4406.0,2.0,27.0,4.0,2.0,2.0,5.0,0.0,2.0,7.0,3.0,0,2
5519,4407.0,2.0,49.0,4.0,2.0,4.0,5.0,0.0,5.0,2.0,4.0,0,0
5521,4409.0,1.0,65.0,2.0,4.0,2.0,8.0,0.0,1.0,8.0,7.0,1,1
5522,4410.0,2.0,48.0,3.0,5.0,3.0,5.0,2.0,1.0,4.0,6.0,1,1
5523,9272.0,2.0,48.0,3.0,5.0,3.0,5.0,2.0,1.0,4.0,6.0,1,1
5524,9458.0,2.0,48.0,3.0,5.0,3.0,5.0,2.0,1.0,4.0,6.0,1,1
5525,4411.0,1.0,47.0,5.0,4.0,2.0,7.0,2.0,1.0,6.0,6.0,1,1
5526,4412.0,1.0,31.0,2.0,2.0,2.0,3.0,0.0,1.0,7.0,3.0,0,2
5527,7952.0,1.0,31.0,2.0,2.0,2.0,3.0,0.0,1.0,7.0,3.0,0,2
5528,9530.0,2.0,57.0,3.0,2.0,1.0,4.0,0.0,1.0,3.0,4.0,0,0
5529,4413.0,2.0,57.0,3.0,2.0,1.0,4.0,0.0,1.0,3.0,4.0,0,0
5530,4414.0,1.0,70.0,2.0,1.0,7.0,6.0,0.0,1.0,8.0,2.0,0,0
5531,4415.0,1.0,57.0,2.0,1.0,2.0,3.0,0.0,2.0,3.0,2.0,0,0
5532,4416.0,2.0,65.0,4.0,2.0,2.0,4.0,0.0,2.0,1.0,4.0,0,0
5533,7953.0,2.0,65.0,4.0,2.0,2.0,4.0,0.0,2.0,1.0,4.0,0,0
5534,4417.0,2.0,39.0,4.0,1.0,2.0,2.0,0.0,4.0,4.0,1.0,0,2
5535,4418.0,2.0,38.0,4.0,4.0,3.0,3.0,2.0,2.0,4.0,8.0,1,1
5536,4419.0,2.0,65.0,4.0,1.0,2.0,8.0,0.0,4.0,3.0,2.0,0,0
5537,4420.0,1.0,35.0,2.0,2.0,2.0,5.0,0.0,1.0,5.4,3.0,0,2
5538,4421.0,1.0,75.0,2.0,2.0,7.0,3.0,0.0,5.0,2.0,4.0,0,0
5539,7954.0,2.0,34.0,2.0,3.0,2.0,8.0,1.0,2.0,4.0,8.0,1,1
5540,4422.0,1.0,55.0,1.0,1.0,2.0,4.0,0.0,2.0,5.0,2.0,0,0
5541,4423.0,2.0,60.0,1.0,1.0,4.0,2.0,0.0,4.0,4.0,2.0,0,0
5542,4424.0,2.0,42.0,3.0,3.0,4.0,4.0,0.0,4.0,4.0,7.0,1,1
5543,4425.0,2.0,73.0,3.0,1.0,7.0,2.0,0.0,5.0,3.0,2.0,0,0
5544,4426.0,2.0,56.0,5.0,4.0,9.0,7.0,0.0,2.0,5.0,7.0,1,1
5545,4427.0,1.0,81.0,5.0,2.0,7.0,3.0,0.0,5.0,3.0,4.0,0,0
5546,7955.0,2.0,36.0,2.0,3.0,2.0,5.0,1.0,1.0,8.0,8.0,1,1
5547,4428.0,2.0,36.0,2.0,3.0,2.0,5.0,1.0,1.0,8.0,8.0,1,1
5548,4429.0,2.0,64.0,3.0,2.0,7.0,3.0,0.0,5.0,6.0,4.0,0,0
5549,4430.0,2.0,67.0,3.0,2.0,7.0,4.0,0.0,2.0,4.0,4.0,0,0
5550,4431.0,1.0,41.0,4.0,3.0,3.0,5.0,2.0,2.0,7.0,8.0,1,1
5551,8962.0,1.0,41.0,4.0,3.0,3.0,5.0,2.0,2.0,7.0,8.0,1,1
5552,4432.0,2.0,49.0,4.0,1.0,4.0,1.0,0.0,3.0,7.0,2.0,0,2
5553,4433.0,1.0,34.0,2.0,2.0,2.0,5.0,0.0,2.0,7.0,3.0,0,2
5555,4435.0,1.0,64.0,2.0,2.0,2.0,5.0,0.0,2.0,7.0,4.0,0,0
5556,4436.0,1.0,73.0,3.0,2.0,7.0,3.0,0.0,5.0,2.0,4.0,0,0
5557,4437.0,1.0,38.0,3.0,3.0,2.0,5.0,1.0,2.0,7.0,5.0,1,1
5558,7956.0,1.0,40.0,5.0,5.0,2.0,7.0,3.0,1.0,8.0,5.0,1,1
5559,4438.0,1.0,40.0,5.0,5.0,2.0,7.0,3.0,1.0,8.0,5.0,1,1
5560,4439.0,1.0,44.0,2.0,4.0,2.0,4.0,2.0,3.0,3.0,6.0,1,1
5561,8963.0,1.0,44.0,2.0,4.0,2.0,4.0,2.0,3.0,3.0,6.0,1,1
5562,4440.0,2.0,56.0,2.0,4.0,9.0,4.0,0.0,3.0,8.0,7.0,-1,-1
5563,4441.0,2.0,79.0,3.0,2.0,7.0,4.0,0.0,5.0,3.0,4.0,0,0
5564,7957.0,2.0,79.0,3.0,2.0,7.0,4.0,0.0,5.0,3.0,4.0,0,0
5565,4442.0,2.0,76.0,2.0,1.0,9.0,2.0,0.0,5.0,3.0,2.0,0,0
5566,4443.0,2.0,81.0,4.0,1.0,7.0,2.0,0.0,5.0,3.0,2.0,0,0
5567,4444.0,2.0,40.0,2.0,2.0,5.0,4.0,0.0,3.0,4.0,3.0,0,2
5568,4445.0,1.0,77.0,3.0,2.0,7.0,4.0,0.0,4.0,4.0,4.0,0,0
5569,8964.0,1.0,77.0,3.0,2.0,7.0,4.0,0.0,4.0,4.0,4.0,0,0
5570,4446.0,2.0,56.0,4.0,1.0,6.0,1.0,0.0,4.0,4.0,2.0,0,0
5571,4447.0,2.0,59.0,5.0,2.0,2.0,5.0,0.0,2.0,6.0,4.0,0,0
5572,7958.0,2.0,59.0,5.0,2.0,2.0,5.0,0.0,2.0,6.0,4.0,0,0
5573,4448.0,2.0,69.0,3.0,2.0,7.0,3.0,0.0,3.0,4.0,4.0,0,0
5574,4449.0,2.0,37.0,1.0,2.0,2.0,4.0,0.0,2.0,4.0,3.0,0,2
5575,4450.0,1.0,57.0,2.0,2.0,2.0,5.0,0.0,3.0,4.0,3.0,0,0
5576,7959.0,1.0,57.0,2.0,2.0,2.0,5.0,0.0,3.0,4.0,3.0,0,0
5577,4451.0,2.0,68.0,4.0,1.0,7.0,8.0,0.0,4.0,4.0,2.0,0,0
5578,4452.0,2.0,31.0,5.0,2.0,4.0,8.0,0.0,3.0,4.0,3.0,0,2
5580,4454.0,2.0,51.0,4.0,4.0,2.0,4.0,1.0,4.0,4.0,6.0,1,1
5581,4455.0,2.0,37.0,2.0,2.0,2.0,4.0,1.0,3.0,4.0,8.0,1,1
5582,4456.0,2.0,52.0,1.0,1.0,4.0,2.0,0.0,5.0,2.0,2.0,0,0
5583,4457.0,2.0,41.0,3.0,1.0,4.0,1.0,0.0,4.0,4.0,1.0,0,2
5584,4458.0,2.0,42.0,5.0,1.0,3.0,5.0,0.0,1.0,4.8,1.0,0,2
5585,7960.0,1.0,78.0,3.0,1.0,7.0,4.0,0.0,2.0,6.0,2.0,0,0
5586,4459.0,1.0,78.0,3.0,1.0,7.0,4.0,0.0,2.0,6.0,2.0,0,0
5587,4460.0,1.0,66.0,4.0,2.0,7.0,4.0,0.0,2.0,3.0,4.0,0,0
5588,4461.0,1.0,61.0,4.0,2.0,4.0,2.0,0.0,3.0,7.0,3.0,0,0
5589,4462.0,2.0,60.0,2.0,1.0,4.0,1.0,0.0,4.0,4.0,2.0,0,0
5590,4463.0,2.0,40.0,2.0,1.0,2.0,8.0,0.0,2.0,4.0,1.0,0,2
5591,4464.0,1.0,83.0,5.0,1.0,7.0,3.0,0.0,3.0,5.0,2.0,0,0
5592,4465.0,2.0,37.0,1.0,4.0,2.0,4.0,2.0,2.0,8.0,5.0,1,1
5593,4466.0,2.0,36.0,3.0,5.0,3.0,5.0,3.0,2.0,6.0,6.0,1,1
5594,4467.0,1.0,44.0,2.0,2.0,2.0,5.0,0.0,1.0,4.0,3.0,0,0
5595,4468.0,1.0,38.0,1.0,1.0,1.0,4.0,0.0,1.0,8.0,1.0,0,2
5597,4470.0,2.0,25.0,1.0,2.0,8.0,1.0,0.0,3.0,7.0,3.0,0,2
5598,4471.0,2.0,65.0,1.0,2.0,1.0,3.0,0.0,5.0,3.0,4.0,0,0
5599,4472.0,2.0,74.0,4.0,1.0,7.0,8.0,0.0,5.0,3.0,2.0,0,0
5600,4473.0,2.0,46.0,5.0,2.0,2.0,8.0,0.0,3.0,4.0,4.0,0,0
5601,4474.0,2.0,39.0,4.0,5.0,2.0,5.0,3.0,2.0,6.0,5.0,1,1
5602,7961.0,2.0,39.0,4.0,5.0,2.0,5.0,3.0,2.0,6.0,5.0,1,1
5603,4475.0,1.0,77.0,2.0,2.0,7.0,4.0,0.0,2.0,5.0,4.0,0,0
5604,7962.0,1.0,77.0,2.0,2.0,7.0,4.0,0.0,2.0,5.0,4.0,0,0
5605,4476.0,2.0,31.0,2.0,4.0,9.0,8.0,2.0,1.0,7.0,5.0,1,1
5606,4477.0,1.0,29.0,2.0,2.0,2.0,8.0,0.0,2.0,5.0,3.0,0,2
5607,9459.0,1.0,29.0,2.0,2.0,2.0,8.0,0.0,2.0,5.0,3.0,0,2
5608,4478.0,1.0,47.0,2.0,2.0,4.0,2.0,0.0,5.0,2.0,4.0,0,0
5609,4479.0,2.0,26.0,3.0,2.0,2.0,4.0,0.0,2.0,4.0,3.0,0,2
5610,4480.0,1.0,78.0,2.0,2.0,7.0,8.0,0.0,2.0,6.0,4.0,0,0
5611,4481.0,1.0,75.0,4.0,2.0,7.0,3.0,0.0,4.0,4.0,4.0,0,0
5612,7963.0,2.0,36.0,2.0,4.0,3.0,4.0,2.0,2.0,6.0,8.0,1,1
5613,4482.0,2.0,36.0,2.0,4.0,3.0,4.0,2.0,2.0,6.0,8.0,1,1
5614,4483.0,2.0,80.0,3.0,1.0,7.0,3.0,0.0,4.0,4.0,2.0,0,0
5615,4484.0,2.0,34.0,1.0,2.0,2.0,7.0,0.0,1.0,8.0,3.0,0,2
5616,4485.0,2.0,47.0,3.0,2.0,3.0,2.0,1.0,1.0,8.0,9.0,1,1
5617,4486.0,1.0,65.0,4.0,1.0,3.0,4.0,0.0,3.0,4.0,2.0,0,0
5618,8965.0,2.0,45.0,3.0,3.0,2.0,8.0,1.0,5.0,5.0,6.0,1,1
5619,4487.0,2.0,45.0,3.0,3.0,2.0,8.0,1.0,5.0,5.0,6.0,1,1
5620,4488.0,2.0,33.0,4.0,6.0,2.0,5.0,4.0,2.0,4.0,5.0,2,1
5621,7964.0,2.0,33.0,4.0,6.0,2.0,5.0,4.0,2.0,4.0,5.0,2,1
5622,4489.0,2.0,36.0,4.0,5.0,2.0,8.0,3.0,3.0,4.0,6.0,1,1
5623,7965.0,2.0,36.0,4.0,5.0,2.0,8.0,3.0,3.0,4.0,6.0,1,1
5624,4490.0,2.0,53.0,4.0,2.0,9.0,8.0,0.0,4.0,3.0,4.0,0,0
5625,4491.0,2.0,71.0,5.0,1.0,7.0,2.0,0.0,5.0,3.0,2.0,0,0
5626,4492.0,2.0,72.0,4.0,1.0,7.0,8.0,0.0,2.0,5.0,2.0,0,0
5627,4493.0,1.0,70.0,5.0,2.0,7.0,5.0,0.0,1.0,8.0,4.0,0,0
5628,4494.0,2.0,38.0,2.0,2.0,2.0,2.0,1.0,3.0,4.0,8.0,1,1
5629,4495.0,2.0,46.0,2.0,2.0,2.0,4.0,0.0,4.0,5.0,4.0,0,0
5630,7966.0,2.0,46.0,2.0,2.0,2.0,4.0,0.0,4.0,5.0,4.0,0,0
5631,4496.0,2.0,49.0,2.0,2.0,4.0,5.0,0.0,4.0,4.0,4.0,0,0
5632,4497.0,1.0,65.0,4.0,1.0,7.0,3.0,0.0,2.0,7.0,2.0,0,0
5633,4498.0,2.0,33.0,3.0,3.0,2.0,2.0,2.0,3.0,3.0,8.0,1,1
5634,4499.0,2.0,59.0,2.0,1.0,2.0,4.0,0.0,3.0,4.0,2.0,0,0
5635,4500.0,2.0,48.0,5.0,4.0,2.0,5.0,2.0,2.0,5.0,6.0,1,1
5636,7967.0,2.0,48.0,5.0,4.0,2.0,5.0,2.0,2.0,5.0,6.0,1,1
5638,4502.0,2.0,49.0,5.0,2.0,2.0,4.0,0.0,3.0,4.0,4.0,0,0
5639,4503.0,2.0,30.0,2.0,1.0,3.0,3.0,0.0,1.0,4.2,1.0,0,2
5640,4504.0,2.0,60.0,2.0,1.0,2.0,4.0,0.0,2.0,4.2,2.0,0,0
5641,4505.0,2.0,49.0,2.0,3.0,9.0,4.0,1.0,4.0,3.0,6.0,1,1
5642,4506.0,2.0,36.0,2.0,2.0,2.0,5.0,0.0,2.0,7.0,3.0,0,2
5643,4507.0,2.0,80.0,4.0,1.0,7.0,4.0,0.0,5.0,3.0,2.0,0,0
5644,7968.0,1.0,35.0,3.0,3.0,3.0,4.0,1.0,2.0,6.0,5.0,1,1
5645,4508.0,1.0,35.0,3.0,3.0,3.0,4.0,1.0,2.0,6.0,5.0,1,1
5646,4509.0,1.0,78.0,2.0,2.0,7.0,5.0,0.0,2.0,6.0,4.0,0,0
5647,7969.0,1.0,78.0,2.0,2.0,7.0,5.0,0.0,2.0,6.0,4.0,0,0
5648,4510.0,2.0,39.0,3.0,4.0,9.0,2.0,3.0,5.0,1.0,8.0,-1,-1
5649,7970.0,2.0,56.0,3.0,4.0,2.0,8.0,0.0,5.0,3.0,7.0,1,1
5650,8966.0,2.0,56.0,3.0,4.0,2.0,8.0,0.0,5.0,3.0,7.0,1,1
5651,4511.0,2.0,56.0,3.0,4.0,2.0,8.0,0.0,5.0,3.0,7.0,1,1
5652,4512.0,2.0,68.0,4.0,2.0,7.0,2.0,0.0,5.0,3.0,4.0,0,0
5653,4513.0,2.0,66.0,5.0,1.0,2.0,2.0,0.0,3.0,3.0,2.0,0,0
5654,4514.0,1.0,45.0,2.0,3.0,2.0,7.0,1.0,1.0,8.0,8.0,1,1
5655,7971.0,1.0,45.0,2.0,3.0,2.0,7.0,1.0,1.0,8.0,8.0,1,1
5656,4515.0,2.0,36.0,2.0,4.0,2.0,4.0,2.0,3.0,4.6,6.0,1,1
5657,4516.0,2.0,62.0,5.0,2.0,9.0,2.0,0.0,5.0,3.0,4.0,0,0
5659,4518.0,2.0,32.0,4.0,3.0,1.0,2.0,1.0,4.0,4.0,5.0,1,1
5660,4519.0,2.0,37.0,5.0,4.0,2.0,3.0,2.0,3.0,5.0,6.0,1,1
5661,9273.0,2.0,50.0,5.0,4.0,2.0,5.0,2.0,3.0,4.0,6.0,1,1
5662,7972.0,2.0,50.0,5.0,4.0,2.0,5.0,2.0,3.0,4.0,6.0,1,1
5663,8967.0,2.0,50.0,5.0,4.0,2.0,5.0,2.0,3.0,4.0,6.0,1,1
5664,4520.0,2.0,50.0,5.0,4.0,2.0,5.0,2.0,3.0,4.0,6.0,1,1
5665,4521.0,1.0,37.0,5.0,3.0,9.0,8.0,1.0,5.0,2.0,8.0,-1,-1
5666,8968.0,1.0,37.0,5.0,3.0,9.0,8.0,1.0,5.0,2.0,8.0,-1,-1
5667,4522.0,1.0,40.0,1.0,1.0,2.0,2.0,0.0,4.0,2.0,1.0,0,2
5668,4523.0,2.0,55.0,2.0,1.0,6.0,2.0,0.0,4.0,4.0,2.0,0,0
5669,7973.0,1.0,65.0,1.0,2.0,7.0,8.0,0.0,4.0,4.0,4.0,0,0
5670,4524.0,1.0,65.0,1.0,2.0,7.0,8.0,0.0,4.0,4.0,4.0,0,0
5671,4525.0,1.0,71.0,3.0,2.0,7.0,3.0,0.0,2.0,6.0,4.0,0,0
5672,4526.0,2.0,61.0,2.0,2.0,9.0,8.0,0.0,4.0,1.0,4.0,0,0
5673,4527.0,2.0,66.0,2.0,1.0,4.0,3.0,0.0,5.0,2.0,2.0,0,0
5674,4528.0,2.0,25.0,2.0,4.0,5.0,8.0,1.0,4.0,4.0,7.0,-1,-1
5675,4529.0,2.0,61.0,1.0,1.0,5.0,1.0,0.0,4.0,4.0,2.0,0,0
5676,4530.0,2.0,54.0,2.0,4.0,4.0,2.0,1.0,4.0,5.0,8.0,1,1
5677,4531.0,2.0,76.0,4.0,1.0,7.0,1.0,0.0,5.0,2.0,2.0,0,0
5678,4532.0,2.0,61.0,2.0,2.0,2.0,3.0,0.0,3.0,3.0,9.0,1,0
5679,4533.0,2.0,77.0,1.0,1.0,7.0,8.0,0.0,2.0,6.0,2.0,0,0
5680,4534.0,1.0,37.0,4.0,2.0,2.0,6.0,0.0,2.0,4.0,3.0,0,2
5681,7974.0,2.0,41.0,5.0,2.0,4.0,4.0,0.0,4.0,3.0,3.0,0,0
5682,4535.0,2.0,41.0,5.0,2.0,4.0,4.0,0.0,4.0,3.0,3.0,0,0
5683,4536.0,2.0,53.0,2.0,4.0,2.0,5.0,0.0,2.0,4.0,7.0,1,1
5684,4537.0,1.0,37.0,5.0,7.0,3.0,3.0,4.0,3.0,4.0,5.0,-1,-1
5685,4538.0,2.0,57.0,5.0,1.0,2.0,3.0,0.0,3.0,4.0,2.0,0,0
5686,4539.0,2.0,65.0,4.0,1.0,4.0,3.0,0.0,4.0,5.0,2.0,0,0
5687,4540.0,2.0,34.0,4.0,2.0,2.0,5.0,0.0,1.0,8.0,3.0,0,2
5688,4541.0,2.0,65.0,5.0,1.0,2.0,2.0,0.0,3.0,3.0,2.0,0,0
5689,4542.0,2.0,53.0,4.0,4.0,2.0,8.0,1.0,5.0,2.0,9.0,1,1
5690,9531.0,2.0,53.0,4.0,4.0,2.0,8.0,1.0,5.0,2.0,9.0,1,1
5691,4543.0,2.0,33.0,4.0,3.0,2.0,3.0,1.0,2.0,4.0,8.0,1,1
5692,4544.0,2.0,61.0,1.0,2.0,2.0,4.0,0.0,2.0,5.0,4.0,0,0
5693,4545.0,1.0,66.0,2.0,1.0,2.0,3.0,0.0,3.0,4.0,2.0,0,0
5696,4547.0,1.0,46.0,5.0,1.0,1.0,3.0,0.0,1.0,6.0,2.0,0,2
5697,4548.0,1.0,58.0,1.0,1.0,2.0,5.0,0.0,2.0,5.0,2.0,0,0
5698,4549.0,1.0,21.0,4.0,3.0,8.0,8.0,0.0,1.0,6.0,7.0,1,1
5699,4550.0,2.0,57.0,3.0,4.0,9.0,3.0,0.0,1.0,1.0,7.0,1,1
5700,4551.0,2.0,73.0,5.0,2.0,7.0,2.0,0.0,5.0,3.0,4.0,0,0
5701,7976.0,2.0,73.0,5.0,2.0,7.0,2.0,0.0,5.0,3.0,4.0,0,0
5702,4552.0,1.0,37.0,2.0,4.0,2.0,5.0,2.0,2.0,6.0,6.0,1,1
5703,7977.0,1.0,37.0,2.0,4.0,2.0,5.0,2.0,2.0,6.0,6.0,1,1
5704,9562.0,2.0,46.0,3.0,1.0,2.0,2.0,0.0,2.0,4.0,2.0,0,2
5705,4553.0,2.0,57.0,1.0,2.0,2.0,8.0,0.0,4.0,1.0,9.0,1,0
5706,7978.0,2.0,57.0,1.0,2.0,2.0,8.0,0.0,4.0,1.0,9.0,1,0
5707,4554.0,2.0,81.0,4.0,2.0,7.0,2.0,0.0,5.0,2.0,4.0,0,0
5708,7979.0,1.0,29.0,2.0,2.0,3.0,6.0,0.0,1.0,8.0,3.0,0,2
5709,4555.0,1.0,29.0,2.0,2.0,3.0,6.0,0.0,1.0,8.0,3.0,0,2
5710,4556.0,1.0,62.0,3.0,2.0,4.0,2.0,0.0,5.0,3.0,4.0,0,0
5711,7980.0,1.0,62.0,3.0,2.0,4.0,2.0,0.0,5.0,3.0,4.0,0,0
5712,8969.0,1.0,62.0,3.0,2.0,4.0,2.0,0.0,5.0,3.0,4.0,0,0
5713,4557.0,2.0,33.0,2.0,5.0,2.0,8.0,3.0,4.0,5.8,5.0,1,1
5714,4558.0,2.0,73.0,5.0,2.0,7.0,3.0,0.0,4.0,4.0,4.0,0,0
5715,4559.0,1.0,78.0,4.0,1.0,7.0,3.0,0.0,5.0,3.0,2.0,0,0
5716,4560.0,1.0,20.0,2.0,4.0,8.0,1.0,0.0,4.0,6.0,7.0,1,1
5717,9274.0,1.0,20.0,2.0,4.0,8.0,1.0,0.0,4.0,6.0,7.0,1,1
5718,4561.0,2.0,35.0,2.0,1.0,2.0,3.0,0.0,2.0,5.0,1.0,0,2
5719,4562.0,1.0,40.0,3.0,1.0,4.0,2.0,0.0,4.0,4.0,1.0,0,2
5720,4563.0,2.0,56.0,5.0,2.0,2.0,7.0,0.0,1.0,6.0,4.0,0,0
5721,4564.0,2.0,63.0,5.0,2.0,4.0,4.0,0.0,5.0,2.0,4.0,0,0
5722,7981.0,2.0,63.0,5.0,2.0,4.0,4.0,0.0,5.0,2.0,4.0,0,0
5723,4565.0,1.0,38.0,5.0,5.0,2.0,5.0,3.0,2.0,6.0,6.0,1,1
5724,4566.0,2.0,32.0,4.0,5.0,2.0,3.0,3.0,3.0,4.0,5.0,1,1
5725,7982.0,2.0,38.0,2.0,2.0,2.0,8.0,0.0,4.0,4.0,3.0,0,2
5726,4567.0,2.0,38.0,2.0,2.0,2.0,8.0,0.0,4.0,4.0,3.0,0,2
5727,4568.0,2.0,56.0,4.0,3.0,2.0,5.0,0.0,4.0,4.0,7.0,1,0
5728,4569.0,2.0,62.0,5.0,1.0,4.0,1.0,0.0,5.0,1.0,2.0,0,0
5729,4570.0,2.0,34.0,2.0,4.0,2.0,5.0,2.0,2.0,6.0,5.0,1,1
5730,4571.0,1.0,39.0,4.0,5.0,2.0,5.0,3.0,3.0,4.0,5.0,1,1
5731,4572.0,1.0,22.0,4.0,4.0,8.0,5.0,0.0,2.0,4.8,7.0,1,1
5732,4573.0,1.0,71.0,1.0,2.0,7.0,3.0,0.0,4.0,4.0,4.0,0,0
5733,4574.0,2.0,37.0,5.0,3.0,3.0,4.0,1.0,3.0,4.0,6.0,1,1
5734,4575.0,1.0,43.0,3.0,1.0,4.0,3.0,0.0,4.0,4.0,1.0,0,2
5735,4576.0,1.0,54.0,1.0,1.0,2.0,4.0,0.0,3.0,4.0,2.0,0,0
5736,4577.0,1.0,27.0,3.0,1.0,3.0,1.0,0.0,2.0,4.0,1.0,0,2
5737,4578.0,1.0,44.0,3.0,4.0,2.0,7.0,2.0,1.0,8.0,8.0,1,1
5738,4579.0,1.0,70.0,2.0,2.0,7.0,8.0,0.0,5.0,3.0,4.0,0,0
5739,9275.0,2.0,27.0,2.0,2.0,2.0,4.0,0.0,1.0,8.0,3.0,0,2
5741,4581.0,1.0,36.0,2.0,1.0,2.0,4.0,0.0,2.0,6.0,1.0,0,2
5742,7983.0,2.0,39.0,5.0,2.0,3.0,8.0,0.0,1.0,8.0,3.0,0,2
5743,4582.0,2.0,39.0,5.0,2.0,3.0,8.0,0.0,1.0,8.0,3.0,0,2
5746,4584.0,1.0,32.0,4.0,1.0,2.0,3.0,0.0,2.0,5.8,1.0,0,2
5747,4585.0,1.0,27.0,2.0,2.0,2.0,8.0,0.0,2.0,7.0,3.0,0,2
5748,4586.0,2.0,34.0,3.0,2.0,2.0,5.0,0.0,5.0,4.0,3.0,0,2
5749,4587.0,2.0,35.0,2.0,4.0,2.0,5.0,2.0,1.0,8.0,5.0,1,1
5750,4588.0,1.0,57.0,2.0,2.0,3.0,7.0,0.0,2.0,7.0,4.0,0,0
5751,7985.0,1.0,57.0,2.0,2.0,3.0,7.0,0.0,2.0,7.0,4.0,0,0
5752,4589.0,2.0,38.0,4.0,3.0,1.0,8.0,1.0,3.0,4.0,6.0,1,1
5753,7986.0,2.0,34.0,5.0,2.0,2.0,2.0,0.0,4.0,4.0,3.0,0,2
5754,4590.0,2.0,34.0,5.0,2.0,2.0,2.0,0.0,4.0,4.0,3.0,0,2
5755,4591.0,1.0,72.0,5.0,1.0,7.0,2.0,0.0,5.0,2.0,2.0,0,0
5758,4593.0,2.0,56.0,1.0,1.0,4.0,2.0,0.0,5.0,2.0,2.0,0,0
5759,4594.0,2.0,65.0,2.0,2.0,9.0,4.0,0.0,3.0,5.0,4.0,0,0
5760,4595.0,2.0,27.0,2.0,2.0,2.0,2.0,0.0,3.0,5.0,3.0,0,2
5761,4596.0,2.0,50.0,2.0,1.0,4.0,1.0,0.0,4.0,2.0,2.0,0,0
5762,4597.0,2.0,47.0,2.0,1.0,2.0,3.0,0.0,3.0,4.0,2.0,0,0
5763,4598.0,2.0,85.0,5.0,2.0,9.0,2.0,0.0,4.0,3.0,4.0,0,0
5764,7987.0,2.0,85.0,5.0,2.0,9.0,2.0,0.0,4.0,3.0,4.0,0,0
5765,7988.0,1.0,76.0,3.0,2.0,7.0,5.0,0.0,3.0,5.0,4.0,0,0
5766,4599.0,1.0,76.0,3.0,2.0,7.0,5.0,0.0,3.0,5.0,4.0,0,0
5767,4600.0,2.0,29.0,1.0,1.0,2.0,3.0,0.0,2.0,6.0,1.0,0,2
5768,4601.0,1.0,47.0,5.0,1.0,2.0,3.0,0.0,4.0,2.0,2.0,0,0
5769,4602.0,1.0,62.0,4.0,1.0,2.0,5.0,0.0,2.0,7.0,2.0,0,0
5770,4603.0,2.0,54.0,2.0,2.0,2.0,6.0,0.0,3.0,4.0,4.0,0,0
5771,4604.0,2.0,58.0,2.0,2.0,2.0,3.0,0.0,3.0,4.0,4.0,0,0
5772,4605.0,2.0,79.0,4.0,1.0,9.0,8.0,0.0,5.0,3.0,2.0,0,0
5773,4606.0,2.0,34.0,1.0,3.0,3.0,5.0,1.0,1.0,8.0,5.0,1,1
5774,4607.0,2.0,21.0,2.0,3.0,2.0,8.0,1.0,1.0,4.0,5.0,1,1
5775,4608.0,2.0,43.0,3.0,3.0,2.0,8.0,1.0,2.0,4.4,6.0,1,1
5776,4609.0,1.0,43.0,3.0,3.0,1.0,3.0,0.0,4.0,4.0,9.0,1,1
5777,4610.0,2.0,40.0,3.0,1.0,3.0,1.0,0.0,4.0,4.0,1.0,0,2
5778,4611.0,1.0,58.0,4.0,2.0,2.0,1.0,0.0,3.0,5.0,4.0,0,0
5779,4612.0,2.0,52.0,1.0,1.0,3.0,4.0,0.0,2.0,6.0,2.0,0,0
5780,4613.0,2.0,27.0,2.0,3.0,2.0,5.0,1.0,2.0,8.0,5.0,1,1
5781,4614.0,2.0,71.0,2.0,2.0,7.0,8.0,0.0,4.0,4.0,4.0,0,0
5782,4615.0,2.0,63.0,5.0,2.0,4.0,4.0,0.0,4.0,4.0,4.0,0,0
5783,4616.0,2.0,41.0,2.0,4.0,2.0,8.0,2.0,3.0,4.0,6.0,1,1
5784,4617.0,2.0,75.0,2.0,1.0,9.0,2.0,0.0,5.0,3.0,2.0,0,0
5785,9626.0,2.0,75.0,4.0,1.0,7.0,2.0,0.0,5.0,1.0,2.0,0,0
5786,4618.0,2.0,50.0,5.0,1.0,5.0,8.0,0.0,4.0,3.0,2.0,0,0
5787,4619.0,2.0,65.0,3.0,2.0,4.0,6.0,0.0,3.0,6.0,4.0,0,0
5788,7989.0,1.0,31.0,1.0,2.0,2.0,5.0,0.0,1.0,8.0,3.0,0,2
5789,4620.0,1.0,31.0,1.0,2.0,2.0,5.0,0.0,1.0,8.0,3.0,0,2
5790,8971.0,2.0,39.0,3.0,4.0,4.0,2.0,2.0,5.0,2.0,8.0,1,1
5791,9276.0,2.0,39.0,3.0,4.0,4.0,2.0,2.0,5.0,2.0,8.0,1,1
5792,4621.0,2.0,39.0,3.0,4.0,4.0,2.0,2.0,5.0,2.0,8.0,1,1
5793,4622.0,1.0,40.0,2.0,2.0,3.0,6.0,0.0,2.0,6.0,3.0,0,2
5794,4623.0,2.0,32.0,5.0,5.0,2.0,5.0,3.0,2.0,8.0,5.0,1,1
5795,4624.0,2.0,31.0,4.0,2.0,2.0,5.0,0.0,1.0,6.0,3.0,0,2
5796,4625.0,2.0,70.0,5.0,1.0,7.0,7.0,0.0,2.0,6.0,2.0,0,0
5798,4627.0,2.0,35.0,3.0,8.0,9.0,2.0,6.0,3.0,6.0,8.0,-1,-1
5799,4628.0,2.0,37.0,5.0,4.0,2.0,8.0,2.0,1.0,4.0,5.0,1,1
5800,4629.0,2.0,65.0,3.0,1.0,4.0,1.0,0.0,4.0,4.0,2.0,0,0
5801,7990.0,2.0,45.0,2.0,4.0,2.0,4.0,1.0,4.0,3.0,6.0,1,1
5802,4630.0,2.0,45.0,2.0,4.0,2.0,4.0,1.0,4.0,3.0,6.0,1,1
5803,4631.0,1.0,30.0,3.0,1.0,2.0,2.0,0.0,4.0,6.4,1.0,0,2
5804,4632.0,2.0,62.0,5.0,1.0,4.0,2.0,0.0,3.0,8.0,2.0,0,0
5805,4633.0,1.0,47.0,4.0,4.0,4.0,5.0,2.0,1.0,4.0,6.0,1,1
5806,7991.0,1.0,47.0,4.0,4.0,4.0,5.0,2.0,1.0,4.0,6.0,1,1
5807,4634.0,2.0,64.0,5.0,3.0,4.0,1.0,0.0,5.0,3.0,9.0,1,0
5808,4635.0,1.0,47.0,5.0,1.0,2.0,4.0,0.0,3.0,4.0,2.0,0,0
5809,4636.0,1.0,44.0,4.0,3.0,1.0,3.0,1.0,2.0,6.0,5.0,1,1
5810,4637.0,1.0,59.0,2.0,4.0,2.0,4.0,1.0,1.0,3.0,6.0,1,1
5811,4638.0,2.0,71.0,2.0,2.0,7.0,4.0,0.0,5.0,2.0,4.0,0,0
5812,4639.0,2.0,30.0,5.0,2.0,4.0,4.0,0.0,2.0,4.2,3.0,0,2
5813,8972.0,1.0,51.0,4.0,1.0,2.0,6.0,0.0,1.0,8.0,2.0,0,2
5814,4640.0,1.0,51.0,4.0,1.0,2.0,6.0,0.0,1.0,8.0,2.0,0,2
5815,4641.0,2.0,44.0,4.0,1.0,2.0,5.0,0.0,2.0,6.0,1.0,0,2
5816,4642.0,2.0,76.0,3.0,1.0,9.0,2.0,0.0,5.0,2.0,2.0,0,0
5817,4643.0,2.0,41.0,2.0,4.0,2.0,5.0,2.0,2.0,5.0,6.0,1,1
5818,4644.0,1.0,44.0,4.0,2.0,5.0,5.0,0.0,1.0,7.0,9.0,-1,-1
5819,4645.0,2.0,37.0,4.0,4.0,2.0,5.0,2.0,3.0,5.0,5.0,1,1
5820,7992.0,2.0,58.0,5.0,3.0,4.0,2.0,0.0,5.0,4.6,7.0,1,0
5821,8973.0,2.0,58.0,5.0,3.0,4.0,2.0,0.0,5.0,4.0,7.0,1,0
5822,4646.0,2.0,58.0,5.0,3.0,4.0,2.0,0.0,5.0,4.6,7.0,1,0
5823,4647.0,2.0,23.0,2.0,4.0,2.0,8.0,0.0,3.0,3.0,9.0,-1,-1
5824,4648.0,2.0,66.0,2.0,1.0,7.0,8.0,0.0,2.0,6.0,2.0,0,0
5825,4649.0,2.0,56.0,4.0,2.0,2.0,3.0,0.0,3.0,4.0,9.0,1,0
5826,4650.0,2.0,31.0,5.0,4.0,4.0,8.0,2.0,2.0,4.0,5.0,1,1
5827,4651.0,2.0,61.0,2.0,3.0,1.0,3.0,0.0,2.0,3.0,7.0,1,0
5828,4652.0,2.0,46.0,2.0,4.0,2.0,5.0,1.0,3.0,4.0,6.0,1,1
5829,7993.0,2.0,46.0,2.0,4.0,2.0,5.0,1.0,3.0,4.0,6.0,1,1
5830,9277.0,2.0,46.0,2.0,4.0,2.0,5.0,1.0,3.0,4.0,6.0,1,1
5831,4653.0,2.0,64.0,3.0,1.0,6.0,2.0,0.0,4.0,5.0,2.0,0,0
5833,4655.0,2.0,28.0,4.0,2.0,3.0,5.0,0.0,1.0,8.0,3.0,0,2
5834,4656.0,2.0,28.0,2.0,2.0,2.0,5.0,0.0,3.0,4.0,3.0,0,2
5835,4657.0,2.0,51.0,5.0,4.0,2.0,5.0,0.0,1.0,6.0,7.0,1,1
5836,8974.0,2.0,55.0,5.0,4.0,2.0,4.0,0.0,3.0,4.0,7.0,1,1
5837,7994.0,2.0,55.0,5.0,4.0,2.0,4.0,0.0,3.0,4.0,7.0,1,1
5838,4658.0,2.0,55.0,5.0,4.0,2.0,4.0,0.0,3.0,4.0,7.0,1,1
5839,9278.0,2.0,55.0,5.0,4.0,2.0,4.0,0.0,3.0,4.0,7.0,1,1
5840,7995.0,2.0,34.0,3.0,5.0,2.0,4.0,3.0,3.0,4.0,5.0,1,1
5841,4659.0,2.0,34.0,3.0,5.0,2.0,4.0,3.0,3.0,4.0,5.0,1,1
5842,4660.0,2.0,73.0,4.0,1.0,7.0,2.0,0.0,4.0,4.0,2.0,0,0
5844,4661.0,2.0,39.0,2.0,2.0,2.0,8.0,0.0,4.0,4.0,3.0,0,2
5846,4663.0,1.0,22.0,5.0,3.0,2.0,8.0,0.0,4.0,7.0,7.0,1,1
5847,7996.0,1.0,22.0,5.0,3.0,2.0,8.0,0.0,4.0,7.0,7.0,1,1
5848,4664.0,2.0,24.0,4.0,2.0,1.0,1.0,0.0,3.0,4.0,3.0,0,2
5849,8976.0,2.0,72.0,5.0,2.0,7.0,1.0,0.0,5.0,2.0,4.0,0,0
5850,4665.0,2.0,72.0,5.0,2.0,7.0,1.0,0.0,5.0,2.0,4.0,0,0
5851,9279.0,2.0,29.0,2.0,2.0,2.0,3.0,0.0,2.0,6.0,3.0,0,2
5852,7997.0,1.0,47.0,5.0,4.0,2.0,8.0,1.0,3.0,2.0,8.0,1,1
5853,4666.0,1.0,47.0,5.0,4.0,2.0,8.0,1.0,3.0,2.0,8.0,1,1
5854,4667.0,2.0,30.0,5.0,2.0,2.0,4.0,0.0,2.0,7.0,3.0,0,2
5855,7998.0,2.0,30.0,5.0,2.0,2.0,4.0,0.0,2.0,7.0,3.0,0,2
5857,7999.0,1.0,83.0,5.0,1.0,7.0,5.0,0.0,2.0,6.0,2.0,0,0
5858,4669.0,1.0,83.0,5.0,1.0,7.0,5.0,0.0,2.0,6.0,2.0,0,0
5859,4670.0,2.0,70.0,4.0,1.0,7.0,8.0,0.0,5.0,3.0,2.0,0,0
5861,4672.0,1.0,73.0,1.0,2.0,7.0,3.0,0.0,3.0,3.0,4.0,0,0
5863,4673.0,2.0,62.0,3.0,2.0,2.0,5.0,0.0,2.0,4.0,4.0,0,0
5864,8000.0,2.0,62.0,3.0,2.0,2.0,5.0,0.0,2.0,5.2,4.0,0,0
5865,4674.0,2.0,41.0,4.0,4.0,2.0,2.0,2.0,3.0,4.0,5.0,1,1
5866,9628.0,2.0,70.0,4.0,2.0,9.0,3.0,0.0,5.0,3.0,4.0,0,0
5867,4675.0,2.0,67.0,1.0,2.0,7.0,8.0,0.0,4.0,4.0,3.0,0,0
5870,8001.0,2.0,66.0,4.0,2.0,7.0,3.0,0.0,4.0,4.0,4.0,0,0
5871,8002.0,1.0,58.0,2.0,2.0,2.0,5.0,0.0,2.0,6.0,4.0,0,0
5872,4677.0,1.0,58.0,2.0,2.0,2.0,5.0,0.0,2.0,6.0,4.0,0,0
5873,4678.0,2.0,24.0,5.0,3.0,2.0,4.0,0.0,3.0,7.0,7.0,1,1
5874,4679.0,2.0,36.0,5.0,3.0,2.0,4.0,1.0,3.0,6.0,5.0,1,1
5875,4680.0,1.0,80.0,2.0,2.0,7.0,6.0,0.0,5.0,3.0,4.0,0,0
5876,4681.0,2.0,46.0,5.0,2.0,2.0,4.0,0.0,2.0,4.0,4.0,0,0
5877,4682.0,2.0,70.0,4.0,1.0,7.0,2.0,0.0,5.0,3.0,2.0,0,0
5878,4683.0,2.0,55.0,3.0,2.0,1.0,3.0,0.0,1.0,4.0,4.0,0,0
5879,4684.0,2.0,69.0,2.0,1.0,7.0,2.0,0.0,5.0,3.0,2.0,0,0
5880,4685.0,2.0,46.0,2.0,2.0,2.0,5.0,0.0,2.0,6.0,4.0,0,0
5881,4686.0,2.0,71.0,2.0,2.0,7.0,1.0,0.0,4.0,3.0,4.0,0,0
5882,4687.0,2.0,62.0,3.0,1.0,2.0,2.0,0.0,4.0,3.0,2.0,0,0
5883,4688.0,2.0,34.0,3.0,4.0,2.0,5.0,2.0,1.0,7.0,5.0,1,1
5884,9461.0,1.0,25.0,2.0,4.0,2.0,8.0,0.0,4.0,7.0,7.0,1,1
5885,8977.0,1.0,25.0,2.0,4.0,2.0,8.0,0.0,4.0,7.0,7.0,1,1
5886,4689.0,2.0,56.0,5.0,2.0,2.0,5.0,0.0,1.0,2.0,4.0,0,0
5887,4690.0,2.0,46.0,3.0,6.0,2.0,4.0,0.0,2.0,7.0,6.0,-1,-1
5888,9462.0,2.0,46.0,3.0,6.0,2.0,4.0,0.0,2.0,7.0,6.0,-1,-1
5889,4691.0,1.0,77.0,2.0,2.0,7.0,8.0,0.0,5.0,3.0,4.0,0,0
5890,4692.0,2.0,76.0,5.0,1.0,7.0,3.0,0.0,5.0,3.0,2.0,0,0
5891,4693.0,2.0,59.0,5.0,2.0,3.0,5.0,0.0,4.0,3.0,4.0,0,0
5892,4694.0,2.0,77.0,2.0,2.0,7.0,6.0,0.0,2.0,7.0,4.0,0,0
5893,8003.0,2.0,77.0,2.0,2.0,7.0,6.0,0.0,2.0,7.0,4.0,0,0
5894,4695.0,1.0,74.0,3.0,2.0,7.0,4.0,0.0,2.0,6.0,4.0,0,0
5895,8004.0,2.0,47.0,5.0,5.0,9.0,4.0,0.0,3.0,4.0,7.0,1,1
5896,4696.0,2.0,47.0,5.0,5.0,9.0,4.0,0.0,3.0,4.0,7.0,1,1
5897,9463.0,2.0,47.0,5.0,5.0,9.0,4.0,0.0,3.0,4.0,7.0,1,1
5898,8005.0,1.0,77.0,2.0,2.0,7.0,4.0,0.0,4.0,4.0,4.0,0,0
5899,4697.0,1.0,77.0,2.0,2.0,7.0,4.0,0.0,4.0,4.0,4.0,0,0
5900,4698.0,1.0,68.0,5.0,2.0,7.0,2.0,0.0,5.0,2.0,4.0,0,0
5901,8006.0,2.0,52.0,3.0,1.0,2.0,2.0,0.0,3.0,4.0,2.0,0,0
5902,4699.0,2.0,52.0,3.0,1.0,2.0,2.0,0.0,3.0,4.0,2.0,0,0
5903,4700.0,1.0,80.0,5.0,2.0,7.0,8.0,0.0,5.0,3.0,4.0,0,0
5905,4702.0,1.0,78.0,5.0,2.0,7.0,4.0,0.0,4.0,4.0,4.0,0,0
5906,4703.0,2.0,75.0,2.0,1.0,7.0,6.0,0.0,1.0,8.0,2.0,0,0
5907,4704.0,2.0,76.0,5.0,2.0,7.0,5.0,0.0,1.0,8.0,4.0,0,0
5908,8007.0,2.0,76.0,5.0,2.0,7.0,5.0,0.0,1.0,8.0,4.0,0,0
5909,4705.0,1.0,82.0,5.0,2.0,7.0,8.0,0.0,4.0,4.0,4.0,0,0
5910,4706.0,1.0,76.0,5.0,2.0,7.0,8.0,0.0,5.0,3.0,4.0,0,0
5911,4707.0,2.0,76.0,5.0,1.0,7.0,2.0,0.0,5.0,3.0,2.0,0,0
5912,4708.0,2.0,65.0,1.0,4.0,1.0,5.0,0.0,1.0,8.0,7.0,1,1
5913,8008.0,2.0,65.0,1.0,4.0,1.0,5.0,0.0,1.0,8.0,7.0,1,1
5914,8978.0,2.0,65.0,1.0,4.0,1.0,5.0,0.0,1.0,8.0,7.0,1,1
5915,4709.0,2.0,76.0,2.0,2.0,9.0,2.0,0.0,5.0,3.0,4.0,0,0
5916,8009.0,1.0,50.0,4.0,3.0,4.0,5.0,0.0,3.0,4.0,7.0,1,0
5917,4710.0,1.0,50.0,4.0,3.0,4.0,5.0,0.0,3.0,4.0,7.0,1,0
5918,4711.0,1.0,76.0,5.0,2.0,7.0,4.0,0.0,2.0,6.0,4.0,0,0
5919,4712.0,2.0,66.0,5.0,1.0,7.0,2.0,0.0,5.0,3.0,2.0,0,0
5920,4713.0,2.0,30.0,2.0,2.0,2.0,2.0,0.0,5.0,2.0,3.0,0,2
5921,4714.0,1.0,73.0,2.0,2.0,7.0,6.0,0.0,2.0,6.0,4.0,0,0
5922,8010.0,1.0,73.0,2.0,2.0,7.0,6.0,0.0,2.0,6.0,4.0,0,0
5923,8011.0,1.0,75.0,5.0,2.0,7.0,2.0,0.0,5.0,2.0,4.0,0,0
5924,4715.0,1.0,75.0,5.0,2.0,7.0,2.0,0.0,5.0,2.0,4.0,0,0
5925,9629.0,2.0,62.0,4.0,1.0,4.0,2.0,0.0,3.0,6.0,2.0,0,0
5926,4716.0,1.0,73.0,4.0,2.0,1.0,5.0,0.0,1.0,4.4,4.0,0,0
5927,4717.0,2.0,55.0,2.0,4.0,2.0,5.0,0.0,2.0,4.0,7.0,1,1
5928,8979.0,2.0,55.0,2.0,4.0,2.0,5.0,0.0,2.0,4.0,7.0,1,1
5929,4718.0,1.0,75.0,2.0,2.0,7.0,4.0,0.0,5.0,3.0,4.0,0,0
5930,4719.0,2.0,75.0,4.0,2.0,7.0,4.0,0.0,3.0,5.0,4.0,0,0
5931,4720.0,1.0,30.0,4.0,4.0,2.0,8.0,0.0,3.0,6.0,7.0,1,1
5932,4721.0,2.0,52.0,5.0,2.0,4.0,2.0,0.0,4.0,3.0,4.0,0,0
5933,4722.0,2.0,45.0,2.0,2.0,2.0,7.0,0.0,1.0,8.0,4.0,0,2
5934,4723.0,2.0,29.0,4.0,1.0,4.0,1.0,0.0,3.0,7.0,1.0,0,2
5935,4724.0,1.0,78.0,2.0,2.0,7.0,4.0,0.0,2.0,6.0,4.0,0,0
5936,4725.0,2.0,66.0,2.0,1.0,7.0,3.0,0.0,2.0,7.0,2.0,0,0
5937,9563.0,2.0,26.0,2.0,1.0,3.0,4.0,0.0,4.0,4.0,1.0,0,2
5938,9630.0,2.0,26.0,2.0,1.0,3.0,4.0,0.0,4.0,4.0,1.0,0,2
5939,4726.0,1.0,27.0,2.0,1.0,2.0,4.0,0.0,1.0,8.0,1.0,0,2
5940,4727.0,2.0,42.0,5.0,4.0,2.0,5.0,2.0,3.0,2.0,6.0,1,1
5941,4728.0,1.0,68.0,2.0,2.0,7.0,3.0,0.0,4.0,2.0,4.0,0,0
5943,4730.0,1.0,69.0,4.0,2.0,7.0,5.0,0.0,2.0,7.0,4.0,0,0
5944,4731.0,2.0,75.0,4.0,1.0,7.0,2.0,0.0,5.0,3.0,2.0,0,0
5945,4732.0,1.0,69.0,3.0,2.0,7.0,5.0,0.0,2.0,7.0,4.0,0,0
5946,8012.0,1.0,69.0,3.0,2.0,7.0,5.0,0.0,2.0,7.0,4.0,0,0
5947,4733.0,2.0,34.0,4.0,1.0,4.0,2.0,0.0,5.0,2.0,1.0,0,2
5948,4734.0,2.0,66.0,1.0,2.0,7.0,2.0,0.0,5.0,3.0,4.0,0,0
5949,8013.0,1.0,48.0,3.0,5.0,2.0,5.0,3.0,2.0,4.0,6.0,1,1
5950,4735.0,1.0,48.0,3.0,5.0,2.0,5.0,3.0,2.0,4.0,6.0,1,1
5951,4736.0,2.0,55.0,4.0,2.0,2.0,4.0,0.0,2.0,5.0,9.0,1,0
5952,4737.0,2.0,67.0,4.0,2.0,7.0,3.0,0.0,2.0,6.0,4.0,0,0
5953,4738.0,2.0,63.0,5.0,3.0,9.0,5.0,0.0,4.0,4.0,7.0,1,0
5954,4739.0,2.0,58.0,1.0,2.0,9.0,4.0,0.0,4.0,4.0,4.0,0,0
5955,4740.0,2.0,51.0,4.0,4.0,2.0,4.0,2.0,3.0,4.0,8.0,1,1
5956,9280.0,2.0,51.0,4.0,4.0,2.0,4.0,2.0,3.0,4.0,8.0,1,1
5958,4742.0,2.0,39.0,5.0,3.0,1.0,1.0,2.0,1.0,3.0,8.0,1,1
5959,4743.0,2.0,33.0,3.0,4.0,2.0,4.0,2.0,2.0,7.0,8.0,1,1
5960,4744.0,2.0,30.0,3.0,4.0,2.0,4.0,2.0,2.0,4.0,8.0,1,1
5961,4745.0,2.0,60.0,1.0,2.0,4.0,5.0,0.0,2.0,2.0,4.0,0,0
5962,4746.0,1.0,50.0,5.0,4.0,2.0,5.0,1.0,2.0,4.0,7.0,1,1
5963,4747.0,1.0,61.0,2.0,2.0,2.0,6.0,0.0,2.0,6.0,4.0,0,0
5964,4748.0,2.0,76.0,1.0,1.0,9.0,8.0,0.0,5.0,1.0,2.0,0,0
5966,8014.0,1.0,68.0,5.0,2.0,7.0,4.0,0.0,2.0,7.0,4.0,0,0
5967,4750.0,1.0,68.0,5.0,2.0,7.0,4.0,0.0,2.0,7.0,4.0,0,0
5968,8015.0,2.0,41.0,4.0,6.0,2.0,3.0,4.0,3.0,4.0,6.0,2,1
5969,9281.0,2.0,41.0,4.0,6.0,2.0,3.0,4.0,3.0,4.0,6.0,2,1
5970,4751.0,2.0,41.0,4.0,6.0,2.0,3.0,4.0,3.0,4.0,6.0,2,1
5971,9532.0,2.0,41.0,4.0,6.0,2.0,3.0,4.0,3.0,4.0,6.0,2,1
5972,4752.0,1.0,68.0,3.0,2.0,7.0,3.0,0.0,4.0,4.0,4.0,0,0
5973,4753.0,1.0,74.0,5.0,2.0,7.0,3.0,0.0,3.0,5.0,4.0,0,0
5974,4754.0,2.0,62.0,2.0,2.0,2.0,4.0,0.0,3.0,3.0,4.0,0,0
5975,4755.0,2.0,37.0,5.0,3.0,2.0,5.0,1.0,1.0,7.0,5.0,1,1
5976,8016.0,2.0,37.0,5.0,3.0,2.0,5.0,1.0,1.0,7.0,5.0,1,1
5977,4756.0,1.0,24.0,2.0,1.0,2.0,2.0,0.0,3.0,4.0,1.0,0,2
5978,8017.0,2.0,65.0,5.0,2.0,5.0,3.0,0.0,4.0,3.0,4.0,0,0
5979,4757.0,2.0,65.0,5.0,2.0,5.0,3.0,0.0,4.0,3.0,4.0,0,0
5980,4758.0,1.0,46.0,5.0,2.0,2.0,8.0,0.0,1.0,4.0,3.0,0,0
5981,4759.0,2.0,64.0,5.0,1.0,4.0,2.0,0.0,5.0,3.6,2.0,0,0
5982,4760.0,1.0,51.0,2.0,1.0,6.0,1.0,0.0,4.0,4.0,2.0,0,0
5983,8980.0,2.0,58.0,3.0,4.0,4.0,5.0,0.0,5.0,6.0,9.0,1,1
5984,4761.0,2.0,58.0,3.0,4.0,4.0,5.0,0.0,5.0,6.0,9.0,1,1
5985,4762.0,2.0,50.0,5.0,3.0,2.0,5.0,1.0,1.0,4.0,6.0,1,1
5986,4763.0,1.0,70.0,4.0,1.0,7.0,2.0,0.0,4.0,4.0,2.0,0,0
5987,4764.0,1.0,71.0,1.0,2.0,7.0,2.0,0.0,4.0,4.0,4.0,0,0
5988,8018.0,2.0,59.0,3.0,2.0,2.0,8.0,0.0,4.0,3.0,4.0,0,0
5989,4765.0,2.0,59.0,3.0,2.0,2.0,8.0,0.0,4.0,3.0,4.0,0,0
5990,4766.0,2.0,38.0,5.0,2.0,2.0,8.0,0.0,2.0,4.0,3.0,0,2
5991,4767.0,1.0,32.0,3.0,2.0,2.0,6.0,0.0,2.0,6.0,3.0,0,2
5992,4768.0,1.0,61.0,2.0,4.0,4.0,3.0,1.0,4.0,2.0,6.0,1,1
5993,4769.0,2.0,26.0,4.0,2.0,2.0,2.0,0.0,2.0,4.2,3.0,0,2
5994,4770.0,2.0,42.0,4.0,6.0,2.0,2.0,4.0,2.0,3.0,6.0,2,1
5995,4771.0,1.0,46.0,4.0,2.0,2.0,8.0,0.0,1.0,8.0,3.0,0,2
5996,4772.0,1.0,66.0,3.0,2.0,7.0,4.0,0.0,2.0,7.0,4.0,0,0
5997,4773.0,2.0,37.0,2.0,3.0,9.0,8.0,1.0,5.0,3.0,6.0,1,1
5998,4774.0,2.0,32.0,3.0,3.0,5.0,1.0,2.0,4.0,4.0,8.0,1,1
5999,4775.0,2.0,47.0,2.0,3.0,1.0,5.0,0.0,2.0,4.0,7.0,1,1
6000,4776.0,1.0,51.0,5.0,3.0,2.0,8.0,0.0,5.0,5.0,7.0,1,0
6001,4777.0,1.0,27.0,2.0,1.0,2.0,2.0,0.0,2.0,5.2,1.0,0,2
6002,9282.0,2.0,42.0,1.0,4.0,9.0,5.0,2.0,2.0,2.0,6.0,1,1
6003,4778.0,2.0,42.0,1.0,4.0,9.0,5.0,2.0,2.0,2.0,6.0,1,1
6004,8981.0,2.0,46.0,1.0,3.0,3.0,4.0,0.0,3.0,5.4,7.0,1,1
6005,4779.0,2.0,46.0,1.0,3.0,3.0,4.0,0.0,3.0,5.0,7.0,1,1
6007,4781.0,2.0,69.0,5.0,2.0,7.0,4.0,0.0,4.0,4.0,4.0,0,0
6008,4782.0,2.0,41.0,2.0,3.0,1.0,5.0,2.0,1.0,7.0,8.0,1,1
6009,4783.0,1.0,37.0,4.0,4.0,5.0,4.0,2.0,2.0,6.0,8.0,1,1
6010,8019.0,1.0,37.0,4.0,4.0,5.0,4.0,2.0,2.0,6.0,8.0,1,1
6011,8982.0,1.0,37.0,4.0,4.0,5.0,4.0,2.0,2.0,6.0,8.0,1,1
6012,4784.0,2.0,58.0,2.0,4.0,3.0,8.0,0.0,2.0,3.8,7.0,1,1
6013,4785.0,2.0,78.0,2.0,1.0,7.0,8.0,0.0,5.0,1.0,2.0,0,0
6014,9283.0,2.0,27.0,4.0,2.0,1.0,4.0,0.0,3.0,7.0,3.0,0,2
6015,4786.0,2.0,27.0,4.0,2.0,1.0,4.0,0.0,3.0,7.0,3.0,0,2
6016,4787.0,1.0,48.0,2.0,3.0,4.0,2.0,2.0,4.0,4.0,8.0,1,1
6017,4788.0,2.0,56.0,5.0,2.0,2.0,8.0,0.0,1.0,4.0,4.0,0,0
6018,4789.0,1.0,62.0,1.0,1.0,5.0,2.0,0.0,5.0,1.0,2.0,0,0
6019,4790.0,1.0,58.0,2.0,6.0,3.0,7.0,0.0,2.0,4.0,7.0,-1,-1
6020,4791.0,1.0,57.0,1.0,2.0,3.0,5.0,0.0,1.0,6.0,4.0,0,0
6021,4792.0,2.0,33.0,5.0,1.0,2.0,8.0,0.0,4.0,4.0,1.0,0,2
6022,4793.0,2.0,71.0,5.0,1.0,7.0,2.0,0.0,5.0,3.0,2.0,0,0
6023,9284.0,2.0,38.0,4.0,4.0,2.0,5.0,2.0,3.0,4.0,6.0,1,1
6024,4794.0,2.0,38.0,4.0,4.0,2.0,5.0,2.0,3.0,4.0,6.0,1,1
6025,4795.0,2.0,49.0,5.0,4.0,3.0,8.0,2.0,1.0,6.0,6.0,1,1
6026,9285.0,2.0,49.0,5.0,4.0,3.0,8.0,2.0,1.0,6.0,6.0,1,1
6027,8983.0,2.0,49.0,5.0,4.0,3.0,8.0,2.0,1.0,6.0,6.0,1,1
6028,8020.0,2.0,49.0,5.0,4.0,3.0,8.0,2.0,1.0,6.0,6.0,1,1
6029,4796.0,2.0,30.0,2.0,2.0,2.0,4.0,0.0,2.0,4.0,3.0,0,2
6030,8021.0,2.0,30.0,2.0,2.0,2.0,4.0,0.0,2.0,4.0,3.0,0,2
6031,9533.0,2.0,49.0,5.0,3.0,2.0,8.0,0.0,1.0,3.0,7.0,1,1
6032,4797.0,1.0,35.0,1.0,2.0,2.0,5.0,0.0,1.0,7.0,3.0,0,2
6033,4798.0,1.0,37.0,4.0,1.0,4.0,2.0,0.0,4.0,4.0,1.0,0,2
6034,4799.0,1.0,29.0,4.0,5.0,2.0,1.0,3.0,1.0,7.0,8.0,1,1
6035,4800.0,2.0,64.0,4.0,1.0,2.0,3.0,0.0,2.0,4.0,2.0,0,0
6036,4801.0,1.0,26.0,4.0,1.0,8.0,1.0,0.0,3.0,6.0,1.0,0,2
6037,4802.0,1.0,43.0,4.0,1.0,4.0,2.0,0.0,3.0,1.0,1.0,0,0
6039,4804.0,2.0,49.0,5.0,3.0,3.0,6.0,1.0,2.0,6.0,6.0,1,1
6040,4805.0,2.0,26.0,4.0,2.0,2.0,8.0,0.0,2.0,8.0,3.0,0,2
6041,4806.0,1.0,65.0,1.0,2.0,5.0,4.0,0.0,1.0,6.0,4.0,0,0
6042,8022.0,1.0,65.0,1.0,2.0,5.0,4.0,0.0,1.0,6.0,4.0,0,0
6043,4807.0,2.0,72.0,4.0,1.0,7.0,8.0,0.0,3.0,5.0,2.0,0,0
6044,4808.0,1.0,42.0,5.0,1.0,6.0,1.0,0.0,3.0,4.4,1.0,0,2
6045,4809.0,2.0,57.0,2.0,1.0,4.0,1.0,0.0,4.0,4.0,2.0,0,0
6046,8023.0,1.0,78.0,2.0,2.0,7.0,3.0,0.0,5.0,3.0,4.0,0,0
6047,4810.0,1.0,78.0,2.0,2.0,7.0,3.0,0.0,5.0,3.0,4.0,0,0
6048,8984.0,1.0,78.0,2.0,2.0,7.0,3.0,0.0,5.0,3.0,4.0,0,0
6049,4811.0,2.0,76.0,5.0,2.0,7.0,4.0,0.0,2.0,2.0,4.0,0,0
6050,4812.0,1.0,80.0,2.0,1.0,7.0,8.0,0.0,1.0,8.0,2.0,0,0
6052,4814.0,2.0,73.0,2.0,1.0,7.0,2.0,0.0,5.0,3.0,2.0,0,0
6053,8985.0,2.0,51.0,2.0,4.0,2.0,8.0,0.0,5.0,5.4,7.0,1,1
6054,4815.0,2.0,51.0,2.0,4.0,2.0,8.0,0.0,5.0,4.8,7.0,1,1
6055,8986.0,2.0,46.0,2.0,5.0,2.0,5.0,3.0,1.0,7.0,6.0,1,1
6056,8024.0,2.0,46.0,2.0,5.0,2.0,5.0,3.0,1.0,7.0,6.0,1,1
6057,4816.0,1.0,75.0,2.0,2.0,7.0,2.0,0.0,5.0,2.0,4.0,0,0
6058,4817.0,1.0,64.0,5.0,1.0,4.0,2.0,0.0,5.0,1.0,2.0,0,0
6059,4818.0,2.0,74.0,2.0,2.0,7.0,3.0,0.0,4.0,6.0,4.0,0,0
6060,4819.0,2.0,63.0,5.0,1.0,4.0,4.0,0.0,3.0,6.0,2.0,0,0
6061,4820.0,2.0,60.0,5.0,1.0,2.0,3.0,0.0,2.0,4.0,2.0,0,0
6062,4821.0,2.0,77.0,5.0,1.0,7.0,2.0,0.0,5.0,3.0,2.0,0,0
6063,9631.0,1.0,42.0,4.0,2.0,4.0,3.0,0.0,4.0,4.0,3.0,0,0
6064,4822.0,1.0,77.0,2.0,2.0,7.0,5.0,0.0,3.0,5.0,4.0,0,0
6065,4823.0,2.0,84.0,1.0,1.0,7.0,2.0,0.0,5.0,3.0,2.0,0,0
6066,4824.0,1.0,39.0,4.0,4.0,3.0,5.0,2.0,3.0,4.0,6.0,1,1
6067,4825.0,2.0,63.0,2.0,1.0,4.0,1.0,0.0,5.0,3.0,2.0,0,0
6068,4826.0,2.0,60.0,2.0,1.0,2.0,4.0,0.0,4.0,3.8,2.0,0,0
6069,8025.0,1.0,75.0,3.0,2.0,7.0,6.0,0.0,1.0,8.0,4.0,0,0
6070,4827.0,1.0,75.0,3.0,2.0,7.0,6.0,0.0,1.0,8.0,4.0,0,0
6071,4828.0,2.0,27.0,5.0,2.0,2.0,5.0,0.0,2.0,7.0,3.0,0,2
6072,8026.0,2.0,48.0,5.0,4.0,9.0,7.0,2.0,1.0,4.0,6.0,1,1
6073,4829.0,2.0,48.0,5.0,4.0,9.0,7.0,2.0,1.0,4.0,6.0,1,1
6074,4830.0,1.0,72.0,5.0,2.0,7.0,5.0,0.0,3.0,5.0,4.0,0,0
6076,4832.0,1.0,72.0,3.0,1.0,7.0,3.0,0.0,3.0,5.0,2.0,0,0
6077,4833.0,2.0,36.0,2.0,4.0,5.0,6.0,2.0,5.0,4.8,5.0,1,1
6078,4834.0,2.0,27.0,5.0,1.0,2.0,1.0,0.0,1.0,8.0,1.0,0,2
6079,4835.0,2.0,28.0,1.0,3.0,9.0,4.0,1.0,2.0,3.0,5.0,1,1
6080,4836.0,1.0,75.0,2.0,1.0,7.0,2.0,0.0,4.0,5.4,2.0,0,0
6081,4837.0,1.0,63.0,2.0,1.0,4.0,2.0,0.0,4.0,5.0,2.0,0,0
6083,4839.0,2.0,32.0,4.0,2.0,9.0,4.0,0.0,3.0,4.0,3.0,0,2
6084,9464.0,2.0,32.0,4.0,2.0,9.0,4.0,0.0,3.0,4.0,3.0,0,2
6085,4840.0,2.0,61.0,2.0,1.0,4.0,2.0,0.0,5.0,3.0,2.0,0,0
6086,4841.0,2.0,25.0,2.0,3.0,2.0,4.0,1.0,2.0,7.0,5.0,1,1
6087,4842.0,2.0,38.0,1.0,5.0,9.0,4.0,3.0,1.0,6.0,5.0,-1,-1
6088,4843.0,2.0,41.0,4.0,3.0,2.0,8.0,2.0,4.0,4.0,8.0,1,1
6089,4844.0,2.0,53.0,2.0,1.0,2.0,8.0,0.0,2.0,4.0,2.0,0,0
6090,8027.0,1.0,83.0,3.0,2.0,7.0,3.0,0.0,4.0,4.0,4.0,0,0
6091,4845.0,1.0,83.0,3.0,2.0,7.0,3.0,0.0,4.0,4.0,4.0,0,0
6092,4846.0,1.0,71.0,1.0,2.0,7.0,3.0,0.0,2.0,5.0,4.0,0,0
6093,4847.0,2.0,27.0,5.0,2.0,2.0,2.0,0.0,2.0,7.0,3.0,0,2
6094,8028.0,2.0,37.0,4.0,5.0,2.0,4.0,3.0,2.0,4.0,6.0,1,1
6095,4848.0,2.0,37.0,4.0,5.0,2.0,4.0,3.0,2.0,4.0,6.0,1,1
6096,4849.0,2.0,82.0,4.0,1.0,7.0,8.0,0.0,2.0,7.0,2.0,0,0
6097,4850.0,2.0,25.0,2.0,1.0,8.0,8.0,0.0,3.0,6.0,1.0,0,2
6098,8029.0,1.0,68.0,2.0,2.0,2.0,2.0,0.0,3.0,4.0,4.0,0,0
6099,4851.0,1.0,68.0,2.0,2.0,2.0,2.0,0.0,3.0,4.0,4.0,0,0
6100,4852.0,2.0,73.0,5.0,2.0,7.0,3.0,0.0,5.0,2.0,4.0,0,0
6101,4853.0,1.0,50.0,5.0,4.0,2.0,5.0,1.0,3.0,4.0,6.0,1,1
6102,4854.0,2.0,46.0,4.0,1.0,2.0,8.0,0.0,2.0,4.0,2.0,0,2
6103,4855.0,2.0,28.0,4.0,3.0,2.0,8.0,0.0,4.0,4.0,7.0,1,1
6104,4856.0,2.0,29.0,3.0,4.0,2.0,2.0,1.0,2.0,4.0,8.0,1,1
6105,4857.0,2.0,27.0,2.0,1.0,2.0,2.0,0.0,1.0,8.0,1.0,0,2
6106,8030.0,1.0,77.0,1.0,2.0,7.0,5.0,0.0,3.0,5.0,4.0,0,0
6107,4858.0,2.0,28.0,5.0,1.0,2.0,2.0,0.0,3.0,4.0,1.0,0,2
6108,4859.0,2.0,30.0,2.0,3.0,2.0,7.0,1.0,1.0,8.0,5.0,1,1
6109,4860.0,1.0,65.0,3.0,2.0,4.0,5.0,0.0,4.0,2.0,4.0,0,0
6110,4861.0,2.0,60.0,2.0,1.0,2.0,2.0,0.0,3.0,3.0,2.0,0,0
6111,4862.0,1.0,26.0,2.0,1.0,2.0,2.0,0.0,3.0,4.0,1.0,0,2
6112,4863.0,2.0,26.0,3.0,2.0,2.0,6.0,0.0,3.0,4.0,3.0,0,2
6113,8031.0,2.0,41.0,5.0,4.0,2.0,5.0,2.0,5.0,5.2,6.0,1,1
6114,4864.0,2.0,41.0,5.0,4.0,2.0,5.0,2.0,5.0,5.4,6.0,1,1
6115,4865.0,1.0,53.0,5.0,2.0,2.0,5.0,0.0,4.0,2.0,4.0,0,0
6116,4866.0,1.0,38.0,4.0,6.0,2.0,6.0,4.0,1.0,6.0,5.0,-1,-1
6117,8032.0,2.0,41.0,5.0,4.0,1.0,8.0,2.0,1.0,7.0,6.0,1,1
6118,9286.0,2.0,41.0,5.0,4.0,1.0,8.0,2.0,1.0,7.0,6.0,1,1
6119,4867.0,2.0,41.0,5.0,4.0,1.0,8.0,2.0,1.0,7.0,6.0,1,1
6120,4868.0,2.0,23.0,2.0,3.0,2.0,1.0,0.0,5.0,4.0,9.0,-1,-1
6121,4869.0,2.0,76.0,1.0,2.0,7.0,8.0,0.0,5.0,5.0,4.0,0,0
6122,4870.0,2.0,61.0,5.0,1.0,5.0,1.0,0.0,5.0,1.0,2.0,0,0
6123,4871.0,1.0,64.0,2.0,2.0,7.0,4.0,0.0,5.0,3.0,4.0,0,0
6124,4872.0,1.0,71.0,4.0,2.0,7.0,5.0,0.0,4.0,4.0,4.0,0,0
6125,4873.0,2.0,43.0,2.0,1.0,2.0,2.0,0.0,1.0,8.0,1.0,0,2
6126,4874.0,2.0,41.0,5.0,4.0,9.0,4.0,2.0,3.0,4.0,6.0,1,1
6127,8033.0,2.0,41.0,5.0,4.0,9.0,4.0,2.0,3.0,4.0,6.0,1,1
6128,4875.0,2.0,53.0,5.0,3.0,2.0,5.0,0.0,2.0,6.0,7.0,1,0
6129,4876.0,2.0,25.0,2.0,2.0,8.0,4.0,0.0,3.0,4.6,3.0,0,2
6130,4877.0,1.0,38.0,5.0,5.0,2.0,6.0,3.0,1.0,7.0,5.0,1,1
6131,4878.0,1.0,68.0,1.0,2.0,7.0,4.0,0.0,2.0,6.0,4.0,0,0
6132,4879.0,2.0,68.0,2.0,1.0,7.0,2.0,0.0,2.0,7.0,2.0,0,0
6133,4880.0,2.0,35.0,5.0,2.0,9.0,8.0,0.0,5.0,4.0,3.0,0,2
6134,4881.0,1.0,70.0,5.0,2.0,1.0,7.0,0.0,1.0,7.0,4.0,0,0
6135,4882.0,1.0,29.0,3.0,2.0,2.0,4.0,0.0,2.0,7.0,3.0,0,2
6136,9287.0,2.0,26.0,5.0,5.0,2.0,8.0,0.0,5.0,6.2,7.0,-1,-1
6137,4883.0,2.0,64.0,1.0,1.0,3.0,5.0,0.0,2.0,5.0,2.0,0,0
6138,4884.0,1.0,51.0,1.0,1.0,4.0,5.0,0.0,3.0,7.0,2.0,0,0
6139,4885.0,1.0,40.0,1.0,1.0,2.0,2.0,0.0,4.0,1.0,1.0,0,2
6140,4886.0,2.0,55.0,2.0,2.0,2.0,5.0,0.0,2.0,4.0,4.0,0,0
6141,4887.0,2.0,61.0,5.0,3.0,2.0,2.0,0.0,1.0,2.0,7.0,1,0
6142,4888.0,2.0,57.0,2.0,3.0,2.0,4.0,0.0,3.0,2.0,7.0,1,0
6143,4889.0,2.0,47.0,4.0,3.0,3.0,8.0,0.0,1.0,4.0,7.0,1,1
6146,9632.0,1.0,85.0,2.0,2.0,7.0,3.0,0.0,1.0,8.0,4.0,0,0
6147,4892.0,2.0,73.0,1.0,1.0,7.0,8.0,0.0,5.0,4.0,2.0,0,0
6148,4893.0,2.0,61.0,5.0,2.0,4.0,5.0,0.0,5.0,3.0,4.0,0,0
6149,8034.0,2.0,61.0,5.0,2.0,4.0,5.0,0.0,5.0,3.0,4.0,0,0
6150,4894.0,2.0,69.0,3.0,2.0,1.0,2.0,0.0,5.0,3.0,4.0,0,0
6152,4896.0,2.0,76.0,2.0,2.0,9.0,3.0,0.0,5.0,2.0,4.0,0,0
6153,4897.0,2.0,62.0,4.0,2.0,3.0,8.0,0.0,1.0,7.0,4.0,0,0
6154,8035.0,2.0,62.0,4.0,2.0,3.0,8.0,0.0,1.0,7.0,4.0,0,0
6155,4898.0,1.0,31.0,4.0,2.0,2.0,5.0,0.0,3.0,4.0,3.0,0,2
6156,8036.0,2.0,63.0,5.0,3.0,4.0,4.0,0.0,5.0,2.0,9.0,1,0
6157,4899.0,2.0,63.0,5.0,3.0,4.0,4.0,0.0,5.0,2.0,9.0,1,0
6158,4900.0,2.0,62.0,1.0,1.0,2.0,5.0,0.0,3.0,4.0,2.0,0,0
6159,4901.0,1.0,60.0,5.0,4.0,4.0,4.0,0.0,4.0,5.0,7.0,1,1
6160,4902.0,2.0,50.0,1.0,2.0,2.0,4.0,0.0,4.0,3.0,4.0,0,0
6161,9633.0,1.0,36.0,3.0,1.0,2.0,3.0,0.0,3.0,2.0,1.0,0,2
6162,4903.0,2.0,35.0,5.0,1.0,2.0,2.0,0.0,3.0,4.0,1.0,0,2
6163,4904.0,2.0,47.0,4.0,1.0,3.0,2.0,0.0,2.0,6.0,2.0,0,2
6164,4905.0,2.0,24.0,2.0,1.0,8.0,1.0,0.0,3.0,7.0,1.0,0,2
6165,4906.0,2.0,23.0,1.0,1.0,2.0,3.0,0.0,2.0,7.0,1.0,0,2
6166,4907.0,2.0,27.0,5.0,2.0,2.0,8.0,0.0,1.0,4.0,3.0,0,2
6167,4908.0,2.0,73.0,3.0,1.0,7.0,2.0,0.0,5.0,3.0,2.0,0,0
6168,4909.0,2.0,33.0,2.0,2.0,2.0,8.0,0.0,5.0,4.0,3.0,0,2
6169,4910.0,2.0,53.0,1.0,1.0,4.0,2.0,0.0,4.0,2.0,2.0,0,0
6170,4911.0,2.0,25.0,4.0,1.0,1.0,1.0,0.0,1.0,7.0,1.0,0,2
6171,4912.0,2.0,25.0,3.0,1.0,8.0,1.0,0.0,3.0,4.0,1.0,0,2
6172,4913.0,2.0,20.0,5.0,4.0,8.0,8.0,0.0,3.0,5.2,7.0,1,1
6173,4914.0,1.0,71.0,4.0,2.0,7.0,4.0,0.0,2.0,6.0,4.0,0,0
6174,4915.0,2.0,72.0,1.0,1.0,7.0,8.0,0.0,5.0,3.0,2.0,0,0
6175,4916.0,2.0,49.0,3.0,2.0,2.0,8.0,0.0,4.0,3.6,4.0,0,0
6176,4917.0,1.0,30.0,4.0,1.0,2.0,5.0,0.0,3.0,8.0,1.0,0,2
6177,8037.0,1.0,30.0,4.0,1.0,2.0,5.0,0.0,3.0,8.0,1.0,0,2
6178,4918.0,2.0,47.0,2.0,4.0,2.0,8.0,2.0,4.0,2.0,6.0,1,1
6179,9288.0,2.0,47.0,2.0,4.0,2.0,8.0,2.0,4.0,2.0,6.0,1,1
6180,8038.0,1.0,56.0,2.0,2.0,2.0,5.0,0.0,3.0,4.0,4.0,0,0
6181,4919.0,1.0,56.0,2.0,2.0,2.0,5.0,0.0,3.0,4.0,4.0,0,0
6182,4920.0,2.0,27.0,2.0,5.0,2.0,5.0,2.0,4.0,4.0,5.0,1,1
6183,4921.0,2.0,40.0,4.0,5.0,9.0,6.0,3.0,1.0,4.0,6.0,1,1
6184,4922.0,1.0,29.0,4.0,2.0,2.0,5.0,0.0,1.0,7.0,3.0,0,2
6185,4923.0,2.0,25.0,2.0,2.0,2.0,4.0,0.0,2.0,7.0,3.0,0,2
6186,4924.0,2.0,62.0,4.0,2.0,9.0,2.0,0.0,4.0,1.0,4.0,0,0
6187,4925.0,2.0,41.0,2.0,3.0,2.0,3.0,2.0,2.0,4.0,8.0,1,1
6188,4926.0,1.0,67.0,5.0,2.0,7.0,3.0,0.0,4.0,4.0,4.0,0,0
6189,4927.0,1.0,54.0,5.0,1.0,4.0,2.0,0.0,4.0,4.0,2.0,0,0
6190,4928.0,2.0,31.0,3.0,3.0,2.0,4.0,1.0,2.0,4.0,5.0,1,1
6191,4929.0,2.0,40.0,2.0,1.0,2.0,3.0,0.0,2.0,4.0,1.0,0,2
6192,9465.0,2.0,40.0,2.0,1.0,2.0,3.0,0.0,2.0,4.0,1.0,0,2
6193,4930.0,2.0,32.0,2.0,3.0,2.0,5.0,1.0,3.0,4.0,5.0,1,1
6194,4931.0,2.0,62.0,5.0,1.0,2.0,1.0,0.0,5.0,1.0,2.0,0,0
6195,4932.0,2.0,28.0,5.0,2.0,2.0,8.0,0.0,5.0,6.0,3.0,0,2
6197,8039.0,2.0,70.0,2.0,2.0,7.0,4.0,0.0,5.0,4.0,4.0,0,0
6198,4934.0,2.0,70.0,2.0,2.0,7.0,4.0,0.0,5.0,4.0,4.0,0,0
6199,4935.0,1.0,56.0,2.0,2.0,4.0,2.0,0.0,4.0,4.0,9.0,1,0
6200,8987.0,1.0,56.0,2.0,2.0,4.0,2.0,0.0,4.0,4.0,9.0,1,0
6201,4936.0,2.0,32.0,2.0,2.0,2.0,3.0,0.0,2.0,4.0,3.0,0,2
6202,4937.0,2.0,46.0,5.0,3.0,2.0,7.0,1.0,2.0,7.0,7.0,1,1
6204,4939.0,2.0,62.0,4.0,1.0,4.0,2.0,0.0,5.0,3.0,2.0,0,0
6205,8988.0,1.0,57.0,1.0,3.0,3.0,4.0,1.0,2.0,6.0,6.0,1,1
6206,8040.0,1.0,57.0,1.0,3.0,3.0,4.0,1.0,2.0,6.0,6.0,1,1
6207,4940.0,1.0,57.0,1.0,3.0,3.0,4.0,1.0,2.0,6.0,6.0,1,1
6208,8041.0,2.0,27.0,4.0,2.0,2.0,6.0,0.0,1.0,8.0,3.0,0,2
6209,4941.0,2.0,27.0,4.0,2.0,2.0,6.0,0.0,1.0,8.0,3.0,0,2
6210,4942.0,2.0,58.0,5.0,2.0,2.0,7.0,0.0,1.0,5.0,4.0,0,0
6211,4943.0,1.0,36.0,5.0,4.0,3.0,5.0,2.0,2.0,4.0,6.0,1,1
6212,4944.0,1.0,69.0,2.0,2.0,7.0,2.0,0.0,4.0,4.0,4.0,0,0
6213,8042.0,1.0,69.0,2.0,2.0,7.0,2.0,0.0,4.0,4.0,4.0,0,0
6214,4945.0,2.0,58.0,4.0,1.0,2.0,1.0,0.0,4.0,1.0,2.0,0,0
6215,4946.0,2.0,34.0,2.0,2.0,8.0,5.0,0.0,2.0,7.0,3.0,0,2
6216,8043.0,2.0,34.0,2.0,2.0,8.0,5.0,0.0,2.0,7.0,3.0,0,2
6217,4947.0,1.0,58.0,2.0,4.0,2.0,6.0,0.0,1.0,8.0,7.0,1,1
6218,4948.0,2.0,50.0,2.0,4.0,2.0,5.0,2.0,3.0,4.0,6.0,1,1
6219,8989.0,2.0,50.0,2.0,4.0,2.0,5.0,2.0,3.0,4.0,6.0,1,1
6220,4949.0,1.0,49.0,2.0,2.0,2.0,8.0,0.0,3.0,4.0,9.0,1,0
6221,9555.0,2.0,52.0,4.0,4.0,4.0,5.0,0.0,3.0,4.0,7.0,1,1
6222,4950.0,2.0,52.0,4.0,4.0,4.0,5.0,0.0,3.0,4.0,7.0,1,1
6223,9466.0,2.0,52.0,4.0,4.0,4.0,5.0,0.0,3.0,4.0,7.0,1,1
6224,4951.0,1.0,45.0,3.0,1.0,2.0,3.0,0.0,2.0,4.0,2.0,0,2
6225,4952.0,2.0,66.0,1.0,2.0,9.0,2.0,0.0,5.0,2.0,4.0,0,0
6226,4953.0,1.0,60.0,4.0,1.0,2.0,2.0,0.0,2.0,4.0,2.0,0,0
6227,4954.0,1.0,38.0,1.0,1.0,3.0,5.0,0.0,1.0,8.0,1.0,0,2
6228,4955.0,2.0,58.0,5.0,2.0,9.0,8.0,0.0,4.0,4.0,4.0,0,0
6229,4956.0,2.0,38.0,5.0,1.0,2.0,4.0,0.0,2.0,4.0,1.0,0,2
6230,4957.0,2.0,64.0,4.0,2.0,9.0,3.0,0.0,5.0,2.0,4.0,0,0
6231,4958.0,2.0,60.0,1.0,2.0,2.0,4.0,0.0,3.0,4.0,4.0,0,0
6232,4959.0,1.0,70.0,1.0,2.0,7.0,8.0,0.0,5.0,2.0,4.0,0,0
6233,8044.0,1.0,70.0,1.0,2.0,7.0,8.0,0.0,5.0,2.0,4.0,0,0
6234,4960.0,2.0,51.0,2.0,3.0,2.0,6.0,0.0,1.0,4.0,7.0,1,0
6235,4961.0,2.0,69.0,2.0,2.0,7.0,8.0,0.0,4.0,4.0,4.0,0,0
6236,8045.0,2.0,69.0,2.0,2.0,7.0,8.0,0.0,4.0,4.0,4.0,0,0
6237,4962.0,1.0,53.0,5.0,4.0,2.0,3.0,2.0,4.0,3.0,6.0,1,1
6238,4963.0,1.0,48.0,2.0,3.0,2.0,8.0,0.0,2.0,4.0,7.0,1,0
6239,4964.0,1.0,31.0,4.0,2.0,2.0,5.0,0.0,2.0,4.0,3.0,0,2
6240,4965.0,2.0,47.0,4.0,4.0,9.0,8.0,0.0,5.0,2.0,7.0,1,1
6241,4966.0,1.0,25.0,5.0,1.0,2.0,1.0,0.0,2.0,5.2,1.0,0,2
6242,4967.0,2.0,25.0,1.0,2.0,2.0,3.0,0.0,2.0,7.0,3.0,0,2
6243,8046.0,2.0,63.0,3.0,2.0,9.0,3.0,0.0,5.0,2.0,4.0,0,0
6248,4971.0,2.0,64.0,5.0,1.0,4.0,1.0,0.0,3.0,5.0,2.0,0,0
6249,4972.0,2.0,53.0,2.0,5.0,9.0,4.0,0.0,3.0,4.0,7.0,1,1
6250,9467.0,2.0,53.0,2.0,5.0,9.0,4.0,0.0,3.0,4.0,7.0,1,1
6251,8990.0,2.0,53.0,2.0,5.0,9.0,4.0,0.0,3.0,4.0,7.0,1,1
6252,8048.0,2.0,53.0,2.0,5.0,9.0,4.0,0.0,3.0,4.0,7.0,1,1
6253,9289.0,2.0,53.0,2.0,5.0,9.0,4.0,0.0,3.0,4.0,7.0,1,1
6254,4973.0,2.0,35.0,1.0,1.0,2.0,8.0,0.0,3.0,3.0,1.0,0,2
6256,8050.0,2.0,52.0,4.0,2.0,9.0,4.0,0.0,4.0,3.0,4.0,0,0
6257,4974.0,2.0,52.0,4.0,2.0,9.0,4.0,0.0,4.0,3.0,4.0,0,0
6258,4975.0,2.0,27.0,4.0,1.0,2.0,2.0,0.0,1.0,8.0,1.0,0,2
6259,8051.0,2.0,42.0,2.0,4.0,1.0,8.0,2.0,1.0,6.0,6.0,1,1
6260,4976.0,2.0,42.0,2.0,4.0,1.0,8.0,2.0,1.0,6.0,6.0,1,1
6261,4977.0,2.0,58.0,2.0,2.0,4.0,4.0,0.0,2.0,3.0,4.0,0,0
6263,9634.0,1.0,63.0,4.0,4.0,4.0,2.0,2.0,4.0,4.0,6.0,1,1
6265,4978.0,2.0,23.0,2.0,3.0,8.0,8.0,0.0,5.0,6.0,7.0,1,1
6268,4980.0,2.0,65.0,2.0,2.0,2.0,5.0,0.0,5.0,5.0,4.0,0,0
6269,8055.0,2.0,65.0,2.0,2.0,2.0,5.0,0.0,5.0,5.0,4.0,0,0
6271,4982.0,2.0,45.0,4.0,4.0,2.0,6.0,2.0,2.0,4.0,6.0,1,1
6275,4984.0,1.0,56.0,2.0,1.0,2.0,3.0,0.0,3.0,4.0,2.0,0,0
6276,8057.0,2.0,58.0,3.0,3.0,2.0,2.0,0.0,5.0,2.0,7.0,1,0
6282,4987.0,2.0,55.0,4.0,3.0,2.0,4.0,0.0,5.0,3.0,7.0,1,0
6283,8061.0,2.0,55.0,4.0,3.0,2.0,4.0,0.0,5.0,3.0,7.0,1,0
6284,9290.0,2.0,55.0,4.0,3.0,2.0,4.0,0.0,5.0,3.0,7.0,1,0
6285,8062.0,2.0,28.0,2.0,2.0,1.0,6.0,0.0,3.0,7.0,3.0,0,2
6286,4988.0,2.0,43.0,5.0,4.0,2.0,5.0,2.0,3.0,4.0,6.0,1,1
6287,8063.0,2.0,43.0,5.0,4.0,2.0,5.0,2.0,3.0,4.0,6.0,1,1
6292,4992.0,2.0,21.0,2.0,8.0,97.0,7.0,4.0,3.0,5.6,6.0,-1,-1
6293,9291.0,2.0,26.0,2.0,2.0,8.0,3.0,0.0,1.0,6.0,3.0,0,2
6294,4993.0,2.0,26.0,2.0,2.0,8.0,3.0,0.0,1.0,6.0,3.0,0,2
6295,4994.0,2.0,47.0,5.0,1.0,5.0,1.0,0.0,5.0,1.0,2.0,0,0
6296,4995.0,1.0,56.0,1.0,1.0,2.0,2.0,0.0,3.0,7.0,2.0,0,0
6297,4996.0,2.0,66.0,4.0,1.0,6.0,1.0,0.0,5.0,3.0,2.0,0,0
6298,4997.0,2.0,26.0,4.0,4.0,2.0,8.0,0.0,1.0,7.0,7.0,1,1
6299,4998.0,2.0,55.0,5.0,3.0,2.0,4.0,0.0,1.0,3.0,7.0,1,0
6300,4999.0,2.0,71.0,1.0,1.0,7.0,1.0,0.0,5.0,1.0,2.0,0,0
6301,5000.0,1.0,50.0,2.0,4.0,2.0,5.0,2.0,2.0,7.0,6.0,1,1
6302,5001.0,2.0,70.0,4.0,2.0,7.0,4.0,0.0,2.0,4.0,4.0,0,0
6303,8065.0,2.0,70.0,4.0,2.0,7.0,4.0,0.0,2.0,4.0,4.0,0,0
6310,5004.0,1.0,79.0,5.0,2.0,7.0,4.0,0.0,4.0,4.0,4.0,0,0
6312,5006.0,2.0,40.0,1.0,4.0,2.0,4.0,2.0,3.0,4.0,6.0,1,1
6313,8993.0,2.0,40.0,1.0,4.0,2.0,4.0,2.0,3.0,4.0,6.0,1,1
6314,8068.0,2.0,40.0,1.0,4.0,2.0,4.0,2.0,3.0,4.0,6.0,1,1
6315,5007.0,2.0,71.0,1.0,1.0,7.0,3.0,0.0,4.0,4.0,2.0,0,0
6316,5008.0,1.0,43.0,5.0,1.0,5.0,2.0,0.0,3.0,6.0,1.0,0,2
6317,5009.0,2.0,39.0,5.0,3.0,2.0,8.0,1.0,3.0,4.0,6.0,1,1
6319,5011.0,2.0,43.0,2.0,2.0,2.0,5.0,0.0,4.0,4.0,3.0,0,0
6326,5015.0,2.0,62.0,2.0,1.0,6.0,1.0,0.0,4.0,4.0,2.0,0,0
6327,5016.0,2.0,49.0,5.0,4.0,2.0,5.0,0.0,4.0,4.0,7.0,1,1
6328,8994.0,2.0,49.0,5.0,4.0,2.0,5.0,0.0,4.0,4.0,7.0,1,1
6329,8071.0,2.0,77.0,1.0,2.0,7.0,5.0,0.0,2.0,6.0,4.0,0,0
6330,5017.0,2.0,77.0,1.0,2.0,7.0,5.0,0.0,2.0,6.0,4.0,0,0
6331,5018.0,2.0,70.0,2.0,1.0,7.0,2.0,0.0,2.0,7.0,2.0,0,0
6332,5019.0,1.0,80.0,1.0,2.0,7.0,8.0,0.0,5.0,3.0,4.0,0,0
6333,5020.0,2.0,50.0,4.0,4.0,9.0,2.0,2.0,5.0,2.0,6.0,1,1
6335,5022.0,1.0,64.0,4.0,1.0,6.0,1.0,0.0,3.0,6.0,2.0,0,0
6336,5023.0,2.0,51.0,2.0,1.0,3.0,4.0,0.0,2.0,7.0,2.0,0,2
6338,5025.0,1.0,63.0,3.0,3.0,5.0,3.0,1.0,5.0,2.0,6.0,1,0
6339,5026.0,2.0,28.0,2.0,3.0,8.0,6.0,0.0,1.0,6.0,7.0,1,1
6345,5029.0,2.0,45.0,2.0,3.0,2.0,2.0,1.0,5.0,3.0,6.0,1,1
6346,5030.0,1.0,71.0,4.0,1.0,7.0,4.0,0.0,4.0,4.0,2.0,0,0
6347,5031.0,2.0,80.0,1.0,1.0,7.0,2.0,0.0,5.0,4.6,2.0,0,0
6348,8073.0,2.0,46.0,3.0,3.0,2.0,2.0,2.0,2.0,4.0,8.0,1,1
6349,5032.0,2.0,50.0,4.0,6.0,1.0,8.0,3.0,1.0,5.0,6.0,1,1
6350,8074.0,2.0,53.0,4.0,4.0,9.0,6.0,1.0,2.0,3.0,6.0,1,1
6353,5034.0,2.0,53.0,2.0,3.0,2.0,4.0,1.0,2.0,5.0,9.0,1,1
6354,8996.0,2.0,53.0,2.0,3.0,2.0,4.0,1.0,2.0,5.0,9.0,1,1
6355,8076.0,2.0,53.0,2.0,3.0,2.0,4.0,1.0,2.0,5.0,9.0,1,1
6356,5035.0,1.0,46.0,2.0,4.0,2.0,5.0,1.0,3.0,4.0,7.0,1,1
6360,5037.0,2.0,27.0,2.0,3.0,2.0,8.0,0.0,5.0,7.0,7.0,1,1
6362,5039.0,2.0,50.0,5.0,3.0,2.0,8.0,0.0,1.0,4.0,7.0,1,1
6363,5040.0,2.0,63.0,1.0,1.0,3.0,4.0,0.0,4.0,3.0,2.0,0,0
6364,5041.0,2.0,55.0,4.0,5.0,4.0,4.0,0.0,3.0,3.0,7.0,1,1
6365,8079.0,2.0,55.0,4.0,5.0,4.0,4.0,0.0,3.0,3.0,7.0,1,1
6366,5042.0,2.0,74.0,2.0,2.0,7.0,3.0,0.0,5.0,3.0,4.0,0,0
6369,5044.0,1.0,34.0,4.0,2.0,2.0,8.0,0.0,3.0,4.0,3.0,0,2
6370,5045.0,2.0,53.0,5.0,2.0,4.0,8.0,0.0,4.0,1.0,4.0,0,0
6374,5046.0,1.0,57.0,1.0,4.0,2.0,4.0,1.0,4.0,2.0,7.0,1,1
6375,9469.0,1.0,57.0,1.0,4.0,2.0,4.0,1.0,4.0,2.0,7.0,1,1
6376,9294.0,1.0,57.0,1.0,4.0,2.0,4.0,1.0,4.0,2.0,7.0,1,1
6377,5047.0,2.0,59.0,1.0,3.0,4.0,4.0,0.0,4.0,2.0,7.0,1,0
6378,8997.0,2.0,59.0,1.0,3.0,4.0,4.0,0.0,4.0,2.0,7.0,1,0
6382,5049.0,2.0,64.0,5.0,2.0,2.0,7.0,0.0,1.0,4.0,4.0,0,0
6383,5050.0,2.0,34.0,4.0,5.0,2.0,8.0,3.0,5.0,4.0,6.0,1,1
6384,5051.0,2.0,41.0,2.0,4.0,2.0,4.0,2.0,4.0,4.0,6.0,1,1
6387,8999.0,2.0,70.0,3.0,1.0,2.0,2.0,0.0,3.0,4.0,2.0,0,0
6388,5053.0,2.0,54.0,2.0,1.0,2.0,3.0,0.0,3.0,4.0,2.0,0,0
6389,9534.0,2.0,56.0,2.0,5.0,9.0,3.0,0.0,5.0,2.0,7.0,1,1
6390,8086.0,2.0,56.0,2.0,5.0,9.0,3.0,0.0,5.0,2.0,7.0,1,1
6391,8087.0,2.0,67.0,3.0,2.0,9.0,3.0,0.0,5.0,3.0,4.0,0,0
6392,5054.0,2.0,67.0,3.0,2.0,9.0,3.0,0.0,5.0,3.0,4.0,0,0
6393,5055.0,2.0,58.0,2.0,1.0,6.0,2.0,0.0,4.0,4.0,2.0,0,0
6394,9470.0,2.0,43.0,2.0,4.0,2.0,5.0,1.0,3.0,4.0,8.0,1,1
6395,5056.0,2.0,43.0,2.0,4.0,2.0,5.0,1.0,3.0,4.0,8.0,1,1
6396,8088.0,2.0,43.0,2.0,4.0,2.0,5.0,1.0,3.0,4.0,8.0,1,1
6397,9295.0,2.0,43.0,2.0,4.0,2.0,5.0,1.0,3.0,4.0,8.0,1,1
6398,5057.0,2.0,51.0,5.0,3.0,4.0,2.0,1.0,5.0,3.0,9.0,1,1
6399,5058.0,1.0,84.0,4.0,2.0,7.0,2.0,0.0,4.0,4.0,4.0,0,0
6400,5059.0,2.0,48.0,1.0,3.0,2.0,4.0,1.0,3.0,4.0,8.0,1,1
6403,5062.0,2.0,61.0,3.0,1.0,2.0,4.0,0.0,3.0,4.0,2.0,0,0
6404,8089.0,2.0,58.0,2.0,2.0,9.0,4.0,0.0,4.0,2.0,4.0,0,0
6405,5063.0,2.0,54.0,2.0,3.0,2.0,3.0,0.0,2.0,5.0,9.0,1,1
6406,5064.0,2.0,64.0,4.0,1.0,5.0,2.0,0.0,4.0,5.0,2.0,0,0
6407,9296.0,2.0,56.0,5.0,4.0,3.0,5.0,0.0,2.0,4.0,7.0,1,1
6408,9471.0,2.0,56.0,5.0,4.0,3.0,5.0,0.0,2.0,4.0,7.0,1,1
6409,8090.0,2.0,56.0,5.0,4.0,3.0,5.0,0.0,2.0,4.0,7.0,1,1
6410,5065.0,2.0,56.0,5.0,4.0,3.0,5.0,0.0,2.0,4.0,7.0,1,1
6413,5067.0,2.0,60.0,1.0,1.0,4.0,8.0,0.0,3.0,6.0,2.0,0,0
6414,5068.0,1.0,37.0,2.0,1.0,2.0,2.0,0.0,2.0,6.0,1.0,0,2
6415,9472.0,2.0,52.0,3.0,2.0,4.0,3.0,1.0,4.0,4.0,8.0,1,0
6416,5069.0,2.0,52.0,3.0,2.0,4.0,3.0,1.0,4.0,4.0,8.0,1,0
6417,5070.0,2.0,69.0,5.0,1.0,7.0,3.0,0.0,2.0,7.0,2.0,0,0
6422,9297.0,2.0,58.0,1.0,3.0,2.0,8.0,0.0,4.0,2.0,7.0,1,0
6423,5073.0,2.0,58.0,1.0,3.0,2.0,8.0,0.0,4.0,2.0,7.0,1,0
6424,8093.0,2.0,58.0,1.0,3.0,2.0,8.0,0.0,4.0,2.0,7.0,1,0
6426,8094.0,2.0,43.0,3.0,5.0,1.0,8.0,2.0,3.0,4.0,6.0,1,1
6427,5074.0,1.0,84.0,3.0,2.0,7.0,2.0,0.0,5.0,1.0,4.0,0,0
6429,9000.0,1.0,69.0,2.0,2.0,7.0,4.0,0.0,5.0,2.0,4.0,0,0
6430,5076.0,1.0,69.0,2.0,2.0,7.0,4.0,0.0,5.0,2.0,4.0,0,0
6431,5077.0,1.0,69.0,3.0,2.0,7.0,5.0,0.0,4.0,4.0,4.0,0,0
6432,5078.0,2.0,59.0,5.0,2.0,3.0,6.0,0.0,3.0,4.0,4.0,0,0
6433,8095.0,2.0,59.0,5.0,2.0,3.0,6.0,0.0,3.0,4.0,4.0,0,0
6434,5079.0,1.0,51.0,4.0,1.0,4.0,2.0,0.0,4.0,4.0,2.0,0,0
6441,5083.0,1.0,57.0,2.0,2.0,2.0,5.0,0.0,2.0,4.0,4.0,0,0
6442,5084.0,2.0,45.0,2.0,2.0,2.0,8.0,0.0,1.0,2.0,4.0,0,0
6443,5085.0,1.0,31.0,2.0,2.0,2.0,3.0,0.0,3.0,4.0,3.0,0,2
6444,5086.0,2.0,43.0,2.0,2.0,5.0,4.0,0.0,4.0,3.0,3.0,0,0
6445,5087.0,1.0,77.0,5.0,2.0,7.0,3.0,0.0,5.0,2.0,4.0,0,0
6446,5088.0,1.0,87.0,4.0,2.0,7.0,4.0,0.0,2.0,7.0,4.0,0,0
6447,5089.0,2.0,28.0,5.0,2.0,2.0,4.0,1.0,2.0,6.0,8.0,1,1
6450,5091.0,2.0,77.0,1.0,1.0,7.0,2.0,0.0,5.0,2.0,2.0,0,0
6451,5092.0,1.0,56.0,5.0,1.0,2.0,3.0,0.0,2.0,5.0,2.0,0,0
6452,5093.0,1.0,78.0,2.0,2.0,7.0,4.0,0.0,2.0,5.0,4.0,0,0
6453,5094.0,2.0,48.0,4.0,1.0,3.0,4.0,0.0,2.0,6.0,2.0,0,2
6454,5095.0,2.0,73.0,4.0,2.0,7.0,2.0,0.0,5.0,7.0,4.0,0,0
6455,5096.0,2.0,44.0,4.0,4.0,9.0,3.0,1.0,4.0,4.0,6.0,1,1
6456,8098.0,2.0,44.0,4.0,4.0,9.0,3.0,1.0,4.0,4.0,6.0,1,1
6457,5097.0,2.0,49.0,5.0,2.0,6.0,1.0,0.0,5.0,3.0,9.0,1,0
6458,8099.0,2.0,49.0,5.0,2.0,6.0,1.0,0.0,5.0,3.0,9.0,1,0
6459,5098.0,2.0,52.0,2.0,1.0,2.0,3.0,0.0,3.0,4.0,2.0,0,0
6460,9002.0,2.0,43.0,4.0,5.0,3.0,8.0,3.0,1.0,6.0,5.0,1,1
6461,8100.0,2.0,43.0,4.0,5.0,3.0,8.0,3.0,1.0,6.0,5.0,1,1
6462,5099.0,2.0,43.0,4.0,5.0,3.0,8.0,3.0,1.0,6.0,5.0,1,1
6463,5100.0,1.0,63.0,5.0,2.0,7.0,3.0,0.0,5.0,2.0,4.0,0,0
6464,5101.0,2.0,29.0,5.0,1.0,2.0,2.0,0.0,3.0,4.0,1.0,0,2
6465,9003.0,2.0,29.0,5.0,1.0,2.0,2.0,0.0,3.0,4.0,1.0,0,2
6468,8101.0,2.0,62.0,4.0,2.0,4.0,3.0,0.0,4.0,3.0,4.0,0,0
6469,5104.0,2.0,62.0,4.0,2.0,4.0,3.0,0.0,4.0,3.0,4.0,0,0
6474,8104.0,2.0,52.0,5.0,2.0,9.0,4.0,0.0,4.0,3.0,4.0,0,0
6475,5107.0,2.0,52.0,5.0,2.0,9.0,4.0,0.0,4.0,3.0,4.0,0,0
6478,8106.0,2.0,58.0,3.0,2.0,2.0,4.0,0.0,2.0,5.0,4.0,0,0
6479,8107.0,2.0,42.0,2.0,3.0,2.0,5.0,1.0,2.0,3.0,6.0,1,1
6480,9299.0,2.0,42.0,2.0,3.0,2.0,5.0,1.0,2.0,3.0,6.0,1,1
6482,5110.0,2.0,51.0,5.0,4.0,2.0,3.0,0.0,2.0,4.0,7.0,1,1
6483,8108.0,2.0,51.0,5.0,4.0,2.0,3.0,0.0,2.0,4.0,7.0,1,1
6484,9300.0,2.0,51.0,5.0,4.0,2.0,3.0,0.0,2.0,4.0,7.0,1,1
6485,9474.0,2.0,51.0,5.0,4.0,2.0,3.0,0.0,2.0,4.0,7.0,1,1
6487,8109.0,1.0,50.0,3.0,2.0,2.0,4.0,0.0,2.0,5.0,4.0,0,0
6488,5112.0,1.0,50.0,3.0,2.0,2.0,4.0,0.0,2.0,5.0,4.0,0,0
6492,5114.0,2.0,47.0,2.0,3.0,4.0,8.0,0.0,3.0,4.0,7.0,1,1
6493,5115.0,2.0,45.0,4.0,5.0,2.0,4.0,3.0,3.0,5.0,6.0,1,1
6494,5116.0,1.0,42.0,5.0,4.0,3.0,5.0,2.0,2.0,8.0,8.0,1,1
6495,8111.0,1.0,38.0,2.0,3.0,9.0,4.0,1.0,1.0,4.0,6.0,1,1
6497,5117.0,2.0,24.0,5.0,3.0,2.0,2.0,0.0,5.0,7.0,7.0,1,1
6499,5119.0,2.0,79.0,2.0,1.0,7.0,4.0,0.0,2.0,6.0,2.0,0,0
6500,5120.0,1.0,66.0,1.0,3.0,7.0,5.0,0.0,4.0,4.0,9.0,1,0
6501,5121.0,2.0,46.0,5.0,4.0,2.0,8.0,2.0,3.0,2.0,6.0,1,1
6503,8114.0,2.0,56.0,4.0,4.0,9.0,4.0,0.0,3.0,3.0,7.0,1,1
6508,5125.0,2.0,48.0,5.0,2.0,4.0,3.0,0.0,5.0,3.0,4.0,0,0
6509,5126.0,1.0,66.0,5.0,1.0,7.0,3.0,0.0,2.0,6.0,2.0,0,0
6510,5127.0,2.0,30.0,5.0,2.0,2.0,6.0,0.0,2.0,4.0,3.0,0,2
6514,5128.0,2.0,37.0,2.0,4.0,2.0,6.0,2.0,2.0,8.0,5.0,1,1
6515,5129.0,2.0,50.0,5.0,2.0,2.0,2.0,0.0,2.0,4.0,9.0,1,0
6516,5130.0,1.0,54.0,3.0,1.0,5.0,1.0,0.0,5.0,2.0,2.0,0,0
6517,5131.0,2.0,73.0,1.0,2.0,7.0,4.0,0.0,3.0,5.0,4.0,0,0
6518,8117.0,1.0,49.0,4.0,4.0,2.0,5.0,1.0,2.0,4.0,9.0,1,1
6519,5132.0,1.0,49.0,4.0,4.0,2.0,5.0,1.0,2.0,4.0,9.0,1,1
6520,5133.0,2.0,30.0,4.0,3.0,2.0,4.0,1.0,3.0,8.0,5.0,1,1
6521,5134.0,1.0,69.0,4.0,2.0,7.0,2.0,0.0,5.0,2.0,4.0,0,0
6522,5135.0,2.0,41.0,2.0,1.0,2.0,6.0,0.0,1.0,8.0,1.0,0,2
6523,5136.0,2.0,64.0,2.0,2.0,9.0,8.0,0.0,5.0,3.0,4.0,0,0
6524,8118.0,2.0,64.0,2.0,2.0,9.0,8.0,0.0,5.0,3.0,4.0,0,0
6525,5137.0,1.0,67.0,1.0,2.0,7.0,3.0,0.0,5.0,2.0,4.0,0,0
6526,8119.0,1.0,67.0,1.0,2.0,7.0,3.0,0.0,5.0,2.0,4.0,0,0
6527,5138.0,1.0,62.0,3.0,2.0,2.0,5.0,0.0,3.0,4.0,4.0,0,0
6530,5141.0,2.0,63.0,4.0,2.0,3.0,8.0,0.0,1.0,8.0,4.0,0,0
6531,8120.0,2.0,63.0,4.0,2.0,3.0,8.0,0.0,1.0,8.0,4.0,0,0
6532,5142.0,1.0,54.0,3.0,3.0,2.0,4.0,0.0,4.0,2.0,7.0,1,0
6533,5143.0,1.0,45.0,4.0,5.0,2.0,6.0,3.0,1.0,7.0,6.0,1,1
6534,8121.0,2.0,51.0,2.0,4.0,2.0,8.0,0.0,4.0,2.0,7.0,1,1
6535,8122.0,2.0,71.0,5.0,2.0,7.0,3.0,0.0,2.0,6.0,4.0,0,0
6536,5144.0,2.0,71.0,5.0,2.0,7.0,3.0,0.0,2.0,6.0,4.0,0,0
6538,5146.0,1.0,66.0,2.0,2.0,2.0,8.0,0.0,5.0,2.0,4.0,0,0
6539,5147.0,1.0,51.0,5.0,1.0,1.0,5.0,0.0,1.0,7.0,2.0,0,2
6540,5148.0,2.0,24.0,2.0,5.0,8.0,4.0,1.0,3.0,5.0,7.0,-1,-1
6541,5149.0,1.0,77.0,5.0,2.0,7.0,5.0,0.0,2.0,6.0,4.0,0,0
6542,5150.0,1.0,35.0,4.0,2.0,2.0,4.0,0.0,2.0,4.0,3.0,0,2
6543,5151.0,2.0,73.0,3.0,1.0,7.0,8.0,0.0,2.0,6.0,2.0,0,0
6544,5152.0,2.0,35.0,3.0,2.0,2.0,8.0,0.0,3.0,4.0,3.0,0,2
6545,5153.0,2.0,83.0,2.0,2.0,9.0,2.0,0.0,5.0,2.0,4.0,0,0
6546,5154.0,2.0,74.0,2.0,1.0,7.0,4.0,0.0,2.0,6.0,2.0,0,0
6547,5155.0,2.0,34.0,2.0,4.0,4.0,5.0,2.0,2.0,1.0,5.0,1,1
6548,8123.0,2.0,36.0,5.0,2.0,2.0,8.0,0.0,2.0,5.0,3.0,0,2
6549,5156.0,2.0,36.0,5.0,2.0,2.0,8.0,0.0,2.0,5.0,3.0,0,2
6550,8124.0,2.0,62.0,2.0,2.0,4.0,3.0,0.0,2.0,4.0,4.0,0,0
6551,5157.0,2.0,62.0,2.0,2.0,4.0,3.0,0.0,2.0,4.0,4.0,0,0
6552,5158.0,2.0,51.0,4.0,2.0,4.0,7.0,0.0,1.0,4.0,4.0,0,0
6553,5159.0,2.0,47.0,5.0,2.0,2.0,5.0,0.0,3.0,4.0,4.0,0,0
6554,5160.0,2.0,44.0,4.0,1.0,6.0,2.0,0.0,4.0,4.0,1.0,0,2
6555,5161.0,2.0,70.0,2.0,1.0,7.0,2.0,0.0,4.0,4.0,2.0,0,0
6556,5162.0,2.0,43.0,4.0,1.0,4.0,2.0,0.0,3.0,4.0,1.0,0,2
6557,5163.0,2.0,60.0,4.0,2.0,2.0,6.0,0.0,2.0,4.0,4.0,0,0
6558,8125.0,2.0,42.0,4.0,4.0,2.0,3.0,2.0,4.0,4.0,6.0,1,1
6559,9302.0,2.0,42.0,4.0,4.0,2.0,3.0,2.0,4.0,4.0,6.0,1,1
6560,5164.0,2.0,42.0,4.0,4.0,2.0,3.0,2.0,4.0,4.0,6.0,1,1
6561,5165.0,2.0,55.0,5.0,4.0,2.0,6.0,0.0,1.0,4.0,7.0,1,1
6565,5167.0,2.0,43.0,2.0,4.0,2.0,4.0,2.0,3.0,6.0,6.0,1,1
6566,8127.0,2.0,43.0,2.0,4.0,2.0,4.0,2.0,3.0,6.0,6.0,1,1
6568,5168.0,2.0,69.0,3.0,1.0,9.0,2.0,0.0,5.0,4.0,2.0,0,0
6569,5169.0,2.0,41.0,5.0,4.0,2.0,5.0,2.0,3.0,7.0,8.0,1,1
6570,5170.0,2.0,41.0,2.0,3.0,5.0,1.0,2.0,4.0,4.0,8.0,1,1
6571,9304.0,1.0,40.0,4.0,4.0,2.0,5.0,2.0,1.0,8.0,5.0,1,1
6572,5171.0,1.0,40.0,4.0,4.0,2.0,5.0,2.0,1.0,8.0,5.0,1,1
6575,5173.0,2.0,68.0,1.0,2.0,7.0,3.0,0.0,5.0,2.0,4.0,0,0
6576,8130.0,2.0,72.0,2.0,3.0,7.0,8.0,0.0,3.0,4.0,7.0,1,0
6577,5174.0,2.0,72.0,2.0,3.0,7.0,8.0,0.0,3.0,4.0,7.0,1,0
6578,5175.0,2.0,51.0,5.0,2.0,2.0,2.0,0.0,3.0,4.0,4.0,0,0
6579,8131.0,2.0,51.0,5.0,2.0,2.0,2.0,0.0,3.0,4.0,4.0,0,0
6585,5177.0,2.0,64.0,1.0,1.0,2.0,1.0,0.0,3.0,4.0,2.0,0,0
6587,5178.0,2.0,64.0,2.0,2.0,5.0,8.0,0.0,4.0,5.0,4.0,0,0
6588,9006.0,2.0,45.0,3.0,5.0,2.0,3.0,3.0,3.0,4.0,8.0,1,1
6589,8136.0,2.0,45.0,3.0,5.0,2.0,3.0,3.0,3.0,4.0,8.0,1,1
6590,9475.0,2.0,45.0,3.0,5.0,2.0,3.0,3.0,3.0,4.0,8.0,1,1
6591,8137.0,2.0,55.0,4.0,4.0,2.0,6.0,2.0,1.0,8.0,6.0,1,1
6592,5179.0,2.0,55.0,4.0,4.0,2.0,6.0,2.0,1.0,8.0,6.0,1,1
6593,5180.0,2.0,23.0,2.0,1.0,8.0,1.0,0.0,3.0,7.0,1.0,0,2
6595,5182.0,2.0,38.0,5.0,1.0,2.0,8.0,0.0,1.0,8.0,1.0,0,2
6598,5184.0,1.0,56.0,2.0,5.0,3.0,4.0,2.0,2.0,4.0,6.0,1,1
6599,9305.0,1.0,56.0,2.0,5.0,3.0,4.0,2.0,2.0,4.0,6.0,1,1
6600,8139.0,1.0,56.0,2.0,5.0,3.0,4.0,2.0,2.0,4.0,6.0,1,1
6601,5185.0,2.0,46.0,4.0,2.0,2.0,5.0,0.0,1.0,5.0,4.0,0,0
6602,8140.0,2.0,46.0,4.0,2.0,2.0,5.0,0.0,1.0,5.0,4.0,0,0
6603,5186.0,2.0,49.0,2.0,4.0,2.0,4.0,1.0,2.0,5.0,6.0,1,1
6604,8141.0,2.0,49.0,2.0,4.0,2.0,4.0,1.0,2.0,5.0,6.0,1,1
6605,9007.0,2.0,49.0,2.0,4.0,2.0,4.0,1.0,2.0,5.0,6.0,1,1
6606,9306.0,2.0,49.0,2.0,4.0,2.0,4.0,1.0,2.0,5.0,6.0,1,1
6607,5187.0,2.0,40.0,5.0,3.0,9.0,4.0,1.0,3.0,4.0,5.0,1,1
6609,9008.0,2.0,46.0,1.0,2.0,2.0,2.0,0.0,2.0,4.0,3.0,0,0
6610,5189.0,2.0,46.0,1.0,2.0,2.0,2.0,0.0,2.0,4.0,3.0,0,0
6611,8142.0,1.0,53.0,2.0,1.0,2.0,5.0,0.0,4.0,2.0,2.0,0,0
6612,8143.0,2.0,54.0,5.0,2.0,9.0,3.0,0.0,3.0,4.0,4.0,0,0
6613,5190.0,2.0,59.0,2.0,2.0,9.0,4.0,0.0,2.0,4.0,4.0,0,0
6614,8144.0,2.0,33.0,5.0,3.0,3.0,6.0,1.0,1.0,7.0,8.0,1,1
6615,5191.0,2.0,33.0,5.0,3.0,3.0,6.0,1.0,1.0,7.0,8.0,1,1
6616,5192.0,2.0,38.0,4.0,4.0,1.0,2.0,3.0,1.0,4.0,8.0,1,1
6617,8145.0,2.0,70.0,4.0,2.0,9.0,4.0,0.0,4.0,2.0,4.0,0,0
6618,8146.0,2.0,45.0,5.0,4.0,5.0,4.0,1.0,4.0,3.0,6.0,1,1
6620,5194.0,1.0,37.0,5.0,4.0,1.0,2.0,2.0,1.0,4.0,6.0,1,1
6623,5196.0,2.0,41.0,2.0,4.0,2.0,8.0,2.0,4.0,4.0,6.0,1,1
6624,5197.0,1.0,54.0,3.0,2.0,4.0,3.0,0.0,4.0,4.0,4.0,0,0
6625,5198.0,2.0,73.0,1.0,1.0,9.0,8.0,0.0,5.0,2.0,2.0,0,0
6626,5199.0,2.0,77.0,4.0,1.0,7.0,2.0,0.0,4.0,4.0,2.0,0,0
6627,5200.0,1.0,63.0,2.0,1.0,3.0,5.0,0.0,1.0,8.0,2.0,0,0
6628,8148.0,2.0,48.0,4.0,3.0,2.0,3.0,1.0,4.0,2.0,6.0,1,1
6629,9009.0,2.0,48.0,4.0,3.0,2.0,3.0,1.0,4.0,2.0,6.0,1,1
6630,5201.0,2.0,48.0,4.0,3.0,2.0,3.0,1.0,4.0,2.0,6.0,1,1
6631,5202.0,2.0,73.0,4.0,1.0,7.0,2.0,0.0,3.0,5.0,2.0,0,0
6632,5203.0,2.0,41.0,5.0,1.0,3.0,4.0,0.0,2.0,7.0,1.0,0,2
6633,8149.0,2.0,43.0,5.0,5.0,2.0,2.0,3.0,3.0,4.0,6.0,1,1
6634,8150.0,2.0,55.0,2.0,4.0,3.0,3.0,0.0,1.0,6.0,9.0,1,1
6636,5205.0,2.0,73.0,4.0,2.0,7.0,5.0,0.0,1.0,6.0,4.0,0,0
6638,8151.0,2.0,41.0,3.0,3.0,2.0,3.0,1.0,3.0,4.0,5.0,1,1
6639,5207.0,2.0,41.0,3.0,3.0,2.0,3.0,1.0,3.0,4.0,5.0,1,1
6640,8152.0,2.0,65.0,5.0,2.0,9.0,8.0,0.0,5.0,1.0,4.0,0,0
6645,5210.0,2.0,33.0,2.0,1.0,2.0,4.0,0.0,2.0,7.0,1.0,0,2
6646,5211.0,2.0,27.0,3.0,2.0,3.0,6.0,0.0,2.0,7.0,3.0,0,2
6649,5213.0,2.0,58.0,3.0,2.0,4.0,8.0,0.0,5.0,1.0,4.0,0,0
6650,8154.0,2.0,58.0,3.0,2.0,4.0,8.0,0.0,5.0,1.0,4.0,0,0
6651,8155.0,2.0,57.0,2.0,3.0,9.0,4.0,0.0,4.0,5.0,7.0,1,0
6652,5214.0,2.0,51.0,1.0,1.0,3.0,3.0,0.0,1.0,8.0,2.0,0,2
6654,5216.0,1.0,51.0,5.0,4.0,2.0,5.0,2.0,3.0,4.0,6.0,1,1
6655,5217.0,2.0,76.0,5.0,1.0,7.0,2.0,0.0,5.0,2.0,2.0,0,0
6656,5218.0,2.0,38.0,2.0,3.0,5.0,5.0,1.0,2.0,4.0,5.0,1,1
6658,8156.0,2.0,48.0,2.0,3.0,2.0,8.0,1.0,1.0,4.0,7.0,1,1
6659,8157.0,1.0,36.0,2.0,3.0,2.0,6.0,1.0,1.0,8.0,6.0,1,1
6660,5220.0,1.0,36.0,2.0,3.0,2.0,6.0,1.0,1.0,8.0,6.0,1,1
6661,5221.0,2.0,53.0,2.0,3.0,2.0,8.0,0.0,3.0,4.0,9.0,1,1
6662,9011.0,2.0,53.0,2.0,3.0,2.0,8.0,0.0,3.0,4.0,9.0,1,1
6663,5222.0,2.0,56.0,1.0,1.0,3.0,2.0,0.0,3.0,4.0,2.0,0,0
6664,5223.0,1.0,50.0,5.0,1.0,2.0,2.0,0.0,5.0,2.0,2.0,0,0
6668,5224.0,2.0,36.0,1.0,1.0,5.0,3.0,0.0,3.0,5.0,1.0,0,2
6669,9013.0,1.0,58.0,2.0,3.0,2.0,8.0,1.0,3.0,4.0,6.0,1,1
6670,5225.0,1.0,58.0,2.0,3.0,2.0,8.0,1.0,3.0,4.0,6.0,1,1
6671,5226.0,1.0,65.0,2.0,2.0,7.0,2.0,0.0,3.0,7.0,4.0,0,0
6672,8160.0,1.0,65.0,2.0,2.0,7.0,2.0,0.0,3.0,7.0,4.0,0,0
6673,8161.0,1.0,74.0,1.0,2.0,7.0,4.0,0.0,3.0,3.0,4.0,0,0
6674,5227.0,1.0,74.0,1.0,2.0,7.0,4.0,0.0,3.0,3.0,4.0,0,0
6675,5228.0,2.0,52.0,3.0,2.0,4.0,2.0,1.0,3.0,6.0,8.0,1,1
6676,8162.0,2.0,52.0,3.0,2.0,4.0,2.0,1.0,3.0,6.0,8.0,1,1
6677,5229.0,2.0,38.0,1.0,4.0,2.0,5.0,2.0,3.0,6.0,5.0,1,1
6679,5231.0,2.0,49.0,5.0,2.0,2.0,5.0,0.0,4.0,2.0,4.0,0,0
6680,9014.0,1.0,61.0,2.0,3.0,1.0,5.0,0.0,1.0,3.0,7.0,1,0
6681,9307.0,1.0,61.0,2.0,3.0,1.0,5.0,0.0,1.0,3.0,7.0,1,0
6682,5232.0,1.0,61.0,2.0,3.0,1.0,5.0,0.0,1.0,3.0,7.0,1,0
6683,8163.0,1.0,61.0,2.0,3.0,1.0,5.0,0.0,1.0,3.0,7.0,1,0
6685,5234.0,1.0,43.0,2.0,1.0,2.0,5.0,0.0,1.0,4.0,1.0,0,2
6686,5235.0,2.0,79.0,3.0,2.0,7.0,2.0,0.0,5.0,1.0,4.0,0,0
6687,5236.0,2.0,75.0,1.0,1.0,7.0,2.0,0.0,3.0,5.0,2.0,0,0
6691,9015.0,2.0,53.0,2.0,3.0,5.0,2.0,0.0,4.0,2.0,9.0,1,0
6692,5239.0,2.0,53.0,2.0,3.0,5.0,2.0,0.0,4.0,2.0,9.0,1,0
6693,8165.0,2.0,58.0,2.0,2.0,4.0,1.0,0.0,5.0,2.0,4.0,0,0
6694,5240.0,2.0,70.0,5.0,2.0,9.0,8.0,0.0,5.0,2.0,4.0,0,0
6695,5241.0,2.0,27.0,1.0,1.0,2.0,4.0,0.0,1.0,8.0,1.0,0,2
6696,8166.0,1.0,62.0,5.0,2.0,2.0,4.0,0.0,1.0,4.0,4.0,0,0
6697,5242.0,1.0,62.0,5.0,2.0,2.0,4.0,0.0,1.0,4.0,4.0,0,0
6700,5245.0,2.0,67.0,4.0,1.0,7.0,1.0,0.0,2.0,6.0,2.0,0,0
6701,5246.0,1.0,54.0,1.0,4.0,2.0,7.0,0.0,2.0,7.0,7.0,1,1
6704,5247.0,1.0,80.0,5.0,2.0,7.0,5.0,0.0,2.0,6.0,4.0,0,0
6705,5248.0,2.0,45.0,1.0,2.0,2.0,3.0,1.0,2.0,4.0,8.0,1,1
6706,8169.0,2.0,50.0,3.0,4.0,9.0,3.0,1.0,2.0,5.0,6.0,1,1
6710,5250.0,2.0,47.0,3.0,3.0,2.0,5.0,0.0,2.0,6.0,7.0,1,1
6711,8171.0,2.0,75.0,5.0,2.0,7.0,3.0,0.0,5.0,5.0,4.0,0,0
6712,5251.0,2.0,75.0,5.0,2.0,7.0,3.0,0.0,5.0,5.0,4.0,0,0
6713,5252.0,2.0,38.0,5.0,1.0,2.0,8.0,0.0,2.0,4.0,1.0,0,2
6714,5253.0,2.0,71.0,5.0,2.0,7.0,4.0,0.0,5.0,3.0,4.0,0,0
6715,8172.0,2.0,44.0,3.0,3.0,2.0,8.0,2.0,3.0,5.0,8.0,1,1
6716,8173.0,2.0,43.0,1.0,5.0,4.0,8.0,0.0,4.0,3.0,7.0,1,1
6717,5254.0,2.0,43.0,1.0,5.0,4.0,8.0,0.0,4.0,3.0,7.0,1,1
6718,8174.0,2.0,63.0,4.0,2.0,2.0,4.0,0.0,4.0,2.0,4.0,0,0
6719,5255.0,2.0,63.0,4.0,2.0,2.0,4.0,0.0,4.0,2.0,4.0,0,0
6722,8176.0,2.0,54.0,4.0,5.0,2.0,2.0,1.0,4.0,2.0,6.0,1,1
6723,5257.0,2.0,54.0,4.0,5.0,2.0,2.0,1.0,4.0,2.0,6.0,1,1
6724,8177.0,2.0,43.0,1.0,3.0,9.0,5.0,1.0,2.0,4.0,6.0,1,1
6725,5258.0,2.0,43.0,1.0,3.0,9.0,5.0,1.0,2.0,4.0,6.0,1,1
6726,8178.0,2.0,61.0,2.0,2.0,9.0,3.0,0.0,2.0,6.0,4.0,0,0
6727,5259.0,2.0,40.0,2.0,1.0,4.0,2.0,0.0,5.0,3.0,1.0,0,2
6728,8179.0,2.0,62.0,5.0,2.0,2.0,3.0,0.0,4.0,4.0,4.0,0,0
6729,5260.0,2.0,62.0,5.0,2.0,2.0,3.0,0.0,4.0,4.0,4.0,0,0
6731,5261.0,1.0,35.0,4.0,1.0,2.0,2.0,0.0,3.0,3.6,1.0,0,2
6732,5262.0,1.0,55.0,5.0,2.0,2.0,5.0,0.0,2.0,5.0,4.0,0,0
6733,5263.0,2.0,71.0,2.0,2.0,7.0,4.0,0.0,5.0,3.0,4.0,0,0
6734,5264.0,2.0,35.0,4.0,2.0,2.0,2.0,0.0,4.0,3.0,3.0,0,2
6735,5265.0,2.0,69.0,3.0,1.0,7.0,2.0,0.0,4.0,4.0,2.0,0,0
6736,5266.0,2.0,58.0,2.0,1.0,2.0,4.0,0.0,2.0,6.0,2.0,0,0
6737,8181.0,1.0,70.0,3.0,2.0,7.0,4.0,0.0,4.0,4.0,4.0,0,0
6738,5267.0,1.0,70.0,3.0,2.0,7.0,4.0,0.0,4.0,4.0,4.0,0,0
6739,9636.0,2.0,38.0,2.0,4.0,2.0,5.0,2.0,2.0,7.0,6.0,1,1
6740,5268.0,1.0,69.0,1.0,2.0,7.0,4.0,0.0,4.0,4.0,4.0,0,0
6741,9637.0,1.0,67.0,1.0,1.0,5.0,8.0,0.0,5.0,4.0,2.0,0,0
6742,5269.0,1.0,62.0,5.0,2.0,9.0,2.0,0.0,4.0,4.0,4.0,0,0
6743,5270.0,1.0,38.0,2.0,4.0,3.0,5.0,2.0,3.0,4.0,6.0,1,1
6744,5271.0,2.0,43.0,4.0,1.0,4.0,1.0,0.0,5.0,1.0,1.0,0,0
6746,5273.0,1.0,65.0,2.0,1.0,3.0,6.0,0.0,2.0,7.0,2.0,0,0
6748,5274.0,1.0,53.0,2.0,3.0,2.0,5.0,0.0,5.0,2.0,7.0,1,0
6749,5275.0,2.0,28.0,3.0,3.0,97.0,8.0,0.0,3.0,3.6,7.0,-1,-1
6751,8184.0,1.0,63.0,5.0,3.0,2.0,5.0,0.0,3.0,4.0,7.0,1,0
6752,5276.0,1.0,63.0,5.0,3.0,2.0,5.0,0.0,3.0,4.0,7.0,1,0
6753,5277.0,2.0,60.0,2.0,2.0,2.0,6.0,0.0,3.0,4.0,4.0,0,0
6754,8185.0,2.0,60.0,2.0,2.0,2.0,6.0,0.0,3.0,4.0,4.0,0,0
6755,5278.0,1.0,53.0,5.0,1.0,4.0,3.0,0.0,4.0,4.0,2.0,0,0
6760,8187.0,2.0,33.0,5.0,4.0,2.0,8.0,2.0,1.0,4.0,5.0,1,1
6761,8188.0,2.0,35.0,3.0,2.0,2.0,8.0,0.0,1.0,4.0,3.0,0,2
6762,5280.0,2.0,48.0,2.0,1.0,2.0,3.0,0.0,4.0,3.0,2.0,0,0
6763,5281.0,2.0,44.0,2.0,1.0,4.0,1.0,0.0,4.0,5.0,1.0,0,2
6768,5284.0,2.0,52.0,2.0,1.0,2.0,8.0,0.0,3.0,4.0,2.0,0,0
6770,8190.0,2.0,65.0,4.0,1.0,7.0,3.0,0.0,5.0,2.0,2.0,0,0
6771,5286.0,2.0,70.0,3.0,2.0,7.0,4.0,0.0,1.0,8.0,4.0,0,0
6772,5287.0,2.0,64.0,1.0,2.0,9.0,3.0,0.0,5.0,4.0,4.0,0,0
6773,8191.0,2.0,44.0,4.0,2.0,4.0,8.0,0.0,2.0,5.0,3.0,0,0
6774,5288.0,2.0,56.0,2.0,2.0,2.0,7.0,0.0,2.0,5.0,4.0,0,0
6775,8192.0,2.0,56.0,2.0,2.0,2.0,7.0,0.0,2.0,5.0,4.0,0,0
6776,5289.0,2.0,64.0,3.0,2.0,9.0,4.0,0.0,4.0,4.0,4.0,0,0
6777,5290.0,2.0,65.0,5.0,2.0,9.0,2.0,0.0,4.0,4.0,4.0,0,0
6778,5291.0,2.0,25.0,2.0,2.0,2.0,3.0,0.0,2.0,6.0,3.0,0,2
6783,8195.0,1.0,71.0,4.0,3.0,2.0,5.0,0.0,2.0,5.0,7.0,1,0
6784,9017.0,1.0,71.0,4.0,3.0,2.0,5.0,0.0,2.0,5.0,7.0,1,0
6785,5293.0,1.0,71.0,4.0,3.0,2.0,5.0,0.0,2.0,5.0,7.0,1,0
6786,5294.0,1.0,40.0,1.0,1.0,2.0,5.0,0.0,1.0,7.0,1.0,0,2
6788,5295.0,2.0,73.0,1.0,1.0,7.0,3.0,0.0,5.0,2.0,2.0,0,0
6789,8197.0,2.0,45.0,5.0,3.0,2.0,8.0,1.0,1.0,4.0,6.0,1,1
6790,5296.0,2.0,45.0,5.0,3.0,2.0,8.0,1.0,1.0,4.0,6.0,1,1
6791,8198.0,2.0,41.0,5.0,2.0,2.0,5.0,0.0,2.0,4.0,3.0,0,2
6792,5297.0,2.0,46.0,2.0,1.0,1.0,8.0,0.0,1.0,4.0,2.0,0,2
6793,8199.0,2.0,51.0,1.0,3.0,2.0,5.0,1.0,5.0,4.4,6.0,1,1
6794,5298.0,1.0,50.0,4.0,1.0,2.0,3.0,0.0,2.0,4.0,2.0,0,0
6795,5299.0,2.0,45.0,3.0,2.0,3.0,8.0,0.0,3.0,7.0,4.0,0,2
6796,9018.0,2.0,51.0,1.0,3.0,2.0,6.0,0.0,1.0,5.0,7.0,1,0
6797,8200.0,2.0,51.0,1.0,3.0,2.0,6.0,0.0,1.0,5.0,7.0,1,0
6798,5300.0,2.0,51.0,1.0,3.0,2.0,6.0,0.0,1.0,5.0,7.0,1,0
6799,5301.0,1.0,80.0,1.0,2.0,7.0,3.0,0.0,4.0,4.0,4.0,0,0
6802,5303.0,1.0,67.0,2.0,2.0,7.0,3.0,0.0,4.0,1.0,4.0,0,0
6803,8202.0,1.0,67.0,2.0,2.0,7.0,3.0,0.0,4.0,1.0,4.0,0,0
6804,9019.0,2.0,66.0,1.0,3.0,9.0,8.0,0.0,4.0,3.0,7.0,1,0
6805,8203.0,2.0,66.0,1.0,3.0,9.0,8.0,0.0,4.0,3.0,7.0,1,0
6806,5304.0,2.0,60.0,2.0,1.0,6.0,1.0,0.0,5.0,3.0,2.0,0,0
6809,5306.0,2.0,48.0,2.0,2.0,2.0,5.0,0.0,3.0,4.0,4.0,0,0
6810,5307.0,1.0,74.0,5.0,2.0,7.0,3.0,0.0,5.0,2.0,4.0,0,0
6811,5308.0,1.0,76.0,5.0,2.0,7.0,8.0,0.0,4.0,4.0,4.0,0,0
6812,5309.0,1.0,39.0,2.0,3.0,2.0,8.0,1.0,4.0,2.0,8.0,1,1
6813,8205.0,1.0,39.0,2.0,3.0,2.0,8.0,1.0,4.0,2.0,8.0,1,1
6814,5310.0,2.0,70.0,4.0,1.0,7.0,2.0,0.0,5.0,3.0,2.0,0,0
6816,5312.0,2.0,66.0,2.0,2.0,7.0,5.0,0.0,4.0,7.0,4.0,0,0
6819,5314.0,2.0,24.0,3.0,1.0,2.0,3.0,0.0,3.0,4.0,1.0,0,2
6820,5315.0,2.0,29.0,1.0,2.0,2.0,5.0,0.0,4.0,1.0,3.0,0,2
6822,8208.0,2.0,34.0,4.0,3.0,4.0,2.0,2.0,4.0,4.0,8.0,1,1
6824,8209.0,2.0,61.0,2.0,3.0,2.0,8.0,0.0,3.0,3.0,7.0,1,0
6825,5317.0,2.0,61.0,2.0,3.0,2.0,8.0,0.0,3.0,3.0,7.0,1,0
6826,8210.0,1.0,31.0,1.0,2.0,3.0,4.0,0.0,2.0,5.0,3.0,0,2
6827,5318.0,1.0,31.0,1.0,2.0,3.0,4.0,0.0,2.0,5.0,3.0,0,2
6828,5319.0,2.0,62.0,2.0,2.0,4.0,2.0,0.0,4.0,2.0,4.0,0,0
6829,9020.0,2.0,49.0,2.0,4.0,2.0,3.0,2.0,5.0,4.0,6.0,1,1
6830,9310.0,2.0,49.0,2.0,4.0,2.0,3.0,2.0,5.0,4.0,6.0,1,1
6831,8211.0,2.0,49.0,2.0,4.0,2.0,3.0,2.0,5.0,4.0,6.0,1,1
6832,5320.0,2.0,49.0,2.0,4.0,2.0,3.0,2.0,5.0,4.0,6.0,1,1
6833,8212.0,1.0,80.0,2.0,2.0,7.0,8.0,0.0,5.0,2.0,4.0,0,0
6834,5321.0,1.0,80.0,2.0,2.0,7.0,8.0,0.0,5.0,2.0,4.0,0,0
6836,5323.0,2.0,42.0,4.0,4.0,5.0,2.0,1.0,5.0,2.0,9.0,1,1
6837,5324.0,2.0,47.0,4.0,3.0,2.0,3.0,0.0,2.0,6.0,7.0,1,1
6838,5325.0,1.0,62.0,2.0,2.0,2.0,5.0,0.0,2.0,7.0,9.0,1,0
6839,8213.0,1.0,62.0,2.0,2.0,2.0,5.0,0.0,2.0,7.0,9.0,1,0
6840,8214.0,1.0,61.0,3.0,3.0,3.0,6.0,0.0,3.0,4.0,7.0,1,0
6841,5326.0,1.0,61.0,3.0,3.0,3.0,6.0,0.0,3.0,4.0,7.0,1,0
6843,5328.0,2.0,51.0,1.0,2.0,9.0,8.0,0.0,5.0,1.0,4.0,0,0
6844,5329.0,2.0,81.0,2.0,2.0,7.0,3.0,0.0,4.0,4.0,4.0,0,0
6845,8215.0,2.0,81.0,2.0,2.0,7.0,3.0,0.0,4.0,4.0,4.0,0,0
6847,5331.0,1.0,85.0,2.0,2.0,7.0,3.0,0.0,4.0,4.0,4.0,0,0
6848,5332.0,2.0,44.0,2.0,1.0,2.0,4.0,0.0,3.0,4.0,1.0,0,2
6849,5333.0,2.0,50.0,1.0,1.0,2.0,2.0,0.0,2.0,4.0,2.0,0,0
6850,5334.0,1.0,68.0,1.0,2.0,7.0,8.0,0.0,4.0,4.0,4.0,0,0
6853,5336.0,2.0,46.0,4.0,4.0,2.0,5.0,2.0,3.0,3.0,6.0,1,1
6855,8217.0,2.0,57.0,4.0,2.0,4.0,3.0,0.0,4.0,6.0,4.0,0,0
6856,5338.0,2.0,57.0,4.0,2.0,4.0,3.0,0.0,4.0,6.0,4.0,0,0
6857,5339.0,1.0,61.0,2.0,2.0,2.0,6.0,0.0,2.0,4.0,4.0,0,0
6858,8218.0,2.0,52.0,2.0,1.0,3.0,3.0,0.0,3.0,4.0,2.0,0,0
6859,8219.0,2.0,63.0,5.0,3.0,9.0,2.0,0.0,4.0,3.0,6.0,1,0
6860,5340.0,2.0,63.0,5.0,3.0,9.0,2.0,0.0,4.0,3.0,6.0,1,0
6861,5341.0,2.0,62.0,5.0,2.0,5.0,8.0,0.0,4.0,3.0,9.0,1,0
6862,5342.0,2.0,52.0,5.0,3.0,2.0,8.0,0.0,1.0,8.0,9.0,1,1
6863,8220.0,2.0,52.0,5.0,3.0,2.0,8.0,0.0,1.0,8.0,9.0,1,1
6864,5343.0,2.0,85.0,2.0,1.0,7.0,8.0,0.0,3.0,5.0,2.0,0,0
6865,5344.0,1.0,26.0,3.0,3.0,2.0,8.0,1.0,3.0,4.0,5.0,1,1
6866,5345.0,2.0,73.0,2.0,2.0,7.0,5.0,0.0,2.0,5.0,4.0,0,0
6867,8221.0,2.0,73.0,2.0,2.0,7.0,5.0,0.0,2.0,5.0,4.0,0,0
6868,5346.0,2.0,45.0,2.0,2.0,5.0,8.0,1.0,4.0,4.0,8.0,1,1
6873,5348.0,2.0,38.0,3.0,7.0,9.0,4.0,5.0,1.0,4.0,6.0,-1,-1
6875,8224.0,2.0,48.0,2.0,2.0,4.0,1.0,0.0,5.0,2.0,9.0,1,0
6876,5350.0,2.0,43.0,1.0,1.0,5.0,8.0,0.0,4.0,4.0,1.0,0,2
6877,5351.0,2.0,35.0,2.0,1.0,4.0,2.0,0.0,4.0,3.6,1.0,0,2
6878,5352.0,2.0,63.0,2.0,2.0,5.0,6.0,0.0,3.0,3.0,4.0,0,0
6881,8225.0,2.0,59.0,2.0,5.0,2.0,5.0,0.0,3.0,3.0,7.0,1,1
6882,5354.0,2.0,46.0,2.0,2.0,2.0,2.0,1.0,3.0,4.0,8.0,1,1
6885,5356.0,2.0,41.0,4.0,1.0,9.0,1.0,0.0,5.0,2.0,1.0,0,0
6886,5357.0,2.0,59.0,1.0,2.0,2.0,5.0,0.0,3.0,5.0,4.0,0,0
6887,8227.0,2.0,53.0,5.0,5.0,9.0,4.0,0.0,5.0,3.0,7.0,1,1
6888,9479.0,2.0,53.0,5.0,5.0,9.0,4.0,0.0,5.0,3.0,7.0,1,1
6889,5358.0,2.0,53.0,5.0,5.0,9.0,4.0,0.0,5.0,3.0,7.0,1,1
6891,5359.0,1.0,69.0,3.0,2.0,7.0,5.0,0.0,2.0,6.0,4.0,0,0
6892,8229.0,1.0,69.0,3.0,2.0,7.0,5.0,0.0,2.0,6.0,4.0,0,0
6895,9023.0,2.0,50.0,4.0,6.0,9.0,5.0,2.0,2.0,2.0,6.0,-1,-1
6897,5362.0,2.0,60.0,4.0,3.0,4.0,3.0,0.0,4.0,2.0,7.0,1,0
6898,8231.0,2.0,78.0,5.0,3.0,9.0,8.0,0.0,5.0,3.0,7.0,1,0
6899,5363.0,2.0,78.0,5.0,3.0,9.0,8.0,0.0,5.0,3.0,7.0,1,0
6900,9024.0,2.0,78.0,5.0,3.0,9.0,8.0,0.0,5.0,3.0,7.0,1,0
6904,5365.0,2.0,51.0,2.0,2.0,2.0,8.0,0.0,3.0,4.0,4.0,0,0
6905,5366.0,1.0,45.0,2.0,1.0,2.0,4.0,0.0,1.0,6.0,2.0,0,2
6906,5367.0,2.0,60.0,5.0,1.0,2.0,3.0,0.0,3.0,4.0,2.0,0,0
6907,8234.0,2.0,56.0,5.0,2.0,2.0,4.0,0.0,3.0,3.0,4.0,0,0
6908,5368.0,2.0,56.0,5.0,2.0,2.0,4.0,0.0,3.0,3.0,4.0,0,0
6909,5369.0,2.0,78.0,1.0,1.0,7.0,3.0,0.0,5.0,3.0,2.0,0,0
6914,5372.0,2.0,57.0,5.0,2.0,9.0,2.0,0.0,5.0,4.0,9.0,1,0
6915,9025.0,2.0,57.0,5.0,2.0,9.0,2.0,0.0,5.0,4.0,9.0,1,0
6919,5374.0,2.0,75.0,2.0,1.0,7.0,8.0,0.0,2.0,6.0,2.0,0,0
6920,8238.0,2.0,52.0,2.0,3.0,4.0,1.0,0.0,3.0,6.0,9.0,1,1
6921,9027.0,2.0,52.0,2.0,3.0,4.0,1.0,0.0,3.0,6.0,9.0,1,1
6922,5375.0,1.0,74.0,2.0,1.0,7.0,4.0,0.0,4.0,4.0,2.0,0,0
6925,5378.0,1.0,85.0,2.0,2.0,7.0,2.0,0.0,5.0,2.0,4.0,0,0
6926,5379.0,2.0,67.0,2.0,1.0,7.0,1.0,0.0,5.0,2.0,2.0,0,0
6927,5380.0,2.0,36.0,2.0,3.0,2.0,4.0,1.0,3.0,4.0,5.0,1,1
6928,5381.0,1.0,48.0,4.0,5.0,3.0,5.0,3.0,1.0,8.0,6.0,1,1
6929,8239.0,1.0,48.0,4.0,5.0,3.0,5.0,3.0,1.0,8.0,6.0,1,1
6930,5382.0,2.0,34.0,2.0,1.0,3.0,1.0,0.0,2.0,4.0,1.0,0,2
6931,8240.0,2.0,41.0,5.0,3.0,4.0,3.0,1.0,2.0,5.4,6.0,1,1
6933,8242.0,2.0,75.0,2.0,2.0,7.0,2.0,0.0,5.0,3.0,4.0,0,0
6935,9638.0,1.0,71.0,5.0,1.0,7.0,2.0,0.0,4.0,4.0,2.0,0,0
6938,5384.0,2.0,77.0,2.0,1.0,7.0,2.0,0.0,3.0,5.0,2.0,0,0
6939,5385.0,1.0,70.0,5.0,2.0,7.0,3.0,0.0,5.0,2.0,4.0,0,0
6940,5386.0,2.0,44.0,5.0,1.0,2.0,4.0,0.0,2.0,7.0,1.0,0,2
6943,5387.0,1.0,70.0,2.0,2.0,7.0,3.0,0.0,5.0,2.0,4.0,0,0
6944,5388.0,2.0,36.0,4.0,2.0,8.0,2.0,0.0,2.0,5.0,3.0,0,2
6945,8245.0,2.0,36.0,4.0,2.0,8.0,2.0,0.0,2.0,5.0,3.0,0,2
6948,5389.0,2.0,73.0,2.0,2.0,7.0,3.0,0.0,5.0,3.0,4.0,0,0
6950,8247.0,2.0,45.0,2.0,2.0,2.0,5.0,0.0,3.0,4.0,4.0,0,0
6952,8248.0,2.0,63.0,4.0,2.0,2.0,4.0,0.0,4.0,2.0,4.0,0,0
6953,5392.0,2.0,63.0,4.0,2.0,2.0,4.0,0.0,4.0,2.0,4.0,0,0
6954,5393.0,2.0,78.0,5.0,2.0,7.0,2.0,0.0,5.0,2.0,4.0,0,0
6960,9029.0,2.0,44.0,2.0,4.0,2.0,5.0,1.0,3.0,4.0,6.0,1,1
6961,5395.0,2.0,44.0,2.0,4.0,2.0,5.0,1.0,3.0,4.0,6.0,1,1
6962,8252.0,2.0,44.0,2.0,4.0,2.0,5.0,1.0,3.0,4.0,6.0,1,1
6964,8253.0,2.0,69.0,2.0,3.0,7.0,8.0,0.0,5.0,4.0,7.0,1,0
6965,8254.0,2.0,60.0,2.0,2.0,9.0,5.0,0.0,2.0,5.0,4.0,0,0
6966,5397.0,2.0,67.0,3.0,2.0,7.0,3.0,0.0,5.0,4.0,4.0,0,0
6967,8255.0,2.0,53.0,4.0,3.0,9.0,1.0,0.0,5.0,3.0,7.0,1,0
6968,8256.0,2.0,46.0,1.0,2.0,2.0,8.0,0.0,5.0,2.0,4.0,0,0
6969,5398.0,1.0,58.0,2.0,2.0,4.0,5.0,0.0,3.0,4.0,4.0,0,0
6970,8257.0,1.0,58.0,2.0,2.0,4.0,5.0,0.0,3.0,4.0,4.0,0,0
6972,5399.0,2.0,53.0,3.0,3.0,9.0,4.0,0.0,4.0,4.0,7.0,1,0
6973,8259.0,2.0,53.0,3.0,3.0,9.0,4.0,0.0,4.0,4.0,7.0,1,0
6975,5401.0,1.0,75.0,2.0,2.0,7.0,5.0,0.0,4.0,3.0,4.0,0,0
6977,5403.0,1.0,76.0,5.0,2.0,7.0,2.0,0.0,3.0,5.0,4.0,0,0
6980,5404.0,2.0,52.0,5.0,6.0,9.0,2.0,1.0,4.0,4.0,6.0,-1,-1
6981,9314.0,2.0,52.0,5.0,6.0,9.0,2.0,1.0,4.0,4.0,6.0,-1,-1
6982,8261.0,2.0,52.0,5.0,6.0,9.0,2.0,1.0,4.0,4.0,6.0,-1,-1
6983,8262.0,2.0,50.0,2.0,2.0,4.0,5.0,0.0,1.0,3.0,4.0,0,0
6984,5405.0,2.0,70.0,1.0,2.0,7.0,3.0,0.0,5.0,2.0,4.0,0,0
6985,5406.0,1.0,76.0,5.0,2.0,7.0,3.0,0.0,5.0,2.0,4.0,0,0
6986,8263.0,1.0,76.0,5.0,2.0,7.0,3.0,0.0,5.0,2.0,4.0,0,0
6987,5407.0,2.0,46.0,4.0,2.0,2.0,8.0,0.0,5.0,4.4,4.0,0,0
6988,5408.0,2.0,59.0,4.0,2.0,2.0,8.0,0.0,5.0,3.0,4.0,0,0
6989,5409.0,2.0,65.0,5.0,2.0,2.0,2.0,0.0,4.0,3.0,4.0,0,0
6992,5410.0,2.0,76.0,4.0,1.0,7.0,3.0,0.0,2.0,6.0,2.0,0,0
6993,5411.0,2.0,48.0,5.0,4.0,9.0,3.0,1.0,2.0,3.0,6.0,1,1
6994,8265.0,2.0,48.0,5.0,4.0,9.0,3.0,1.0,2.0,3.0,6.0,1,1
6995,5412.0,2.0,43.0,1.0,3.0,2.0,8.0,1.0,2.0,7.0,8.0,1,1
6996,5413.0,1.0,50.0,5.0,2.0,7.0,8.0,0.0,3.0,5.0,4.0,0,0
6997,5414.0,2.0,37.0,2.0,5.0,2.0,5.0,3.0,1.0,8.0,6.0,1,1
6998,5415.0,1.0,38.0,5.0,1.0,2.0,3.0,0.0,2.0,7.0,1.0,0,2
6999,5416.0,2.0,27.0,2.0,1.0,5.0,1.0,0.0,3.0,5.0,1.0,0,2
7002,5418.0,1.0,57.0,2.0,1.0,4.0,1.0,0.0,5.0,2.0,2.0,0,0
7003,5419.0,1.0,31.0,2.0,2.0,2.0,8.0,0.0,2.0,6.2,3.0,0,2
7005,5420.0,1.0,54.0,2.0,1.0,2.0,2.0,0.0,2.0,7.0,2.0,0,0
7006,5421.0,1.0,51.0,4.0,1.0,2.0,2.0,0.0,3.0,4.0,2.0,0,0
7007,5422.0,1.0,56.0,2.0,1.0,4.0,3.0,0.0,5.0,2.0,2.0,0,0
7011,5424.0,1.0,69.0,5.0,2.0,7.0,3.0,0.0,5.0,3.0,4.0,0,0
7012,8269.0,2.0,72.0,2.0,2.0,7.0,3.0,0.0,5.0,2.0,4.0,0,0
7013,8270.0,2.0,54.0,3.0,2.0,4.0,6.0,0.0,2.0,7.0,4.0,0,0
7014,5425.0,2.0,54.0,3.0,2.0,4.0,6.0,0.0,2.0,7.0,4.0,0,0
7015,8271.0,2.0,48.0,2.0,2.0,2.0,8.0,0.0,3.0,4.0,4.0,0,0
7016,5426.0,2.0,48.0,2.0,2.0,2.0,8.0,0.0,3.0,4.0,4.0,0,0
7017,8272.0,1.0,67.0,4.0,2.0,7.0,5.0,0.0,4.0,4.0,4.0,0,0
7018,5427.0,1.0,67.0,4.0,2.0,7.0,5.0,0.0,4.0,4.0,4.0,0,0
7022,5431.0,1.0,56.0,4.0,4.0,2.0,8.0,2.0,2.0,4.0,6.0,1,1
7023,8273.0,1.0,56.0,4.0,4.0,2.0,8.0,2.0,2.0,4.0,6.0,1,1
7024,5432.0,1.0,41.0,5.0,3.0,5.0,3.0,2.0,4.0,4.0,8.0,-1,-1
7025,5433.0,1.0,43.0,5.0,1.0,4.0,2.0,0.0,4.0,4.0,1.0,0,2
7026,8274.0,1.0,41.0,4.0,5.0,3.0,5.0,3.0,2.0,5.0,6.0,1,1
7027,9315.0,2.0,43.0,3.0,4.0,1.0,3.0,0.0,1.0,3.0,7.0,1,1
7028,5434.0,2.0,43.0,3.0,4.0,1.0,3.0,0.0,1.0,3.0,7.0,1,1
7029,5435.0,2.0,56.0,5.0,1.0,4.0,1.0,0.0,5.0,2.0,2.0,0,0
7030,5436.0,2.0,31.0,3.0,4.0,9.0,8.0,2.0,4.0,2.0,5.0,1,1
7031,8275.0,2.0,43.0,4.0,5.0,2.0,8.0,3.0,3.0,6.0,6.0,1,1
7035,5439.0,1.0,26.0,4.0,5.0,2.0,1.0,0.0,4.0,2.0,7.0,-1,-1
7036,5440.0,1.0,55.0,1.0,4.0,2.0,5.0,2.0,1.0,6.0,5.0,1,1
7037,5441.0,2.0,48.0,4.0,2.0,4.0,1.0,0.0,3.0,6.0,9.0,1,0
7038,5442.0,2.0,40.0,3.0,1.0,5.0,1.0,0.0,4.0,5.0,1.0,0,2
7040,8276.0,2.0,74.0,2.0,1.0,7.0,2.0,0.0,5.0,3.0,2.0,0,0
7042,5444.0,2.0,72.0,4.0,2.0,7.0,6.0,0.0,1.0,3.0,4.0,0,0
7045,5446.0,2.0,50.0,5.0,2.0,2.0,8.0,0.0,2.0,4.0,4.0,0,0
7049,5448.0,1.0,38.0,2.0,4.0,2.0,7.0,2.0,3.0,4.8,6.0,1,1
7050,5449.0,2.0,34.0,5.0,1.0,2.0,8.0,0.0,2.0,4.0,1.0,0,2
7051,5450.0,2.0,31.0,4.0,3.0,4.0,3.0,1.0,2.0,5.0,6.0,1,1
7052,5451.0,2.0,26.0,1.0,2.0,2.0,4.0,0.0,1.0,7.0,3.0,0,2
7053,8279.0,2.0,26.0,1.0,2.0,2.0,4.0,0.0,1.0,7.0,3.0,0,2
7055,5452.0,2.0,32.0,2.0,3.0,2.0,3.0,1.0,2.0,6.0,5.0,1,1
7059,8282.0,2.0,40.0,2.0,3.0,9.0,1.0,1.0,2.0,4.0,6.0,1,1
7062,5455.0,2.0,72.0,2.0,2.0,9.0,4.0,0.0,2.0,3.0,4.0,0,0
7063,5456.0,1.0,52.0,4.0,2.0,4.0,2.0,0.0,4.0,5.0,4.0,0,0
7064,8284.0,1.0,52.0,4.0,2.0,4.0,2.0,0.0,4.0,5.0,4.0,0,0
7065,5457.0,1.0,41.0,4.0,4.0,9.0,1.0,2.0,4.0,4.0,6.0,1,1
7066,8285.0,1.0,41.0,4.0,4.0,9.0,1.0,2.0,4.0,4.0,6.0,1,1
7067,9316.0,1.0,41.0,4.0,4.0,9.0,1.0,2.0,4.0,4.0,6.0,1,1
7068,5458.0,2.0,54.0,3.0,4.0,2.0,4.0,0.0,5.0,4.0,7.0,1,1
7069,5459.0,1.0,53.0,5.0,1.0,4.0,4.0,0.0,5.0,2.0,2.0,0,0
7070,5460.0,2.0,44.0,5.0,1.0,4.0,2.0,0.0,4.0,4.0,1.0,0,2
7073,8286.0,2.0,54.0,4.0,5.0,9.0,7.0,0.0,2.0,3.0,7.0,1,1
7074,5462.0,2.0,54.0,4.0,5.0,9.0,7.0,0.0,2.0,3.0,7.0,1,1
7075,5463.0,1.0,44.0,2.0,4.0,2.0,8.0,2.0,1.0,6.0,6.0,1,1
7077,5464.0,1.0,44.0,4.0,4.0,2.0,5.0,2.0,2.0,4.0,6.0,1,1
7078,8288.0,1.0,52.0,4.0,4.0,2.0,6.0,2.0,2.0,7.0,6.0,1,1
7079,5465.0,1.0,52.0,4.0,4.0,2.0,6.0,2.0,2.0,7.0,6.0,1,1
7080,5466.0,2.0,45.0,5.0,3.0,2.0,8.0,2.0,2.0,4.0,8.0,1,1
7081,5467.0,1.0,71.0,2.0,2.0,7.0,4.0,0.0,5.0,2.0,4.0,0,0
7082,5468.0,2.0,23.0,5.0,4.0,2.0,8.0,0.0,4.0,7.0,7.0,1,1
7083,5469.0,2.0,78.0,2.0,2.0,7.0,3.0,0.0,2.0,4.0,4.0,0,0
7084,5470.0,2.0,40.0,4.0,2.0,6.0,1.0,0.0,4.0,5.0,3.0,0,2
7086,5472.0,2.0,38.0,5.0,1.0,2.0,3.0,0.0,2.0,4.0,1.0,0,2
7087,5473.0,1.0,58.0,3.0,2.0,2.0,5.0,0.0,2.0,7.0,4.0,0,0
7088,8289.0,2.0,38.0,2.0,3.0,1.0,4.0,1.0,2.0,6.0,6.0,1,1
7089,5474.0,2.0,38.0,2.0,3.0,1.0,4.0,1.0,2.0,6.0,6.0,1,1
7090,5475.0,2.0,48.0,5.0,4.0,1.0,5.0,2.0,1.0,5.6,6.0,1,1
7094,5478.0,2.0,49.0,4.0,3.0,2.0,4.0,0.0,4.0,4.0,7.0,1,0
7095,5479.0,1.0,34.0,2.0,1.0,2.0,4.0,0.0,1.0,8.0,1.0,0,2
7096,5480.0,2.0,27.0,3.0,2.0,2.0,4.0,0.0,4.0,4.0,3.0,0,2
7097,5481.0,2.0,54.0,2.0,2.0,3.0,5.0,0.0,2.0,6.0,4.0,0,0
7100,5483.0,2.0,47.0,2.0,4.0,9.0,3.0,2.0,3.0,4.0,6.0,1,1
7101,9036.0,2.0,47.0,2.0,4.0,9.0,3.0,2.0,3.0,4.0,6.0,1,1
7102,8292.0,2.0,47.0,2.0,4.0,9.0,3.0,2.0,3.0,4.0,6.0,1,1
7104,5484.0,2.0,47.0,2.0,2.0,2.0,5.0,1.0,1.0,8.0,8.0,1,1
7106,8294.0,2.0,55.0,4.0,2.0,9.0,3.0,0.0,4.0,4.0,4.0,0,0
7107,5486.0,2.0,55.0,4.0,2.0,9.0,3.0,0.0,4.0,4.0,4.0,0,0
7108,5487.0,2.0,34.0,4.0,3.0,9.0,4.0,1.0,4.0,3.0,5.0,1,1
7109,8295.0,2.0,34.0,4.0,3.0,9.0,4.0,1.0,4.0,3.0,5.0,1,1
7110,8296.0,2.0,72.0,5.0,2.0,7.0,2.0,0.0,5.0,2.0,4.0,0,0
7111,5488.0,2.0,72.0,5.0,2.0,7.0,2.0,0.0,5.0,2.0,4.0,0,0
7112,5489.0,1.0,41.0,5.0,1.0,2.0,1.0,0.0,2.0,6.0,1.0,0,2
7113,5490.0,1.0,35.0,2.0,1.0,2.0,5.0,0.0,1.0,8.0,1.0,0,2
7116,5492.0,2.0,64.0,5.0,2.0,2.0,8.0,0.0,5.0,2.0,4.0,0,0
7117,8298.0,2.0,64.0,5.0,2.0,2.0,8.0,0.0,5.0,2.0,4.0,0,0
7118,5493.0,1.0,50.0,5.0,1.0,2.0,8.0,0.0,4.0,4.0,2.0,0,0
7123,5496.0,2.0,53.0,1.0,1.0,4.0,2.0,0.0,4.0,4.0,2.0,0,0
7124,5497.0,1.0,51.0,4.0,4.0,5.0,3.0,1.0,3.0,4.8,6.0,1,1
7125,8301.0,2.0,37.0,3.0,4.0,2.0,6.0,2.0,2.0,7.0,6.0,1,1
7126,9639.0,2.0,53.0,2.0,1.0,4.0,2.0,0.0,3.0,3.8,2.0,0,0
7127,5498.0,2.0,59.0,5.0,2.0,1.0,8.0,0.0,1.0,3.0,4.0,0,0
7129,5500.0,1.0,65.0,5.0,2.0,5.0,6.0,0.0,1.0,6.0,4.0,0,0
7130,5501.0,1.0,56.0,1.0,1.0,2.0,6.0,0.0,1.0,8.0,2.0,0,0
7133,9640.0,2.0,74.0,2.0,1.0,7.0,2.0,0.0,3.0,3.0,2.0,0,0
7135,5504.0,1.0,59.0,2.0,2.0,2.0,8.0,0.0,3.0,4.0,4.0,0,0
7136,8303.0,1.0,59.0,2.0,2.0,2.0,8.0,0.0,3.0,4.0,4.0,0,0
7137,8304.0,2.0,31.0,2.0,3.0,9.0,5.0,1.0,3.0,5.4,6.0,1,1
7138,5505.0,1.0,39.0,5.0,1.0,2.0,3.0,0.0,3.0,4.0,1.0,0,2
7139,9317.0,1.0,58.0,5.0,4.0,1.0,5.0,0.0,1.0,5.0,7.0,1,1
7140,5506.0,1.0,58.0,5.0,4.0,1.0,5.0,0.0,1.0,5.0,7.0,1,1
7141,5507.0,2.0,69.0,1.0,2.0,7.0,2.0,0.0,4.0,4.0,4.0,0,0
7142,5508.0,1.0,33.0,1.0,2.0,2.0,4.0,0.0,2.0,4.0,3.0,0,2
7143,5509.0,2.0,39.0,5.0,1.0,2.0,1.0,0.0,4.0,2.0,1.0,0,2
7144,5510.0,2.0,45.0,5.0,2.0,2.0,3.0,0.0,4.0,4.0,4.0,0,0
7145,8305.0,2.0,45.0,5.0,2.0,2.0,3.0,0.0,4.0,4.0,4.0,0,0
7147,8306.0,2.0,66.0,2.0,2.0,2.0,5.0,0.0,1.0,5.0,4.0,0,0
7148,5512.0,2.0,66.0,2.0,2.0,2.0,5.0,0.0,1.0,5.0,4.0,0,0
7149,5513.0,2.0,64.0,2.0,1.0,2.0,4.0,0.0,2.0,5.0,2.0,0,0
7150,5514.0,2.0,43.0,4.0,5.0,2.0,5.0,3.0,2.0,7.0,6.0,1,1
7151,8307.0,2.0,43.0,4.0,5.0,2.0,5.0,3.0,2.0,7.0,6.0,1,1
7152,5515.0,2.0,48.0,4.0,2.0,4.0,2.0,1.0,4.0,4.2,9.0,1,1
7153,5516.0,2.0,35.0,1.0,1.0,2.0,3.0,0.0,2.0,6.0,1.0,0,2
7154,5517.0,2.0,50.0,4.0,2.0,4.0,2.0,0.0,4.0,2.0,4.0,0,0
7155,8308.0,2.0,30.0,3.0,3.0,2.0,2.0,1.0,1.0,7.0,5.0,1,1
7156,5518.0,2.0,30.0,3.0,3.0,2.0,2.0,1.0,1.0,7.0,5.0,1,1
7159,5520.0,2.0,29.0,1.0,1.0,2.0,3.0,0.0,2.0,4.0,1.0,0,2
7160,5521.0,1.0,56.0,3.0,5.0,3.0,7.0,3.0,2.0,3.6,6.0,1,1
7161,5522.0,2.0,58.0,1.0,2.0,2.0,6.0,0.0,1.0,4.0,4.0,0,0
7162,5523.0,1.0,65.0,2.0,2.0,2.0,4.0,0.0,2.0,4.4,4.0,0,0
7163,5524.0,2.0,22.0,2.0,2.0,8.0,8.0,0.0,2.0,4.0,3.0,0,2
7164,5525.0,1.0,79.0,2.0,2.0,7.0,7.0,0.0,1.0,8.0,4.0,0,0
7165,5526.0,2.0,41.0,2.0,2.0,4.0,1.0,1.0,3.0,6.0,8.0,1,1
7166,5527.0,2.0,55.0,1.0,2.0,2.0,8.0,0.0,4.0,2.0,9.0,1,0
7167,8310.0,2.0,55.0,1.0,2.0,2.0,8.0,0.0,4.0,2.0,9.0,1,0
7169,5529.0,1.0,41.0,2.0,2.0,2.0,5.0,0.0,3.0,4.0,3.0,0,2
7170,8311.0,1.0,41.0,2.0,2.0,2.0,5.0,0.0,3.0,4.0,3.0,0,2
7171,5530.0,2.0,36.0,5.0,4.0,9.0,2.0,2.0,4.0,3.0,6.0,1,1
7172,8312.0,2.0,36.0,5.0,4.0,9.0,2.0,2.0,4.0,3.0,6.0,1,1
7173,5531.0,2.0,64.0,5.0,2.0,9.0,2.0,0.0,5.0,1.0,4.0,0,0
7174,5532.0,2.0,70.0,3.0,2.0,7.0,5.0,0.0,2.0,7.0,4.0,0,0
7179,5536.0,2.0,35.0,4.0,2.0,3.0,5.0,0.0,2.0,7.0,3.0,0,2
7180,8314.0,2.0,35.0,4.0,2.0,3.0,5.0,0.0,2.0,7.0,3.0,0,2
7181,5537.0,2.0,34.0,1.0,1.0,4.0,1.0,0.0,5.0,3.0,1.0,0,2
7182,5538.0,2.0,33.0,5.0,3.0,2.0,4.0,1.0,1.0,8.0,8.0,1,1
7185,5540.0,1.0,65.0,4.0,2.0,7.0,6.0,0.0,1.0,8.0,4.0,0,0
7194,5546.0,2.0,30.0,2.0,2.0,4.0,1.0,0.0,5.0,2.0,3.0,0,2
7195,8319.0,2.0,30.0,2.0,2.0,4.0,1.0,0.0,5.0,2.0,3.0,0,2
7201,5549.0,2.0,53.0,5.0,3.0,2.0,5.0,0.0,4.0,7.0,7.0,1,0
7203,8323.0,1.0,72.0,5.0,2.0,7.0,3.0,0.0,5.0,2.0,4.0,0,0
7204,5551.0,1.0,47.0,5.0,1.0,2.0,2.0,0.0,5.0,2.0,2.0,0,0
7205,5552.0,2.0,28.0,3.0,2.0,8.0,1.0,0.0,2.0,5.0,3.0,0,2
7207,5554.0,2.0,54.0,4.0,2.0,2.0,5.0,0.0,2.0,5.0,4.0,0,0
7208,5555.0,2.0,42.0,4.0,3.0,2.0,2.0,2.0,3.0,3.2,8.0,1,1
7209,5556.0,2.0,50.0,3.0,3.0,9.0,8.0,1.0,3.0,4.0,6.0,1,1
7210,8324.0,2.0,50.0,3.0,3.0,9.0,8.0,1.0,3.0,4.0,6.0,1,1
7211,5557.0,2.0,41.0,2.0,6.0,1.0,4.0,4.0,1.0,4.0,6.0,2,1
7212,5558.0,2.0,30.0,2.0,1.0,2.0,2.0,0.0,3.0,4.0,1.0,0,2
7216,5560.0,1.0,44.0,2.0,1.0,3.0,5.0,0.0,2.0,4.0,1.0,0,2
7217,5561.0,2.0,40.0,2.0,1.0,4.0,2.0,0.0,3.0,8.0,1.0,0,2
7218,8327.0,2.0,45.0,5.0,3.0,2.0,8.0,1.0,4.0,2.0,6.0,1,1
7219,5562.0,2.0,45.0,5.0,3.0,2.0,8.0,1.0,4.0,2.0,6.0,1,1
7220,9037.0,2.0,45.0,5.0,3.0,2.0,8.0,1.0,4.0,2.0,6.0,1,1
7221,5563.0,2.0,47.0,2.0,3.0,2.0,4.0,1.0,4.0,4.0,6.0,1,1
7222,8328.0,2.0,65.0,5.0,2.0,2.0,1.0,0.0,5.0,1.0,4.0,0,0
7224,5565.0,2.0,33.0,4.0,1.0,6.0,2.0,0.0,5.0,1.0,1.0,0,2
7225,9318.0,1.0,29.0,5.0,2.0,2.0,8.0,0.0,2.0,6.0,3.0,0,2
7226,5566.0,1.0,29.0,5.0,2.0,2.0,8.0,0.0,2.0,6.0,3.0,0,2
7231,5568.0,2.0,32.0,5.0,2.0,9.0,2.0,0.0,5.0,2.0,3.0,0,2
7232,8330.0,2.0,39.0,5.0,5.0,2.0,8.0,3.0,3.0,4.0,6.0,1,1
7233,5569.0,2.0,41.0,2.0,2.0,4.0,1.0,1.0,3.0,5.0,9.0,1,1
7234,5570.0,2.0,65.0,5.0,2.0,2.0,8.0,0.0,4.0,2.0,4.0,0,0
7235,5571.0,2.0,54.0,5.0,1.0,4.0,8.0,0.0,4.0,4.0,2.0,0,0
7236,5572.0,2.0,55.0,5.0,6.0,4.0,8.0,0.0,2.0,2.0,5.0,-1,-1
7242,8333.0,2.0,54.0,1.0,4.0,2.0,8.0,1.0,1.0,8.0,9.0,-1,-1
7243,5576.0,2.0,54.0,1.0,4.0,2.0,8.0,1.0,1.0,8.0,9.0,-1,-1
7244,5577.0,2.0,41.0,4.0,4.0,2.0,8.0,2.0,3.0,3.0,6.0,1,1
7245,5578.0,2.0,31.0,4.0,2.0,8.0,4.0,0.0,3.0,4.0,3.0,0,2
7246,5579.0,1.0,64.0,4.0,2.0,5.0,2.0,0.0,5.0,2.0,4.0,0,0
7247,5580.0,2.0,40.0,1.0,5.0,2.0,2.0,2.0,3.0,3.0,6.0,1,1
7249,8334.0,2.0,36.0,4.0,7.0,2.0,4.0,5.0,4.0,3.0,5.0,-1,-1
7250,9319.0,2.0,36.0,4.0,7.0,2.0,4.0,5.0,4.0,3.0,5.0,-1,-1
7251,5582.0,2.0,57.0,5.0,2.0,5.0,8.0,0.0,5.0,2.0,4.0,0,0
7254,5583.0,2.0,32.0,4.0,2.0,2.0,4.0,0.0,2.0,4.0,3.0,0,2
7255,5584.0,1.0,55.0,3.0,2.0,1.0,3.0,0.0,1.0,4.0,4.0,0,0
7256,8335.0,2.0,72.0,1.0,2.0,7.0,4.0,0.0,3.0,3.0,4.0,0,0
7257,5585.0,2.0,72.0,1.0,2.0,7.0,4.0,0.0,3.0,3.0,4.0,0,0
7260,5587.0,1.0,45.0,5.0,3.0,4.0,2.0,0.0,5.0,6.0,7.0,1,1
7261,9039.0,1.0,45.0,5.0,3.0,4.0,2.0,0.0,5.0,6.0,7.0,1,1
7262,9040.0,2.0,39.0,3.0,5.0,1.0,3.0,3.0,3.0,4.0,6.0,1,1
7263,8337.0,2.0,39.0,3.0,5.0,1.0,3.0,3.0,3.0,4.0,6.0,1,1
7264,5588.0,2.0,39.0,3.0,5.0,1.0,3.0,3.0,3.0,4.0,6.0,1,1
7265,8338.0,2.0,53.0,2.0,4.0,9.0,8.0,0.0,1.0,5.0,7.0,1,1
7267,5590.0,2.0,50.0,1.0,4.0,1.0,4.0,0.0,1.0,8.0,7.0,1,1
7268,5591.0,2.0,81.0,1.0,1.0,9.0,3.0,0.0,5.0,4.0,2.0,0,0
7271,5594.0,1.0,64.0,2.0,2.0,2.0,2.0,0.0,4.0,1.0,4.0,0,0
7273,8339.0,2.0,50.0,5.0,3.0,4.0,3.0,0.0,5.0,5.0,7.0,1,0
7274,9320.0,2.0,50.0,5.0,3.0,4.0,3.0,0.0,5.0,5.0,7.0,1,0
7275,5596.0,2.0,50.0,5.0,3.0,4.0,3.0,0.0,5.0,5.0,7.0,1,0
7276,5597.0,2.0,37.0,2.0,2.0,2.0,3.0,1.0,2.0,7.0,8.0,1,1
7277,5598.0,2.0,38.0,4.0,1.0,2.0,4.0,0.0,2.0,5.0,1.0,0,2
7279,5600.0,2.0,59.0,3.0,2.0,4.0,4.0,0.0,4.0,4.0,4.0,0,0
7280,5601.0,1.0,58.0,5.0,1.0,5.0,8.0,0.0,4.0,4.0,2.0,0,0
7283,5603.0,2.0,54.0,4.0,5.0,4.0,6.0,0.0,2.0,4.0,7.0,1,1
7284,8341.0,2.0,54.0,4.0,5.0,4.0,6.0,0.0,2.0,4.0,7.0,1,1
7285,5604.0,1.0,65.0,4.0,2.0,2.0,3.0,0.0,5.0,2.0,4.0,0,0
7287,8343.0,1.0,73.0,4.0,2.0,7.0,6.0,0.0,3.0,5.0,4.0,0,0
7288,5605.0,1.0,73.0,4.0,2.0,7.0,6.0,0.0,3.0,5.0,4.0,0,0
7291,5607.0,1.0,27.0,5.0,1.0,2.0,2.0,0.0,2.0,6.0,1.0,0,2
7292,5608.0,1.0,68.0,3.0,2.0,7.0,2.0,0.0,3.0,3.0,4.0,0,0
7293,9041.0,1.0,68.0,3.0,2.0,7.0,2.0,0.0,3.0,3.0,4.0,0,0
7294,5609.0,2.0,39.0,3.0,1.0,2.0,4.0,0.0,2.0,6.0,1.0,0,2
7295,5610.0,2.0,33.0,2.0,3.0,2.0,4.0,1.0,1.0,4.0,5.0,1,1
7296,5611.0,1.0,68.0,5.0,2.0,7.0,8.0,0.0,5.0,1.0,4.0,0,0
7297,9042.0,2.0,46.0,2.0,3.0,9.0,8.0,0.0,5.0,1.0,7.0,1,0
7298,5612.0,2.0,46.0,2.0,3.0,9.0,8.0,0.0,5.0,1.0,7.0,1,0
7299,5613.0,2.0,62.0,3.0,2.0,2.0,8.0,0.0,4.0,5.0,4.0,0,0
7308,5620.0,1.0,72.0,3.0,2.0,7.0,2.0,0.0,3.0,5.0,4.0,0,0
7311,5622.0,1.0,70.0,2.0,2.0,7.0,5.0,0.0,4.0,4.0,4.0,0,0
7313,8348.0,2.0,49.0,2.0,3.0,9.0,5.0,0.0,3.0,5.0,7.0,1,0
7316,5626.0,2.0,28.0,4.0,1.0,8.0,1.0,0.0,3.0,7.0,1.0,0,2
7317,8349.0,2.0,37.0,3.0,3.0,2.0,8.0,1.0,4.0,4.0,6.0,1,1
7318,5627.0,2.0,37.0,3.0,3.0,2.0,8.0,1.0,4.0,4.0,6.0,1,1
7319,5628.0,2.0,61.0,5.0,1.0,6.0,1.0,0.0,5.0,3.0,2.0,0,0
7325,5632.0,2.0,31.0,3.0,2.0,2.0,3.0,1.0,2.0,6.0,8.0,1,1
7327,5633.0,2.0,27.0,2.0,2.0,2.0,8.0,0.0,2.0,4.0,3.0,0,2
7328,5634.0,1.0,48.0,3.0,2.0,2.0,4.0,0.0,3.0,4.0,4.0,0,0
7329,8353.0,1.0,48.0,3.0,2.0,2.0,4.0,0.0,3.0,4.0,4.0,0,0
7335,5640.0,2.0,63.0,2.0,2.0,9.0,2.0,0.0,5.0,2.0,4.0,0,0
7336,5641.0,1.0,70.0,5.0,2.0,7.0,8.0,0.0,3.0,5.0,4.0,0,0
7339,5644.0,1.0,58.0,5.0,1.0,5.0,2.0,0.0,5.0,2.0,2.0,0,0
7340,8354.0,2.0,47.0,2.0,3.0,9.0,2.0,1.0,4.0,4.6,6.0,1,1
7341,5645.0,2.0,74.0,2.0,1.0,7.0,2.0,0.0,5.0,3.0,2.0,0,0
7342,5646.0,2.0,66.0,2.0,2.0,7.0,4.0,0.0,4.0,3.0,4.0,0,0
7343,9043.0,2.0,66.0,2.0,2.0,7.0,4.0,0.0,4.0,3.0,4.0,0,0
7346,5649.0,2.0,49.0,4.0,4.0,2.0,6.0,2.0,1.0,6.0,6.0,1,1
7347,9044.0,2.0,49.0,4.0,4.0,2.0,6.0,2.0,1.0,6.0,6.0,1,1
7348,9321.0,2.0,49.0,4.0,4.0,2.0,6.0,2.0,1.0,6.0,6.0,1,1
7349,5650.0,2.0,69.0,1.0,1.0,7.0,2.0,0.0,4.0,4.0,2.0,0,0
7350,5651.0,1.0,70.0,4.0,2.0,7.0,3.0,0.0,2.0,6.0,4.0,0,0
7351,5652.0,1.0,37.0,5.0,3.0,2.0,4.0,1.0,2.0,6.0,8.0,1,1
7352,8355.0,1.0,37.0,5.0,3.0,2.0,4.0,1.0,2.0,6.0,8.0,1,1
7353,5653.0,1.0,54.0,4.0,2.0,2.0,5.0,0.0,3.0,4.0,4.0,0,0
7355,5655.0,1.0,41.0,2.0,5.0,2.0,5.0,3.0,1.0,4.0,5.0,1,1
7356,9536.0,1.0,41.0,2.0,5.0,2.0,5.0,3.0,1.0,4.0,5.0,1,1
7357,8356.0,1.0,41.0,2.0,5.0,2.0,5.0,3.0,1.0,4.0,5.0,1,1
7361,5656.0,2.0,45.0,2.0,1.0,2.0,2.0,0.0,3.0,4.6,2.0,0,2
7362,8360.0,2.0,27.0,5.0,2.0,2.0,4.0,0.0,3.0,4.0,3.0,0,2
7363,5657.0,2.0,71.0,5.0,1.0,7.0,3.0,0.0,3.0,5.0,2.0,0,0
7366,5659.0,2.0,34.0,2.0,2.0,4.0,5.0,0.0,4.0,5.8,3.0,0,2
7367,5660.0,2.0,54.0,3.0,1.0,2.0,2.0,0.0,4.0,3.0,2.0,0,0
7372,8364.0,2.0,35.0,4.0,4.0,2.0,5.0,2.0,4.0,4.0,6.0,1,1
7373,5663.0,2.0,35.0,4.0,4.0,2.0,5.0,2.0,4.0,4.0,6.0,1,1
7374,5664.0,2.0,24.0,2.0,3.0,5.0,8.0,0.0,5.0,7.0,7.0,1,1
7377,5666.0,2.0,52.0,3.0,1.0,2.0,4.0,0.0,3.0,3.0,2.0,0,0
7379,5668.0,1.0,65.0,4.0,2.0,4.0,2.0,0.0,5.0,2.0,4.0,0,0
7381,5669.0,2.0,33.0,2.0,1.0,3.0,2.0,0.0,1.0,8.0,1.0,0,2
7382,5670.0,1.0,72.0,2.0,1.0,7.0,4.0,0.0,3.0,5.0,2.0,0,0
7383,5671.0,1.0,68.0,5.0,2.0,7.0,6.0,0.0,2.0,6.0,4.0,0,0
7386,8368.0,2.0,29.0,2.0,3.0,2.0,6.0,1.0,1.0,4.0,5.0,1,1
7387,5673.0,2.0,29.0,2.0,3.0,2.0,6.0,1.0,1.0,4.0,5.0,1,1
7388,5674.0,1.0,32.0,4.0,2.0,2.0,5.0,0.0,1.0,7.0,3.0,0,2
7389,9045.0,1.0,32.0,4.0,2.0,2.0,5.0,0.0,1.0,7.0,3.0,0,2
7391,5675.0,2.0,46.0,3.0,2.0,2.0,3.0,0.0,4.0,4.0,4.0,0,0
7394,5677.0,1.0,71.0,5.0,2.0,7.0,5.0,0.0,2.0,7.0,4.0,0,0
7395,5678.0,1.0,34.0,3.0,1.0,2.0,3.0,0.0,2.0,4.0,1.0,0,2
7397,5679.0,2.0,31.0,4.0,1.0,3.0,3.0,0.0,2.0,4.0,1.0,0,2
7398,8372.0,2.0,35.0,2.0,4.0,2.0,7.0,2.0,1.0,6.0,5.0,1,1
7399,5680.0,2.0,74.0,2.0,1.0,7.0,2.0,0.0,5.0,3.0,2.0,0,0
7400,5681.0,2.0,57.0,4.0,2.0,5.0,2.0,0.0,4.0,4.0,9.0,1,0
7401,5682.0,2.0,50.0,3.0,2.0,5.0,2.0,1.0,4.0,4.0,8.0,1,0
7406,9048.0,2.0,30.0,2.0,5.0,1.0,6.0,3.0,1.0,4.0,6.0,1,1
7407,8374.0,2.0,30.0,2.0,5.0,1.0,6.0,3.0,1.0,4.0,6.0,1,1
7408,5684.0,2.0,78.0,2.0,1.0,7.0,2.0,0.0,5.0,3.0,2.0,0,0
7409,5685.0,2.0,36.0,3.0,4.0,4.0,2.0,2.0,3.0,4.0,5.0,1,1
7410,8375.0,2.0,36.0,3.0,4.0,4.0,2.0,2.0,3.0,4.0,5.0,1,1
7422,5694.0,2.0,43.0,1.0,4.0,2.0,7.0,2.0,3.0,4.0,6.0,1,1
7423,5695.0,2.0,56.0,5.0,1.0,2.0,2.0,0.0,4.0,1.0,2.0,0,0
7424,5696.0,2.0,45.0,1.0,3.0,3.0,4.0,1.0,3.0,7.0,6.0,1,1
7426,5698.0,2.0,32.0,5.0,3.0,4.0,8.0,1.0,3.0,4.0,8.0,1,1
7428,5699.0,1.0,62.0,2.0,2.0,7.0,4.0,0.0,3.0,5.0,4.0,0,0
7429,5700.0,1.0,54.0,4.0,2.0,5.0,8.0,0.0,5.0,1.0,9.0,-1,-1
7433,8380.0,1.0,73.0,5.0,2.0,7.0,5.0,0.0,2.0,4.0,4.0,0,0
7434,5703.0,1.0,73.0,5.0,2.0,7.0,5.0,0.0,2.0,4.0,4.0,0,0
7437,9642.0,2.0,50.0,5.0,1.0,4.0,2.0,0.0,5.0,1.0,2.0,0,0
7440,5706.0,1.0,22.0,4.0,4.0,8.0,5.0,1.0,3.0,5.6,6.0,1,1
7442,5707.0,1.0,38.0,4.0,4.0,2.0,7.0,2.0,1.0,8.0,5.0,1,1
7445,5709.0,1.0,67.0,5.0,2.0,7.0,5.0,0.0,2.0,7.0,4.0,0,0
7449,9050.0,1.0,70.0,2.0,2.0,7.0,5.0,0.0,2.0,6.0,4.0,0,0
7450,5711.0,1.0,70.0,2.0,2.0,7.0,5.0,0.0,2.0,6.0,4.0,0,0
7451,8386.0,1.0,70.0,2.0,2.0,7.0,5.0,0.0,2.0,6.0,4.0,0,0
7452,5712.0,1.0,34.0,2.0,1.0,8.0,2.0,0.0,3.0,6.0,1.0,0,2
7453,9323.0,2.0,49.0,2.0,4.0,9.0,3.0,1.0,5.0,5.2,6.0,1,1
7454,5713.0,2.0,49.0,2.0,4.0,9.0,3.0,1.0,5.0,4.2,6.0,1,1
7455,8387.0,2.0,49.0,2.0,4.0,9.0,3.0,1.0,5.0,3.2,6.0,1,1
7460,5716.0,2.0,32.0,2.0,3.0,1.0,5.0,1.0,1.0,6.0,5.0,1,1
7463,5718.0,1.0,66.0,1.0,2.0,7.0,2.0,0.0,5.0,2.0,4.0,0,0
7464,5719.0,2.0,35.0,1.0,1.0,2.0,3.0,0.0,2.0,4.0,1.0,0,2
7465,5720.0,2.0,50.0,2.0,1.0,2.0,3.0,0.0,3.0,4.0,2.0,0,0
7468,5723.0,2.0,44.0,2.0,2.0,4.0,1.0,0.0,5.0,2.0,3.0,0,0
7469,8390.0,2.0,44.0,2.0,2.0,4.0,1.0,0.0,5.0,2.0,3.0,0,0
7471,5724.0,2.0,63.0,2.0,5.0,2.0,5.0,0.0,2.0,3.0,7.0,1,1
7472,5725.0,2.0,27.0,4.0,4.0,9.0,4.0,2.0,2.0,4.0,5.0,1,1
7473,8392.0,2.0,27.0,4.0,4.0,9.0,4.0,2.0,2.0,4.0,5.0,1,1
7474,5726.0,1.0,70.0,1.0,2.0,7.0,5.0,0.0,5.0,2.8,4.0,0,0
7475,5727.0,1.0,59.0,1.0,2.0,2.0,4.0,0.0,4.0,2.0,4.0,0,0
7476,5728.0,1.0,56.0,4.0,1.0,4.0,2.0,0.0,4.0,5.0,2.0,0,0
7477,5729.0,1.0,43.0,5.0,2.0,2.0,5.0,0.0,3.0,4.0,3.0,0,0
7482,9052.0,2.0,52.0,4.0,3.0,4.0,3.0,0.0,4.0,2.0,7.0,1,0
7483,5732.0,2.0,52.0,4.0,3.0,4.0,3.0,0.0,4.0,2.0,7.0,1,0
7484,5733.0,2.0,46.0,4.0,6.0,1.0,8.0,3.0,1.0,3.8,6.0,2,1
7485,8395.0,2.0,50.0,4.0,3.0,9.0,2.0,0.0,5.0,3.0,7.0,1,0
7486,5734.0,1.0,82.0,4.0,1.0,7.0,3.0,0.0,5.0,2.0,2.0,0,0
7488,5736.0,2.0,63.0,4.0,1.0,2.0,3.0,0.0,3.0,4.0,2.0,0,0
7489,5737.0,2.0,48.0,2.0,1.0,2.0,8.0,0.0,3.0,7.0,2.0,0,2
7490,5738.0,2.0,64.0,3.0,2.0,9.0,8.0,0.0,5.0,3.0,4.0,0,0
7491,5739.0,2.0,30.0,5.0,2.0,2.0,5.0,0.0,2.0,6.0,3.0,0,2
7492,8396.0,2.0,35.0,2.0,3.0,4.0,8.0,1.0,4.0,3.0,5.0,1,1
7493,5740.0,2.0,68.0,4.0,2.0,9.0,3.0,0.0,5.0,3.0,4.0,0,0
7494,8397.0,2.0,68.0,4.0,2.0,9.0,3.0,0.0,5.0,3.0,4.0,0,0
7499,5743.0,1.0,85.0,5.0,2.0,7.0,6.0,0.0,2.0,6.0,4.0,0,0
7502,5745.0,2.0,49.0,5.0,4.0,4.0,5.0,1.0,3.0,4.0,6.0,1,1
7504,8400.0,2.0,41.0,2.0,5.0,9.0,3.0,2.0,3.0,4.0,6.0,1,1
7505,5747.0,1.0,67.0,2.0,2.0,7.0,4.0,0.0,2.0,6.0,4.0,0,0
7506,5748.0,2.0,40.0,4.0,5.0,9.0,8.0,3.0,1.0,7.0,5.0,-1,-1
7507,5749.0,1.0,59.0,4.0,3.0,3.0,7.0,0.0,2.0,7.0,7.0,1,0
7508,5750.0,1.0,77.0,4.0,2.0,7.0,3.0,0.0,5.0,3.0,4.0,0,0
7509,5751.0,1.0,60.0,4.0,2.0,2.0,5.0,0.0,3.0,4.0,4.0,0,0
7515,5755.0,2.0,30.0,3.0,4.0,1.0,5.0,2.0,2.0,6.2,5.0,1,1
7516,5756.0,2.0,64.0,4.0,2.0,2.0,5.0,0.0,3.0,4.0,4.0,0,0
7518,5758.0,2.0,61.0,4.0,2.0,2.0,5.0,0.0,2.0,6.0,4.0,0,0
7519,5759.0,2.0,36.0,3.0,3.0,2.0,7.0,1.0,3.0,6.6,5.0,1,1
7523,5761.0,2.0,45.0,2.0,1.0,2.0,2.0,0.0,2.0,7.0,2.0,0,2
7524,5762.0,1.0,47.0,4.0,4.0,3.0,4.0,0.0,1.0,7.0,7.0,1,1
7525,9325.0,1.0,47.0,4.0,4.0,3.0,4.0,0.0,1.0,7.0,7.0,1,1
7526,5763.0,1.0,40.0,2.0,3.0,4.0,3.0,1.0,4.0,4.0,6.0,1,1
7527,5764.0,1.0,60.0,4.0,2.0,2.0,3.0,0.0,2.0,4.0,3.0,0,0
7528,5765.0,2.0,51.0,5.0,1.0,4.0,1.0,0.0,4.0,4.0,2.0,0,0
7529,5766.0,1.0,64.0,1.0,2.0,9.0,3.0,0.0,1.0,4.0,4.0,0,0
7531,5768.0,1.0,52.0,1.0,1.0,4.0,2.0,0.0,5.0,2.0,2.0,0,0
7532,5769.0,2.0,23.0,5.0,3.0,8.0,5.0,0.0,3.0,7.0,7.0,1,1
7533,8403.0,2.0,61.0,4.0,2.0,4.0,4.0,0.0,4.0,2.0,4.0,0,0
7534,5770.0,1.0,55.0,5.0,3.0,3.0,4.0,0.0,1.0,4.0,7.0,1,0
7540,5774.0,1.0,68.0,5.0,2.0,7.0,3.0,0.0,4.0,4.0,4.0,0,0
7541,5775.0,2.0,53.0,2.0,1.0,3.0,4.0,0.0,1.0,8.0,2.0,0,2
7542,5776.0,2.0,40.0,2.0,4.0,2.0,6.0,2.0,3.0,8.0,6.0,1,1
7543,5777.0,2.0,24.0,2.0,3.0,8.0,4.0,0.0,4.0,4.0,7.0,1,1
7544,5778.0,2.0,18.0,4.0,4.0,8.0,7.0,1.0,1.0,3.0,6.0,-1,-1
7545,9326.0,2.0,18.0,4.0,4.0,8.0,7.0,1.0,1.0,3.0,6.0,-1,-1
7546,5779.0,1.0,69.0,4.0,2.0,7.0,8.0,0.0,3.0,5.0,4.0,0,0
7556,5787.0,1.0,56.0,5.0,5.0,1.0,5.0,2.0,1.0,6.0,6.0,1,1
7558,5789.0,2.0,27.0,2.0,1.0,2.0,2.0,0.0,2.0,7.0,1.0,0,2
7559,5790.0,1.0,48.0,2.0,5.0,2.0,4.0,3.0,1.0,6.0,5.0,1,1
7560,8408.0,1.0,48.0,2.0,5.0,2.0,4.0,3.0,1.0,6.0,5.0,1,1
7561,5791.0,2.0,26.0,2.0,2.0,2.0,5.0,0.0,2.0,4.0,3.0,0,2
7564,5794.0,1.0,66.0,2.0,2.0,7.0,8.0,0.0,5.0,3.0,4.0,0,0
7567,5796.0,1.0,66.0,1.0,2.0,7.0,4.0,0.0,5.0,3.0,4.0,0,0
7568,5797.0,2.0,24.0,2.0,2.0,3.0,8.0,0.0,3.0,8.0,3.0,0,2
7569,5798.0,2.0,42.0,2.0,4.0,2.0,8.0,2.0,2.0,3.0,6.0,1,1
7573,5801.0,2.0,26.0,4.0,4.0,5.0,3.0,0.0,1.0,7.0,7.0,1,1
7574,5802.0,1.0,70.0,2.0,1.0,7.0,3.0,0.0,5.0,3.6,2.0,0,0
7578,5804.0,2.0,67.0,4.0,1.0,7.0,3.0,0.0,5.0,2.0,2.0,0,0
7581,5806.0,1.0,71.0,1.0,1.0,7.0,2.0,0.0,2.0,4.0,2.0,0,0
7582,5807.0,1.0,69.0,3.0,2.0,7.0,4.0,0.0,2.0,6.0,4.0,0,0
7585,5809.0,2.0,36.0,2.0,1.0,2.0,3.0,0.0,2.0,6.0,1.0,0,2
7586,5810.0,1.0,30.0,5.0,1.0,3.0,4.0,0.0,2.0,7.0,1.0,0,2
7587,5811.0,2.0,49.0,3.0,2.0,2.0,1.0,1.0,4.0,2.0,9.0,1,1
7588,5812.0,2.0,56.0,5.0,2.0,4.0,5.0,0.0,3.0,7.0,4.0,0,0
7590,9328.0,2.0,47.0,2.0,4.0,1.0,3.0,2.0,4.0,4.0,6.0,1,1
7591,8412.0,2.0,47.0,2.0,4.0,1.0,3.0,2.0,4.0,4.0,6.0,1,1
7592,5814.0,2.0,34.0,2.0,4.0,9.0,8.0,2.0,1.0,4.0,5.0,1,1
7594,9643.0,1.0,72.0,2.0,2.0,7.0,8.0,0.0,5.0,3.0,4.0,0,0
7596,5817.0,1.0,21.0,5.0,5.0,8.0,6.0,0.0,3.0,5.0,7.0,1,1
7597,5818.0,1.0,51.0,5.0,2.0,4.0,2.0,0.0,5.0,2.0,4.0,0,0
7598,8413.0,2.0,48.0,2.0,2.0,4.0,5.0,0.0,2.0,4.0,4.0,0,0
7599,5819.0,2.0,68.0,5.0,1.0,7.0,2.0,0.0,5.0,2.0,2.0,0,0
7600,5820.0,2.0,70.0,1.0,2.0,7.0,8.0,0.0,4.0,4.0,9.0,-1,-1
7601,5821.0,2.0,34.0,4.0,3.0,9.0,4.0,1.0,1.0,7.0,5.0,1,1
7602,8414.0,2.0,34.0,4.0,3.0,9.0,4.0,1.0,1.0,7.0,5.0,1,1
7603,5822.0,1.0,41.0,2.0,5.0,2.0,5.0,3.0,2.0,6.0,8.0,1,1
7604,5823.0,2.0,50.0,5.0,2.0,1.0,8.0,0.0,1.0,6.0,4.0,0,0
7606,5825.0,2.0,58.0,5.0,2.0,2.0,8.0,0.0,2.0,4.0,4.0,0,0
7607,5826.0,2.0,50.0,5.0,2.0,2.0,4.0,0.0,5.0,2.0,4.0,0,0
7610,8416.0,2.0,34.0,4.0,3.0,2.0,2.0,2.0,2.0,7.0,8.0,1,1
7611,5828.0,2.0,34.0,4.0,3.0,2.0,2.0,2.0,2.0,7.0,8.0,1,1
7612,5829.0,2.0,68.0,4.0,1.0,7.0,1.0,0.0,5.0,2.0,2.0,0,0
7613,9057.0,2.0,51.0,2.0,1.0,2.0,8.0,0.0,4.0,2.0,2.0,0,0
7615,8418.0,2.0,35.0,4.0,4.0,9.0,2.0,2.0,4.0,6.2,6.0,1,1
7616,5830.0,2.0,35.0,4.0,4.0,9.0,2.0,2.0,4.0,5.8,6.0,1,1
7617,9058.0,2.0,35.0,4.0,4.0,9.0,2.0,2.0,4.0,4.8,6.0,1,1
7620,5832.0,1.0,48.0,5.0,1.0,2.0,5.0,0.0,2.0,5.0,2.0,0,0
7622,5833.0,1.0,78.0,3.0,2.0,7.0,4.0,0.0,2.0,6.0,4.0,0,0
7623,5834.0,1.0,39.0,2.0,1.0,2.0,2.0,0.0,2.0,7.0,1.0,0,2
7624,8421.0,2.0,40.0,4.0,5.0,2.0,5.0,3.0,2.0,4.0,6.0,1,1
7625,5835.0,2.0,40.0,4.0,5.0,2.0,5.0,3.0,2.0,4.0,6.0,1,1
7626,9329.0,2.0,40.0,4.0,5.0,2.0,5.0,3.0,2.0,4.0,6.0,1,1
7627,5836.0,2.0,45.0,4.0,4.0,3.0,7.0,2.0,2.0,8.0,6.0,1,1
7628,8422.0,2.0,45.0,4.0,4.0,3.0,7.0,2.0,2.0,8.0,6.0,1,1
7629,5837.0,2.0,41.0,5.0,2.0,2.0,2.0,1.0,3.0,4.0,8.0,1,1
7631,5839.0,1.0,29.0,2.0,3.0,2.0,5.0,1.0,2.0,2.0,8.0,1,1
7636,5841.0,2.0,43.0,1.0,1.0,1.0,8.0,0.0,1.0,6.0,1.0,0,2
7640,5845.0,1.0,48.0,2.0,4.0,3.0,5.0,2.0,2.0,4.0,6.0,1,1
7641,9060.0,1.0,48.0,2.0,4.0,3.0,5.0,2.0,2.0,4.0,6.0,1,1
7642,5846.0,2.0,65.0,2.0,1.0,2.0,5.0,0.0,2.0,5.0,2.0,0,0
7643,5847.0,1.0,43.0,4.0,4.0,2.0,7.0,2.0,3.0,4.0,8.0,1,1
7644,5848.0,2.0,51.0,5.0,1.0,2.0,3.0,0.0,2.0,5.0,2.0,0,0
7645,5849.0,1.0,72.0,4.0,1.0,7.0,2.0,0.0,5.0,2.0,2.0,0,0
7646,5850.0,2.0,19.0,4.0,4.0,8.0,5.0,0.0,2.0,5.0,7.0,1,1
7648,5852.0,2.0,46.0,2.0,5.0,2.0,5.0,3.0,1.0,8.0,6.0,1,1
7654,5856.0,1.0,70.0,4.0,1.0,7.0,4.0,0.0,2.0,6.0,2.0,0,0
7655,5857.0,2.0,48.0,4.0,1.0,4.0,1.0,0.0,3.0,6.0,2.0,0,2
7656,9537.0,2.0,55.0,2.0,4.0,2.0,7.0,0.0,4.0,4.0,7.0,1,1
7657,5858.0,2.0,55.0,2.0,4.0,2.0,7.0,0.0,4.0,4.0,7.0,1,1
7658,5859.0,1.0,63.0,5.0,3.0,1.0,6.0,0.0,1.0,6.0,9.0,1,0
7659,5860.0,1.0,67.0,5.0,2.0,7.0,5.0,0.0,2.0,6.0,4.0,0,0
7660,5861.0,1.0,44.0,2.0,1.0,2.0,3.0,0.0,2.0,4.0,1.0,0,2
7663,5863.0,2.0,26.0,5.0,1.0,2.0,3.0,0.0,2.0,7.0,1.0,0,2
7664,8427.0,2.0,40.0,1.0,3.0,4.0,5.0,1.0,1.0,5.0,6.0,1,1
7666,5864.0,2.0,52.0,5.0,3.0,2.0,2.0,2.0,2.0,4.0,8.0,1,1
7669,8430.0,1.0,46.0,1.0,2.0,2.0,4.0,0.0,2.0,4.0,3.0,0,0
7672,5866.0,1.0,60.0,4.0,2.0,2.0,5.0,0.0,2.0,5.0,9.0,1,0
7673,9062.0,1.0,51.0,5.0,4.0,2.0,8.0,2.0,5.0,7.0,6.0,1,1
7674,5867.0,1.0,51.0,5.0,4.0,2.0,8.0,2.0,5.0,7.0,6.0,1,1
7675,9538.0,1.0,56.0,2.0,5.0,2.0,4.0,1.0,2.0,7.0,6.0,1,1
7676,5868.0,1.0,56.0,2.0,5.0,2.0,4.0,1.0,2.0,7.0,6.0,1,1
7677,9331.0,1.0,44.0,4.0,4.0,2.0,5.0,2.0,1.0,6.0,8.0,1,1
7678,5869.0,1.0,44.0,4.0,4.0,2.0,5.0,2.0,1.0,6.0,8.0,1,1
7679,9063.0,1.0,44.0,4.0,4.0,2.0,5.0,2.0,1.0,6.0,8.0,1,1
7680,8432.0,1.0,44.0,4.0,4.0,2.0,5.0,2.0,1.0,6.0,8.0,1,1
7685,5873.0,1.0,57.0,4.0,1.0,5.0,1.0,0.0,5.0,2.0,2.0,0,0
7686,5874.0,2.0,39.0,3.0,1.0,2.0,2.0,0.0,2.0,6.0,1.0,0,2
7687,5875.0,2.0,61.0,1.0,1.0,4.0,3.0,0.0,4.0,4.0,2.0,0,0
7688,5876.0,2.0,45.0,4.0,4.0,5.0,5.0,2.0,2.0,2.0,8.0,1,1
7689,9064.0,2.0,45.0,4.0,4.0,5.0,5.0,2.0,2.0,2.0,8.0,1,1
7690,8434.0,2.0,45.0,4.0,4.0,5.0,5.0,2.0,2.0,2.0,8.0,1,1
7691,5877.0,1.0,70.0,1.0,2.0,7.0,2.0,0.0,5.0,4.6,4.0,0,0
7692,8435.0,2.0,30.0,5.0,2.0,2.0,7.0,0.0,1.0,8.0,3.0,0,2
7693,5878.0,2.0,30.0,5.0,2.0,2.0,7.0,0.0,1.0,8.0,3.0,0,2
7694,9065.0,2.0,37.0,2.0,5.0,4.0,5.0,3.0,2.0,7.0,6.0,1,1
7695,8436.0,2.0,37.0,2.0,5.0,4.0,5.0,3.0,2.0,7.0,6.0,1,1
7696,5879.0,1.0,50.0,2.0,3.0,2.0,4.0,1.0,2.0,6.0,6.0,1,1
7697,8437.0,1.0,50.0,2.0,3.0,2.0,4.0,1.0,2.0,6.0,6.0,1,1
7698,5880.0,2.0,49.0,2.0,3.0,9.0,8.0,0.0,2.0,4.0,7.0,1,0
7699,9332.0,2.0,37.0,3.0,5.0,9.0,2.0,3.0,3.0,5.0,6.0,-1,-1
7700,5881.0,2.0,37.0,3.0,5.0,9.0,2.0,3.0,3.0,5.0,6.0,-1,-1
7701,8438.0,2.0,37.0,3.0,5.0,9.0,2.0,3.0,3.0,5.0,6.0,-1,-1
7702,9066.0,2.0,37.0,3.0,5.0,9.0,2.0,3.0,3.0,5.0,6.0,-1,-1
7703,5882.0,1.0,74.0,2.0,2.0,7.0,4.0,0.0,5.0,2.0,4.0,0,0
7704,5883.0,2.0,74.0,2.0,1.0,7.0,2.0,0.0,1.0,8.0,2.0,0,0
7705,8439.0,1.0,42.0,5.0,5.0,2.0,5.0,3.0,1.0,6.0,6.0,1,1
7706,9333.0,1.0,42.0,5.0,5.0,2.0,5.0,3.0,1.0,6.0,6.0,1,1
7707,5884.0,1.0,42.0,5.0,5.0,2.0,5.0,3.0,1.0,6.0,6.0,1,1
7708,8440.0,2.0,36.0,2.0,4.0,2.0,6.0,2.0,1.0,7.0,5.0,1,1
7709,5885.0,2.0,38.0,1.0,1.0,2.0,1.0,0.0,3.0,3.0,1.0,0,2
7710,5886.0,2.0,42.0,2.0,1.0,4.0,1.0,0.0,3.0,6.0,1.0,0,2
7713,8442.0,2.0,30.0,2.0,3.0,2.0,4.0,1.0,2.0,4.0,6.0,1,1
7714,8443.0,2.0,35.0,3.0,2.0,3.0,4.0,0.0,2.0,6.0,3.0,0,2
7715,5888.0,2.0,35.0,1.0,1.0,2.0,5.0,0.0,1.0,7.0,1.0,0,2
7716,5889.0,2.0,46.0,2.0,3.0,2.0,5.0,1.0,2.0,3.0,6.0,1,1
7717,5890.0,1.0,80.0,4.0,2.0,7.0,5.0,0.0,2.0,6.0,4.0,0,0
7718,8444.0,1.0,80.0,4.0,2.0,7.0,5.0,0.0,2.0,6.0,4.0,0,0
7721,5891.0,1.0,66.0,4.0,1.0,7.0,2.0,0.0,1.0,7.0,2.0,0,0
7722,5892.0,2.0,68.0,2.0,1.0,7.0,4.0,0.0,3.0,5.0,2.0,0,0
7723,5893.0,2.0,31.0,3.0,1.0,2.0,2.0,0.0,2.0,7.0,1.0,0,2
7724,5894.0,1.0,39.0,5.0,2.0,2.0,7.0,0.0,1.0,7.0,3.0,0,2
7726,5895.0,1.0,62.0,3.0,4.0,4.0,7.0,0.0,3.0,3.0,7.0,1,1
7727,5896.0,1.0,43.0,5.0,1.0,4.0,1.0,0.0,4.0,4.0,1.0,0,2
7730,5898.0,1.0,66.0,2.0,2.0,1.0,7.0,0.0,1.0,4.0,3.0,0,0
7731,5899.0,1.0,58.0,2.0,2.0,2.0,6.0,0.0,3.0,3.0,4.0,0,0
7733,5900.0,1.0,60.0,3.0,2.0,7.0,4.0,0.0,3.0,5.0,4.0,0,0
7734,5901.0,2.0,46.0,5.0,2.0,2.0,4.0,0.0,1.0,4.0,9.0,1,0
7736,8451.0,1.0,52.0,2.0,4.0,5.0,4.0,0.0,3.0,5.0,7.0,1,1
7737,5902.0,1.0,52.0,2.0,4.0,5.0,4.0,0.0,3.0,5.0,7.0,1,1
7739,9067.0,1.0,48.0,1.0,4.0,2.0,5.0,2.0,5.0,2.0,6.0,1,1
7740,5904.0,1.0,48.0,1.0,4.0,2.0,5.0,2.0,5.0,2.0,6.0,1,1
7741,8452.0,1.0,48.0,1.0,4.0,2.0,5.0,2.0,5.0,2.0,6.0,1,1
7742,5905.0,2.0,65.0,5.0,2.0,2.0,8.0,0.0,4.0,4.0,4.0,0,0
7743,8453.0,2.0,65.0,5.0,2.0,2.0,8.0,0.0,4.0,4.0,4.0,0,0
7744,5906.0,1.0,54.0,2.0,2.0,2.0,3.0,0.0,3.0,4.0,4.0,0,0
7745,5907.0,2.0,63.0,5.0,1.0,6.0,2.0,0.0,5.0,3.0,2.0,0,0
7746,5908.0,2.0,49.0,3.0,3.0,2.0,8.0,1.0,2.0,4.0,9.0,1,1
7747,8454.0,2.0,33.0,3.0,3.0,5.0,1.0,2.0,4.0,4.0,8.0,1,1
7748,8455.0,2.0,31.0,5.0,2.0,2.0,6.0,0.0,3.0,4.0,3.0,0,2
7749,5909.0,2.0,31.0,5.0,2.0,2.0,6.0,0.0,3.0,4.0,3.0,0,2
7751,5911.0,2.0,43.0,4.0,1.0,4.0,2.0,0.0,4.0,3.0,1.0,0,2
7752,5912.0,2.0,62.0,2.0,1.0,5.0,2.0,0.0,5.0,3.0,2.0,0,0
7753,5913.0,2.0,69.0,1.0,1.0,7.0,5.0,0.0,1.0,8.0,2.0,0,0
7755,5915.0,2.0,52.0,2.0,3.0,9.0,3.0,0.0,4.0,4.0,7.0,1,0
7756,8456.0,2.0,52.0,2.0,3.0,9.0,3.0,0.0,4.0,4.0,7.0,1,0
7757,5916.0,2.0,38.0,4.0,1.0,6.0,1.0,0.0,5.0,2.0,1.0,0,2
7758,5917.0,1.0,45.0,4.0,3.0,2.0,5.0,2.0,2.0,7.0,8.0,1,1
7759,5918.0,2.0,66.0,4.0,2.0,7.0,4.0,0.0,2.0,6.0,4.0,0,0
7760,5919.0,1.0,76.0,5.0,2.0,1.0,3.0,0.0,1.0,7.0,4.0,0,0
7761,8457.0,1.0,76.0,5.0,2.0,1.0,3.0,0.0,1.0,7.0,4.0,0,0
7762,9068.0,2.0,43.0,1.0,3.0,2.0,3.0,1.0,3.0,5.0,6.0,1,1
7763,5920.0,2.0,43.0,1.0,3.0,2.0,3.0,1.0,3.0,5.0,6.0,1,1
7764,8458.0,2.0,43.0,1.0,3.0,2.0,3.0,1.0,3.0,5.0,6.0,1,1
7767,5922.0,1.0,34.0,5.0,2.0,4.0,8.0,0.0,1.0,6.0,3.0,0,2
7769,5923.0,2.0,61.0,2.0,1.0,2.0,2.0,0.0,5.0,2.0,2.0,0,0
7770,5924.0,1.0,78.0,1.0,1.0,7.0,2.0,0.0,1.0,8.0,2.0,0,0
7771,5925.0,1.0,60.0,1.0,2.0,7.0,4.0,0.0,5.0,3.0,4.0,0,0
7772,8461.0,1.0,60.0,1.0,2.0,7.0,4.0,0.0,5.0,3.0,4.0,0,0
7773,8462.0,2.0,49.0,3.0,3.0,9.0,8.0,1.0,4.0,4.0,6.0,1,1
7774,5926.0,2.0,61.0,1.0,2.0,9.0,3.0,0.0,5.0,3.0,9.0,1,0
7775,5927.0,2.0,47.0,2.0,3.0,2.0,8.0,1.0,3.0,3.0,6.0,1,1
7776,5928.0,2.0,32.0,4.0,1.0,2.0,5.0,0.0,1.0,8.0,1.0,0,2
7780,5932.0,1.0,60.0,1.0,1.0,4.0,2.0,0.0,5.0,3.0,2.0,0,0
7781,5933.0,2.0,71.0,5.0,1.0,7.0,2.0,0.0,3.0,5.0,2.0,0,0
7783,5935.0,2.0,34.0,2.0,2.0,5.0,1.0,1.0,5.0,2.0,8.0,1,1
7786,8463.0,1.0,43.0,4.0,2.0,3.0,7.0,0.0,2.0,5.0,3.0,0,2
7787,5938.0,1.0,74.0,2.0,2.0,7.0,3.0,0.0,4.0,4.0,4.0,0,0
7788,5939.0,2.0,36.0,5.0,2.0,1.0,5.0,0.0,1.0,6.0,3.0,0,2
7789,5940.0,2.0,70.0,2.0,2.0,7.0,2.0,0.0,4.0,4.0,4.0,0,0
7790,5941.0,1.0,42.0,4.0,4.0,2.0,5.0,2.0,2.0,7.0,5.0,1,1
7791,8464.0,1.0,42.0,4.0,4.0,2.0,5.0,2.0,2.0,7.0,5.0,1,1
7792,8465.0,2.0,46.0,5.0,3.0,4.0,8.0,1.0,1.0,7.0,6.0,1,1
7793,5942.0,2.0,46.0,5.0,3.0,4.0,8.0,1.0,1.0,7.0,6.0,1,1
7794,5943.0,1.0,57.0,2.0,2.0,2.0,6.0,0.0,3.0,4.0,4.0,0,0
7795,5944.0,2.0,74.0,4.0,2.0,9.0,8.0,0.0,1.0,5.0,4.0,0,0
7796,8466.0,2.0,74.0,4.0,2.0,9.0,8.0,0.0,1.0,5.0,4.0,0,0
7797,5945.0,2.0,51.0,2.0,1.0,2.0,5.0,0.0,2.0,5.0,2.0,0,0
7798,5946.0,1.0,64.0,3.0,2.0,4.0,5.0,0.0,3.0,3.0,4.0,0,0
7799,8467.0,1.0,64.0,3.0,2.0,4.0,5.0,0.0,3.0,3.0,4.0,0,0
7800,5947.0,1.0,23.0,5.0,5.0,2.0,7.0,1.0,4.0,6.0,6.0,-1,-1
7807,5950.0,1.0,70.0,2.0,1.0,7.0,2.0,0.0,5.0,2.0,2.0,0,0
7814,5953.0,2.0,70.0,2.0,1.0,7.0,8.0,0.0,5.0,3.0,2.0,0,0
7816,5955.0,2.0,59.0,3.0,2.0,2.0,5.0,0.0,2.0,3.0,4.0,0,0
7817,9644.0,2.0,38.0,3.0,4.0,2.0,2.0,2.0,1.0,6.0,5.0,1,1
7818,5956.0,2.0,58.0,4.0,1.0,9.0,2.0,0.0,5.0,3.6,2.0,0,0
7819,8472.0,1.0,54.0,5.0,2.0,2.0,5.0,0.0,2.0,5.0,4.0,0,0
7820,5957.0,2.0,49.0,5.0,3.0,2.0,4.0,1.0,4.0,3.0,6.0,1,1
7821,5958.0,2.0,69.0,2.0,1.0,9.0,1.0,0.0,5.0,2.0,2.0,0,0
7824,5960.0,1.0,81.0,4.0,2.0,7.0,3.0,0.0,5.0,2.0,4.0,0,0
7825,5961.0,2.0,63.0,4.0,1.0,2.0,2.0,0.0,3.0,4.0,2.0,0,0
7827,5963.0,1.0,55.0,5.0,1.0,7.0,2.0,0.0,2.0,6.0,2.0,0,0
7828,5964.0,1.0,50.0,4.0,2.0,2.0,3.0,0.0,3.0,3.0,4.0,0,0
7829,5965.0,1.0,54.0,5.0,3.0,5.0,7.0,1.0,3.0,7.0,6.0,1,1
7830,5966.0,1.0,67.0,1.0,1.0,7.0,2.0,0.0,4.0,4.0,2.0,0,0
7831,5967.0,2.0,53.0,4.0,2.0,2.0,2.0,0.0,2.0,4.0,9.0,1,0
7834,8474.0,1.0,25.0,2.0,3.0,4.0,2.0,1.0,5.0,3.0,9.0,-1,-1
7838,5971.0,2.0,51.0,2.0,2.0,2.0,8.0,0.0,4.0,6.0,4.0,0,0
7839,8477.0,2.0,51.0,2.0,2.0,2.0,8.0,0.0,4.0,6.0,4.0,0,0
7840,5972.0,2.0,35.0,5.0,2.0,2.0,2.0,1.0,2.0,4.0,8.0,1,1
7841,5973.0,1.0,71.0,2.0,2.0,7.0,4.0,0.0,2.0,6.0,4.0,0,0
7845,5975.0,2.0,72.0,2.0,1.0,7.0,8.0,0.0,5.0,3.0,2.0,0,0
7846,5976.0,2.0,44.0,1.0,2.0,2.0,1.0,1.0,3.0,4.0,8.0,1,1
7847,8480.0,2.0,44.0,1.0,2.0,2.0,1.0,1.0,3.0,4.0,8.0,1,1
7848,5977.0,1.0,46.0,4.0,5.0,2.0,4.0,3.0,4.0,2.0,6.0,1,1
7849,8481.0,1.0,46.0,4.0,5.0,2.0,4.0,3.0,4.0,2.0,6.0,1,1
7857,5982.0,1.0,42.0,1.0,4.0,2.0,8.0,2.0,1.0,7.0,6.0,1,1
7859,5984.0,1.0,47.0,5.0,2.0,2.0,5.0,0.0,3.0,4.0,4.0,0,0
7861,5986.0,1.0,39.0,4.0,2.0,2.0,2.0,0.0,1.0,8.0,3.0,0,2
7864,8486.0,2.0,50.0,4.0,3.0,5.0,8.0,1.0,4.0,4.0,8.0,1,1
7865,9336.0,2.0,50.0,4.0,3.0,5.0,8.0,1.0,4.0,4.0,8.0,1,1
7866,5988.0,2.0,25.0,4.0,5.0,8.0,8.0,0.0,5.0,5.0,7.0,-1,-1
7867,5989.0,1.0,28.0,1.0,5.0,8.0,8.0,1.0,4.0,6.4,6.0,-1,-1
7868,5990.0,2.0,40.0,2.0,2.0,2.0,3.0,1.0,2.0,5.0,8.0,1,1
7872,5992.0,1.0,29.0,4.0,1.0,2.0,3.0,0.0,2.0,7.0,1.0,0,2
7876,9071.0,2.0,43.0,2.0,5.0,2.0,4.0,3.0,2.0,4.0,5.0,1,1
7877,8491.0,2.0,43.0,2.0,5.0,2.0,4.0,3.0,2.0,4.0,5.0,1,1
7878,5994.0,2.0,43.0,2.0,5.0,2.0,4.0,3.0,2.0,4.0,5.0,1,1
7879,5995.0,1.0,52.0,5.0,1.0,2.0,4.0,0.0,2.0,3.0,2.0,0,0
7880,9483.0,1.0,57.0,4.0,4.0,2.0,3.0,0.0,2.0,4.0,7.0,1,1
7881,5996.0,1.0,57.0,4.0,4.0,2.0,3.0,0.0,2.0,4.0,7.0,1,1
7882,5997.0,1.0,49.0,4.0,4.0,2.0,4.0,2.0,2.0,4.0,6.0,1,1
7883,8492.0,2.0,63.0,3.0,2.0,3.0,7.0,0.0,2.0,6.0,4.0,0,0
7886,5999.0,1.0,50.0,4.0,3.0,2.0,4.0,1.0,2.0,4.0,6.0,1,1
7887,8493.0,2.0,50.0,2.0,4.0,9.0,5.0,1.0,5.0,4.0,8.0,1,1
7890,6001.0,2.0,38.0,2.0,2.0,2.0,4.0,0.0,1.0,8.0,3.0,0,2
7891,6002.0,2.0,60.0,2.0,1.0,9.0,8.0,0.0,3.0,7.0,2.0,0,0
7892,6003.0,2.0,42.0,4.0,2.0,2.0,5.0,0.0,2.0,7.0,3.0,0,2
7893,6004.0,1.0,73.0,1.0,1.0,7.0,4.0,0.0,5.0,1.0,2.0,0,0
7895,6006.0,1.0,18.0,4.0,4.0,8.0,8.0,0.0,4.0,3.0,7.0,1,1
7897,6007.0,1.0,71.0,4.0,2.0,7.0,2.0,0.0,5.0,2.0,4.0,0,0
7898,6008.0,2.0,47.0,3.0,2.0,2.0,8.0,0.0,2.0,4.8,4.0,0,0
7899,6009.0,1.0,42.0,5.0,1.0,6.0,1.0,0.0,4.0,4.0,1.0,0,2
7900,6010.0,2.0,29.0,2.0,1.0,2.0,1.0,0.0,1.0,8.0,1.0,0,2
7901,6011.0,1.0,39.0,2.0,2.0,2.0,6.0,0.0,2.0,7.0,3.0,0,2
7902,6012.0,2.0,62.0,3.0,1.0,4.0,1.0,0.0,4.0,4.0,2.0,0,0
7903,8496.0,2.0,47.0,2.0,4.0,9.0,4.0,0.0,4.0,3.0,7.0,1,1
7904,6013.0,1.0,51.0,2.0,2.0,2.0,3.0,0.0,4.0,2.0,4.0,0,0
7905,6014.0,2.0,41.0,4.0,3.0,3.0,5.0,1.0,2.0,4.0,6.0,1,1
7906,8497.0,2.0,41.0,4.0,3.0,3.0,5.0,1.0,2.0,4.0,6.0,1,1
7907,6015.0,2.0,76.0,5.0,1.0,7.0,2.0,0.0,3.0,5.0,2.0,0,0
7908,6016.0,1.0,76.0,2.0,2.0,1.0,7.0,0.0,1.0,8.0,4.0,0,0
7910,8498.0,2.0,43.0,4.0,5.0,9.0,4.0,3.0,2.0,5.0,6.0,-1,-1
7911,6018.0,2.0,56.0,5.0,1.0,4.0,1.0,0.0,4.0,4.0,2.0,0,0
7912,6019.0,2.0,39.0,4.0,1.0,2.0,8.0,0.0,2.0,6.0,1.0,0,2
7913,6020.0,1.0,35.0,5.0,5.0,1.0,6.0,3.0,1.0,6.0,5.0,1,1
7914,6021.0,1.0,63.0,5.0,2.0,2.0,5.0,0.0,2.0,3.0,4.0,0,0
7915,8499.0,1.0,63.0,5.0,2.0,2.0,5.0,0.0,2.0,3.0,4.0,0,0
7916,6022.0,2.0,63.0,2.0,2.0,7.0,3.0,0.0,5.0,3.0,4.0,0,0
7917,8500.0,2.0,63.0,2.0,2.0,7.0,3.0,0.0,5.0,3.0,4.0,0,0
7918,6023.0,2.0,71.0,2.0,1.0,7.0,4.0,0.0,4.0,4.0,2.0,0,0
7919,6024.0,1.0,46.0,2.0,3.0,2.0,3.0,1.0,4.0,2.0,6.0,1,1
7920,6025.0,1.0,75.0,1.0,1.0,7.0,5.0,0.0,2.0,6.0,2.0,0,0
7924,9072.0,2.0,51.0,2.0,4.0,2.0,5.0,0.0,3.0,5.0,7.0,1,1
7925,6027.0,2.0,51.0,2.0,4.0,2.0,5.0,0.0,3.0,5.0,7.0,1,1
7926,8501.0,2.0,51.0,2.0,4.0,2.0,5.0,0.0,3.0,5.0,7.0,1,1
7927,6028.0,1.0,46.0,4.0,5.0,2.0,2.0,1.0,3.0,1.0,5.0,-1,-1
7928,6029.0,2.0,42.0,2.0,2.0,4.0,3.0,1.0,3.0,5.0,8.0,1,1
7929,6030.0,2.0,67.0,4.0,2.0,7.0,2.0,0.0,4.0,3.0,4.0,0,0
7932,8503.0,1.0,45.0,2.0,2.0,2.0,5.0,0.0,4.0,1.0,3.0,0,0
7933,6032.0,1.0,82.0,5.0,2.0,7.0,2.0,0.0,5.0,3.0,4.0,0,0
7934,6033.0,2.0,64.0,1.0,2.0,2.0,8.0,0.0,3.0,4.0,4.0,0,0
7938,6037.0,2.0,61.0,2.0,1.0,1.0,5.0,0.0,1.0,8.0,2.0,0,0
7939,6038.0,1.0,60.0,4.0,1.0,6.0,1.0,0.0,3.0,6.0,2.0,0,0
7942,6040.0,1.0,47.0,2.0,4.0,9.0,5.0,2.0,2.0,3.0,6.0,1,1
7943,9073.0,1.0,47.0,2.0,4.0,9.0,5.0,2.0,2.0,3.0,6.0,1,1
7944,6041.0,1.0,29.0,5.0,1.0,2.0,5.0,0.0,1.0,8.0,1.0,0,2
7945,8505.0,1.0,36.0,2.0,4.0,2.0,5.0,2.0,1.0,4.2,5.0,1,1
7946,6042.0,1.0,36.0,2.0,4.0,2.0,5.0,2.0,1.0,5.4,5.0,1,1
7948,6044.0,2.0,32.0,5.0,1.0,2.0,2.0,0.0,2.0,7.0,1.0,0,2
7951,6046.0,1.0,67.0,5.0,2.0,2.0,4.0,0.0,3.0,4.0,4.0,0,0
7953,8506.0,2.0,45.0,2.0,3.0,1.0,2.0,1.0,1.0,4.0,6.0,1,1
7954,9075.0,2.0,45.0,2.0,3.0,1.0,2.0,1.0,1.0,4.0,6.0,1,1
7955,6048.0,2.0,45.0,2.0,3.0,1.0,2.0,1.0,1.0,4.0,6.0,1,1
7959,8508.0,1.0,37.0,1.0,4.0,2.0,5.0,2.0,2.0,5.0,5.0,1,1
7960,6051.0,1.0,37.0,1.0,4.0,2.0,5.0,2.0,2.0,5.0,5.0,1,1
7961,8509.0,2.0,43.0,5.0,3.0,9.0,8.0,1.0,3.0,4.0,6.0,1,1
7962,6052.0,1.0,49.0,2.0,2.0,1.0,7.0,0.0,1.0,5.0,4.0,0,0
7963,6053.0,2.0,66.0,3.0,2.0,9.0,5.0,0.0,5.0,2.0,4.0,0,0
7964,8510.0,2.0,66.0,3.0,2.0,9.0,5.0,0.0,5.0,2.0,4.0,0,0
7968,6054.0,2.0,38.0,5.0,3.0,1.0,8.0,1.0,1.0,7.0,8.0,1,1
7969,6055.0,2.0,47.0,4.0,3.0,2.0,4.0,1.0,3.0,6.0,6.0,1,1
7970,8512.0,2.0,47.0,4.0,3.0,2.0,4.0,1.0,3.0,6.0,6.0,1,1
7971,8513.0,2.0,50.0,5.0,3.0,2.0,4.0,1.0,2.0,4.0,6.0,1,1
7972,6056.0,2.0,74.0,1.0,1.0,7.0,3.0,0.0,2.0,6.0,2.0,0,0
7973,6057.0,2.0,53.0,2.0,3.0,2.0,2.0,1.0,2.0,5.0,8.0,1,1
7974,8514.0,2.0,41.0,2.0,3.0,2.0,8.0,1.0,2.0,7.0,6.0,1,1
7975,6058.0,2.0,38.0,5.0,4.0,1.0,2.0,2.0,3.0,5.0,6.0,1,1
7976,6059.0,2.0,30.0,2.0,1.0,8.0,1.0,0.0,3.0,6.0,1.0,0,2
7977,8515.0,2.0,46.0,3.0,6.0,1.0,5.0,4.0,1.0,4.0,6.0,2,1
7978,6060.0,2.0,46.0,3.0,6.0,1.0,5.0,4.0,1.0,4.0,6.0,2,1
7979,9338.0,2.0,46.0,3.0,6.0,1.0,5.0,4.0,1.0,4.0,6.0,2,1
7980,6061.0,2.0,67.0,2.0,1.0,1.0,1.0,0.0,1.0,6.0,2.0,0,0
7981,8516.0,2.0,37.0,2.0,4.0,2.0,5.0,2.0,3.0,4.0,6.0,1,1
7982,6062.0,1.0,76.0,5.0,2.0,7.0,2.0,0.0,4.0,4.0,4.0,0,0
7983,8517.0,2.0,49.0,1.0,5.0,9.0,2.0,0.0,3.0,5.0,7.0,1,1
7984,8518.0,2.0,41.0,2.0,3.0,2.0,6.0,1.0,1.0,5.0,6.0,1,1
7985,6063.0,2.0,41.0,2.0,3.0,2.0,6.0,1.0,1.0,5.0,6.0,1,1
7988,8520.0,2.0,43.0,3.0,5.0,2.0,4.0,2.0,4.0,4.0,6.0,1,1
7989,9339.0,2.0,43.0,3.0,5.0,2.0,4.0,2.0,4.0,4.0,6.0,1,1
7990,6065.0,2.0,43.0,3.0,5.0,2.0,4.0,2.0,4.0,4.0,6.0,1,1
7991,9077.0,2.0,43.0,3.0,5.0,2.0,4.0,2.0,4.0,4.0,6.0,1,1
7992,6066.0,1.0,54.0,2.0,4.0,2.0,6.0,2.0,2.0,6.0,6.0,1,1
7993,6067.0,1.0,41.0,3.0,5.0,3.0,5.0,3.0,1.0,7.0,6.0,1,1
7995,6068.0,2.0,71.0,1.0,1.0,7.0,4.0,0.0,4.0,4.0,2.0,0,0
7996,6069.0,2.0,73.0,2.0,1.0,7.0,3.0,0.0,2.0,6.0,2.0,0,0
7997,6070.0,2.0,44.0,4.0,1.0,4.0,2.0,0.0,4.0,4.0,1.0,0,2
7998,9540.0,2.0,45.0,2.0,5.0,2.0,3.0,0.0,1.0,3.0,8.0,1,1
7999,9485.0,2.0,45.0,2.0,5.0,2.0,3.0,0.0,1.0,3.0,8.0,1,1
8000,8522.0,2.0,45.0,2.0,5.0,2.0,3.0,0.0,1.0,3.0,8.0,1,1
8001,6071.0,1.0,92.0,3.0,1.0,7.0,8.0,0.0,5.0,3.0,2.0,0,0
8002,6072.0,1.0,42.0,1.0,4.0,2.0,7.0,2.0,1.0,8.0,6.0,1,1
8003,8523.0,1.0,42.0,1.0,4.0,2.0,7.0,2.0,1.0,8.0,6.0,1,1
8004,8524.0,2.0,44.0,2.0,5.0,2.0,5.0,3.0,4.0,4.0,6.0,1,1
8005,9078.0,2.0,44.0,2.0,5.0,2.0,5.0,3.0,4.0,4.0,6.0,1,1
8006,6073.0,1.0,57.0,4.0,3.0,4.0,4.0,1.0,2.0,4.0,6.0,1,1
8007,6074.0,1.0,69.0,1.0,2.0,7.0,4.0,0.0,4.0,4.0,4.0,0,0
8008,8525.0,1.0,69.0,1.0,2.0,7.0,4.0,0.0,4.0,4.0,4.0,0,0
8009,6075.0,1.0,79.0,5.0,1.0,7.0,3.0,0.0,2.0,6.0,2.0,0,0
8011,6077.0,2.0,23.0,3.0,1.0,8.0,4.0,0.0,3.0,7.0,1.0,0,2
8013,6079.0,2.0,61.0,3.0,2.0,9.0,3.0,0.0,3.0,3.0,4.0,0,0
8014,6080.0,2.0,75.0,3.0,1.0,7.0,2.0,0.0,2.0,6.0,2.0,0,0
8016,6082.0,2.0,59.0,1.0,2.0,5.0,8.0,0.0,5.0,1.0,4.0,0,0
8017,9079.0,2.0,59.0,1.0,2.0,5.0,8.0,0.0,5.0,1.0,4.0,0,0
8018,6083.0,1.0,57.0,1.0,1.0,3.0,5.0,0.0,2.0,6.0,2.0,0,0
8019,8526.0,2.0,68.0,4.0,2.0,7.0,1.0,0.0,5.0,2.0,4.0,0,0
8020,6084.0,2.0,45.0,3.0,4.0,4.0,4.0,2.0,1.0,3.0,6.0,1,1
8021,8527.0,2.0,57.0,1.0,3.0,5.0,8.0,0.0,3.0,5.0,8.0,1,0
8022,6085.0,2.0,57.0,1.0,3.0,5.0,8.0,0.0,3.0,5.0,8.0,1,0
8023,8528.0,2.0,51.0,5.0,3.0,4.0,8.0,0.0,3.0,4.0,7.0,1,0
8024,9080.0,2.0,51.0,5.0,3.0,4.0,8.0,0.0,3.0,4.0,7.0,1,0
8025,6086.0,1.0,51.0,2.0,1.0,3.0,5.0,0.0,1.0,8.0,2.0,0,2
8026,6087.0,1.0,37.0,1.0,1.0,2.0,3.0,0.0,3.0,3.0,1.0,0,2
8027,8529.0,2.0,39.0,2.0,5.0,2.0,6.0,3.0,3.0,6.0,6.0,1,1
8028,6088.0,2.0,39.0,2.0,5.0,2.0,6.0,3.0,3.0,6.0,6.0,1,1
8029,6089.0,2.0,45.0,2.0,1.0,2.0,2.0,0.0,1.0,8.0,2.0,0,2
8030,6090.0,2.0,37.0,5.0,1.0,2.0,3.0,0.0,2.0,7.0,1.0,0,2
8031,8530.0,2.0,59.0,5.0,2.0,5.0,8.0,0.0,3.0,4.0,4.0,0,0
8032,6091.0,2.0,58.0,5.0,1.0,2.0,4.0,0.0,2.0,6.0,2.0,0,0
8033,8531.0,2.0,44.0,3.0,5.0,2.0,5.0,2.0,2.0,7.0,6.0,1,1
8035,6093.0,2.0,57.0,4.0,2.0,9.0,4.0,0.0,3.0,2.0,4.0,0,0
8036,8532.0,2.0,57.0,4.0,2.0,9.0,4.0,0.0,3.0,2.0,4.0,0,0
8037,6094.0,2.0,72.0,5.0,1.0,7.0,1.0,0.0,5.0,2.0,2.0,0,0
8038,6095.0,1.0,74.0,5.0,3.0,7.0,6.0,0.0,1.0,8.0,7.0,1,0
8039,6096.0,1.0,63.0,4.0,2.0,4.0,3.0,0.0,1.0,7.0,4.0,0,0
8040,6097.0,1.0,52.0,5.0,1.0,2.0,8.0,0.0,2.0,6.0,2.0,0,0
8041,6098.0,1.0,56.0,5.0,2.0,2.0,3.0,0.0,3.0,3.0,3.0,0,0
8042,8533.0,2.0,47.0,1.0,2.0,4.0,8.0,0.0,5.0,2.0,4.0,0,0
8045,6101.0,2.0,43.0,4.0,1.0,2.0,6.0,0.0,2.0,7.0,1.0,0,2
8046,6102.0,1.0,58.0,2.0,3.0,2.0,8.0,1.0,4.0,2.0,6.0,1,1
8047,8534.0,2.0,55.0,4.0,2.0,2.0,2.0,0.0,5.0,4.0,4.0,0,0
8048,6103.0,2.0,49.0,2.0,1.0,3.0,5.0,0.0,2.0,6.0,2.0,0,2
8049,6104.0,2.0,54.0,1.0,3.0,2.0,2.0,1.0,2.0,4.0,9.0,1,1
8050,6105.0,2.0,78.0,4.0,1.0,7.0,2.0,0.0,5.0,3.0,2.0,0,0
8051,6106.0,1.0,67.0,5.0,1.0,7.0,2.0,0.0,5.0,2.0,2.0,0,0
8053,9081.0,1.0,57.0,3.0,3.0,2.0,6.0,0.0,2.0,6.0,9.0,1,0
8054,8536.0,1.0,57.0,3.0,3.0,2.0,6.0,0.0,2.0,6.0,9.0,1,0
8055,6107.0,1.0,57.0,3.0,3.0,2.0,6.0,0.0,2.0,6.0,9.0,1,0
8056,6108.0,2.0,50.0,2.0,1.0,2.0,8.0,0.0,5.0,2.0,2.0,0,0
8057,6109.0,2.0,52.0,5.0,1.0,6.0,1.0,0.0,5.0,2.0,2.0,0,0
8060,6111.0,1.0,46.0,4.0,5.0,5.0,2.0,3.0,3.0,5.0,8.0,1,1
8061,9082.0,1.0,46.0,4.0,5.0,5.0,2.0,3.0,3.0,5.0,8.0,1,1
8062,9486.0,1.0,46.0,4.0,5.0,5.0,2.0,3.0,3.0,5.0,8.0,1,1
8063,8538.0,1.0,46.0,4.0,5.0,5.0,2.0,3.0,3.0,5.0,8.0,1,1
8064,9340.0,1.0,46.0,4.0,5.0,5.0,2.0,3.0,3.0,5.0,8.0,1,1
8065,6112.0,1.0,45.0,3.0,4.0,2.0,5.0,2.0,2.0,4.0,6.0,1,1
8066,6113.0,2.0,48.0,3.0,2.0,2.0,3.0,0.0,4.0,2.0,4.0,0,0
8067,6114.0,1.0,64.0,5.0,2.0,2.0,3.0,0.0,4.0,3.0,4.0,0,0
8068,8539.0,2.0,50.0,4.0,6.0,1.0,8.0,2.0,1.0,6.0,6.0,-1,-1
8069,6115.0,2.0,50.0,4.0,6.0,1.0,8.0,2.0,1.0,6.0,6.0,-1,-1
8071,6117.0,1.0,74.0,1.0,2.0,7.0,8.0,0.0,1.0,8.0,4.0,0,0
8072,6118.0,1.0,65.0,4.0,1.0,7.0,1.0,0.0,1.0,8.0,2.0,0,0
8073,6119.0,2.0,62.0,2.0,2.0,2.0,6.0,0.0,3.0,3.6,4.0,0,0
8074,8540.0,2.0,62.0,2.0,2.0,2.0,6.0,0.0,3.0,4.2,4.0,0,0
8075,6120.0,1.0,66.0,3.0,2.0,7.0,3.0,0.0,5.0,2.0,4.0,0,0
8076,6121.0,1.0,63.0,5.0,2.0,2.0,4.0,0.0,4.0,3.0,4.0,0,0
8077,8541.0,1.0,63.0,5.0,2.0,2.0,4.0,0.0,4.0,3.0,4.0,0,0
8078,6122.0,2.0,63.0,5.0,1.0,2.0,3.0,0.0,5.0,2.0,2.0,0,0
8080,6124.0,2.0,68.0,5.0,2.0,7.0,5.0,0.0,4.0,4.0,4.0,0,0
8081,8542.0,2.0,68.0,5.0,2.0,7.0,5.0,0.0,4.0,4.0,4.0,0,0
8082,6125.0,1.0,51.0,2.0,2.0,2.0,6.0,0.0,1.0,8.0,3.0,0,0
8083,6126.0,1.0,53.0,4.0,1.0,4.0,1.0,0.0,4.0,4.0,2.0,0,0
8084,6127.0,2.0,67.0,2.0,2.0,7.0,4.0,0.0,3.0,3.0,4.0,0,0
8085,8543.0,2.0,67.0,2.0,2.0,7.0,4.0,0.0,3.0,3.0,4.0,0,0
8086,6128.0,2.0,72.0,3.0,1.0,7.0,2.0,0.0,1.0,8.0,2.0,0,0
8087,6129.0,2.0,45.0,1.0,3.0,2.0,1.0,2.0,2.0,4.0,8.0,1,1
8088,6130.0,2.0,35.0,5.0,4.0,4.0,8.0,2.0,4.0,4.0,5.0,1,1
8089,8544.0,2.0,76.0,2.0,2.0,7.0,5.0,0.0,4.0,6.0,4.0,0,0
8091,6131.0,2.0,64.0,5.0,1.0,4.0,2.0,0.0,5.0,3.0,2.0,0,0
8092,8545.0,2.0,56.0,5.0,3.0,1.0,5.0,0.0,1.0,5.0,7.0,1,0
8093,6132.0,2.0,65.0,1.0,1.0,9.0,8.0,0.0,5.0,2.0,2.0,0,0
8094,8546.0,2.0,71.0,5.0,2.0,7.0,4.0,0.0,3.0,2.0,4.0,0,0
8096,6133.0,1.0,73.0,5.0,1.0,7.0,5.0,0.0,2.0,7.0,2.0,0,0
8098,8549.0,2.0,42.0,4.0,2.0,2.0,2.0,1.0,2.0,5.0,8.0,1,1
8099,6134.0,2.0,76.0,2.0,1.0,7.0,1.0,0.0,2.0,6.0,2.0,0,0
8100,8550.0,2.0,50.0,2.0,4.0,2.0,5.0,2.0,3.0,6.0,7.0,1,1
8101,6135.0,2.0,50.0,2.0,4.0,2.0,5.0,2.0,3.0,6.0,7.0,1,1
8102,6136.0,2.0,54.0,1.0,1.0,2.0,4.0,0.0,2.0,7.0,2.0,0,0
8103,8551.0,2.0,63.0,2.0,2.0,2.0,5.0,0.0,4.0,3.0,4.0,0,0
8104,6137.0,2.0,63.0,2.0,2.0,2.0,5.0,0.0,4.0,3.0,4.0,0,0
8105,6138.0,2.0,55.0,3.0,2.0,2.0,2.0,0.0,4.0,3.0,4.0,0,0
8106,6139.0,1.0,75.0,2.0,1.0,7.0,5.0,0.0,1.0,8.0,2.0,0,0
8107,6140.0,2.0,46.0,2.0,2.0,2.0,4.0,0.0,3.0,7.0,4.0,0,2
8108,6141.0,1.0,60.0,5.0,2.0,2.0,5.0,0.0,3.0,4.0,4.0,0,0
8109,6142.0,2.0,41.0,5.0,6.0,2.0,5.0,2.0,3.0,4.0,6.0,-1,-1
8110,6143.0,2.0,53.0,2.0,1.0,5.0,4.0,0.0,5.0,3.0,2.0,0,0
8111,6144.0,2.0,44.0,2.0,1.0,2.0,8.0,0.0,2.0,4.0,1.0,0,2
8112,6145.0,1.0,43.0,5.0,2.0,2.0,5.0,0.0,2.0,5.0,3.0,0,2
8113,6146.0,1.0,64.0,2.0,1.0,5.0,4.0,0.0,4.0,4.0,2.0,0,0
8114,6147.0,2.0,42.0,4.0,1.0,2.0,2.0,0.0,3.0,4.0,1.0,0,2
8115,6148.0,2.0,74.0,2.0,1.0,7.0,8.0,0.0,5.0,3.0,2.0,0,0
8116,6149.0,1.0,36.0,5.0,4.0,1.0,8.0,0.0,2.0,4.0,7.0,1,1
8117,8552.0,1.0,36.0,5.0,4.0,1.0,8.0,0.0,2.0,4.0,7.0,1,1
8118,9341.0,1.0,36.0,5.0,4.0,1.0,8.0,0.0,2.0,4.0,7.0,1,1
8121,6151.0,1.0,57.0,1.0,1.0,4.0,7.0,0.0,3.0,5.2,2.0,0,0
8122,6152.0,1.0,56.0,1.0,2.0,2.0,7.0,0.0,2.0,7.0,4.0,0,0
8123,8554.0,1.0,56.0,1.0,2.0,2.0,7.0,0.0,2.0,7.0,4.0,0,0
8124,6153.0,2.0,66.0,2.0,1.0,7.0,4.0,0.0,2.0,6.0,2.0,0,0
8125,6154.0,1.0,58.0,4.0,2.0,7.0,4.0,0.0,4.0,4.0,4.0,0,0
8126,6155.0,2.0,23.0,5.0,2.0,2.0,2.0,0.0,3.0,4.0,3.0,0,2
8127,6156.0,1.0,67.0,5.0,2.0,7.0,5.0,0.0,4.0,4.0,4.0,0,0
8128,8555.0,1.0,67.0,5.0,2.0,7.0,5.0,0.0,4.0,4.0,4.0,0,0
8129,8556.0,2.0,40.0,5.0,4.0,1.0,1.0,3.0,1.0,7.0,8.0,-1,-1
8130,6157.0,1.0,58.0,2.0,2.0,2.0,7.0,0.0,1.0,8.0,4.0,0,0
8131,8557.0,2.0,48.0,4.0,3.0,4.0,3.0,1.0,5.0,3.0,6.0,1,1
8132,9084.0,1.0,38.0,1.0,1.0,3.0,4.0,0.0,2.0,6.0,1.0,0,2
8133,6158.0,1.0,51.0,5.0,4.0,2.0,4.0,2.0,1.0,4.0,6.0,1,1
8134,6159.0,2.0,29.0,2.0,1.0,2.0,3.0,0.0,2.0,7.0,1.0,0,2
8135,9085.0,2.0,49.0,4.0,3.0,2.0,2.0,1.0,4.0,2.0,8.0,1,1
8136,6160.0,2.0,49.0,4.0,3.0,2.0,2.0,1.0,4.0,2.0,8.0,1,1
8137,6161.0,2.0,23.0,5.0,1.0,8.0,1.0,0.0,3.0,5.2,1.0,0,2
8138,6162.0,2.0,51.0,2.0,4.0,4.0,2.0,1.0,4.0,4.0,8.0,1,1
8139,6163.0,2.0,77.0,2.0,1.0,7.0,8.0,0.0,2.0,7.0,2.0,0,0
8140,6164.0,2.0,79.0,2.0,1.0,7.0,2.0,0.0,5.0,2.0,2.0,0,0
8141,6165.0,2.0,65.0,5.0,1.0,4.0,1.0,0.0,5.0,2.0,2.0,0,0
8143,6166.0,2.0,74.0,5.0,1.0,9.0,1.0,0.0,5.0,2.0,2.0,0,0
8144,8559.0,2.0,49.0,5.0,4.0,2.0,8.0,2.0,3.0,5.0,6.0,1,1
8146,8561.0,2.0,57.0,1.0,2.0,2.0,8.0,0.0,2.0,5.0,4.0,0,0
8149,8563.0,2.0,57.0,5.0,4.0,9.0,5.0,0.0,1.0,3.0,7.0,1,1
8150,9086.0,2.0,57.0,5.0,4.0,9.0,5.0,0.0,1.0,3.0,7.0,1,1
8151,6168.0,2.0,57.0,5.0,4.0,9.0,5.0,0.0,1.0,3.0,7.0,1,1
8152,9342.0,2.0,57.0,5.0,4.0,9.0,5.0,0.0,1.0,3.0,7.0,1,1
8153,6169.0,2.0,71.0,4.0,1.0,7.0,2.0,0.0,2.0,6.0,2.0,0,0
8154,6170.0,1.0,56.0,4.0,1.0,4.0,2.0,0.0,3.0,5.0,2.0,0,0
8155,6171.0,1.0,47.0,4.0,2.0,2.0,5.0,0.0,3.0,4.0,4.0,0,0
8156,6172.0,1.0,47.0,3.0,4.0,2.0,4.0,1.0,2.0,4.0,6.0,1,1
8157,8564.0,2.0,47.0,3.0,1.0,4.0,1.0,0.0,4.0,4.0,2.0,0,0
8158,6173.0,1.0,58.0,3.0,2.0,5.0,2.0,0.0,4.0,5.0,9.0,1,0
8161,6175.0,1.0,39.0,4.0,3.0,2.0,5.0,1.0,1.0,7.0,6.0,1,1
8162,9087.0,1.0,39.0,4.0,3.0,2.0,5.0,1.0,1.0,7.0,6.0,1,1
8163,8566.0,1.0,39.0,4.0,3.0,2.0,5.0,1.0,1.0,7.0,6.0,1,1
8164,6176.0,1.0,60.0,4.0,1.0,5.0,2.0,0.0,4.0,5.0,2.0,0,0
8166,6177.0,1.0,75.0,3.0,2.0,7.0,8.0,0.0,5.0,2.0,4.0,0,0
8167,8568.0,1.0,57.0,4.0,3.0,2.0,3.0,1.0,2.0,4.0,6.0,1,1
8168,6178.0,1.0,57.0,4.0,3.0,2.0,3.0,1.0,2.0,4.0,6.0,1,1
8169,6179.0,2.0,46.0,1.0,1.0,2.0,4.0,0.0,2.0,1.0,2.0,0,0
8170,6180.0,2.0,63.0,2.0,1.0,2.0,3.0,0.0,3.0,3.0,2.0,0,0
8171,6181.0,2.0,44.0,5.0,1.0,3.0,8.0,0.0,3.0,4.0,1.0,0,2
8172,6182.0,2.0,39.0,4.0,1.0,3.0,2.0,0.0,3.0,4.0,1.0,0,2
8173,6183.0,2.0,43.0,4.0,2.0,2.0,8.0,1.0,2.0,4.0,8.0,1,1
8174,9088.0,1.0,59.0,2.0,4.0,2.0,7.0,0.0,3.0,4.0,7.0,1,1
8175,8569.0,1.0,59.0,2.0,4.0,2.0,7.0,0.0,3.0,4.0,7.0,1,1
8176,6184.0,1.0,59.0,2.0,4.0,2.0,7.0,0.0,3.0,4.0,7.0,1,1
8177,9343.0,1.0,59.0,2.0,4.0,2.0,7.0,0.0,3.0,4.0,7.0,1,1
8178,6185.0,2.0,52.0,2.0,2.0,4.0,2.0,0.0,3.0,3.0,4.0,0,0
8179,8570.0,2.0,52.0,2.0,2.0,4.0,2.0,0.0,3.0,3.0,4.0,0,0
8180,6186.0,1.0,53.0,1.0,1.0,2.0,5.0,0.0,2.0,6.0,2.0,0,0
8181,8571.0,2.0,45.0,2.0,2.0,4.0,5.0,0.0,3.0,4.0,3.0,0,0
8182,6187.0,2.0,45.0,2.0,2.0,4.0,5.0,0.0,3.0,4.0,3.0,0,0
8183,6188.0,2.0,71.0,2.0,2.0,7.0,3.0,0.0,5.0,3.0,4.0,0,0
8184,8572.0,2.0,44.0,5.0,4.0,2.0,8.0,2.0,2.0,4.0,6.0,1,1
8185,6189.0,2.0,36.0,4.0,2.0,2.0,3.0,0.0,3.0,4.0,3.0,0,2
8186,6190.0,2.0,51.0,2.0,1.0,5.0,2.0,0.0,3.0,5.0,2.0,0,0
8187,6191.0,2.0,66.0,2.0,1.0,7.0,2.0,0.0,2.0,6.0,2.0,0,0
8189,6192.0,1.0,62.0,1.0,2.0,2.0,8.0,0.0,4.0,2.0,4.0,0,0
8190,8574.0,1.0,62.0,1.0,2.0,2.0,8.0,0.0,4.0,2.0,4.0,0,0
8191,6193.0,1.0,57.0,1.0,1.0,3.0,4.0,0.0,3.0,4.0,2.0,0,0
8195,6197.0,1.0,52.0,4.0,1.0,1.0,3.0,0.0,1.0,4.0,2.0,0,0
8196,8575.0,2.0,55.0,4.0,3.0,2.0,8.0,0.0,4.0,3.0,7.0,1,0
8197,6198.0,2.0,55.0,4.0,3.0,2.0,8.0,0.0,4.0,3.0,7.0,1,0
8198,6199.0,2.0,38.0,4.0,3.0,1.0,8.0,1.0,3.0,4.0,6.0,1,1
8199,8576.0,2.0,79.0,1.0,2.0,7.0,4.0,0.0,2.0,8.0,4.0,0,0
8200,8577.0,1.0,65.0,4.0,2.0,2.0,6.0,0.0,2.0,4.0,4.0,0,0
8201,6200.0,1.0,65.0,4.0,2.0,2.0,6.0,0.0,2.0,4.0,4.0,0,0
8202,6201.0,1.0,74.0,5.0,2.0,7.0,5.0,0.0,1.0,8.0,4.0,0,0
8203,6202.0,2.0,64.0,5.0,2.0,4.0,4.0,0.0,2.0,4.0,4.0,0,0
8204,8578.0,1.0,64.0,4.0,1.0,3.0,4.0,0.0,4.0,3.0,2.0,0,0
8205,6203.0,2.0,64.0,5.0,1.0,6.0,1.0,0.0,4.0,4.0,2.0,0,0
8206,6204.0,2.0,40.0,3.0,4.0,2.0,4.0,2.0,4.0,3.0,8.0,1,1
8207,6205.0,1.0,49.0,3.0,5.0,1.0,2.0,3.0,1.0,5.0,5.0,1,1
8208,6206.0,1.0,49.0,5.0,2.0,2.0,8.0,0.0,3.0,4.0,4.0,0,0
8209,8579.0,1.0,49.0,5.0,2.0,2.0,8.0,0.0,3.0,4.0,4.0,0,0
8210,6207.0,1.0,63.0,2.0,2.0,3.0,5.0,0.0,3.0,3.0,4.0,0,0
8211,6208.0,2.0,48.0,4.0,2.0,4.0,4.0,0.0,3.0,6.0,4.0,0,0
8212,6209.0,1.0,62.0,3.0,2.0,5.0,5.0,0.0,4.0,4.0,4.0,0,0
8213,8580.0,1.0,62.0,3.0,2.0,5.0,5.0,0.0,4.0,4.0,4.0,0,0
8214,6210.0,1.0,59.0,4.0,2.0,2.0,6.0,0.0,2.0,5.0,4.0,0,0
8215,8581.0,1.0,59.0,4.0,2.0,2.0,6.0,0.0,2.0,5.0,4.0,0,0
8216,6211.0,1.0,58.0,5.0,2.0,2.0,4.0,0.0,5.0,2.0,4.0,0,0
8217,6212.0,1.0,51.0,4.0,1.0,2.0,3.0,0.0,1.0,4.0,2.0,0,0
8218,6213.0,2.0,44.0,4.0,2.0,4.0,3.0,0.0,5.0,4.0,3.0,0,0
8219,6214.0,1.0,52.0,4.0,3.0,2.0,4.0,1.0,2.0,2.0,7.0,1,1
8220,6215.0,2.0,50.0,4.0,2.0,2.0,2.0,1.0,4.0,2.0,8.0,1,0
8221,9344.0,2.0,45.0,4.0,4.0,4.0,1.0,3.0,4.0,4.0,8.0,-1,-1
8222,9089.0,2.0,45.0,4.0,4.0,4.0,1.0,3.0,4.0,4.0,8.0,-1,-1
8223,8582.0,2.0,45.0,4.0,4.0,4.0,1.0,3.0,4.0,4.0,8.0,-1,-1
8226,6217.0,2.0,55.0,2.0,4.0,2.0,8.0,0.0,3.0,4.0,7.0,1,1
8227,9345.0,2.0,55.0,2.0,4.0,2.0,8.0,0.0,3.0,4.0,7.0,1,1
8228,6218.0,2.0,56.0,3.0,2.0,9.0,3.0,0.0,3.0,1.0,4.0,0,0
8229,8584.0,2.0,56.0,3.0,2.0,9.0,3.0,0.0,3.0,1.0,4.0,0,0
8230,6219.0,2.0,50.0,2.0,3.0,4.0,2.0,0.0,4.0,4.0,9.0,1,1
8231,6220.0,2.0,42.0,4.0,4.0,2.0,6.0,2.0,2.0,7.0,8.0,1,1
8232,8585.0,2.0,42.0,4.0,4.0,2.0,6.0,2.0,2.0,7.0,8.0,1,1
8233,6221.0,1.0,70.0,2.0,2.0,7.0,5.0,0.0,1.0,8.0,4.0,0,0
8234,8586.0,2.0,47.0,3.0,4.0,2.0,8.0,2.0,3.0,4.0,6.0,1,1
8235,6222.0,2.0,52.0,1.0,4.0,2.0,4.0,0.0,4.0,4.0,7.0,1,1
8236,8587.0,2.0,52.0,1.0,4.0,2.0,4.0,0.0,4.0,4.0,7.0,1,1
8237,9346.0,2.0,52.0,1.0,4.0,2.0,4.0,0.0,4.0,4.0,7.0,1,1
8238,6223.0,2.0,67.0,4.0,2.0,7.0,4.0,0.0,5.0,4.0,4.0,0,0
8239,6224.0,2.0,52.0,2.0,1.0,2.0,5.0,0.0,1.0,6.0,2.0,0,0
8240,6225.0,2.0,63.0,2.0,2.0,9.0,8.0,0.0,5.0,3.0,4.0,0,0
8241,6226.0,1.0,70.0,4.0,1.0,7.0,1.0,0.0,5.0,3.0,2.0,0,0
8242,6227.0,2.0,32.0,4.0,2.0,2.0,4.0,0.0,3.0,4.0,3.0,0,2
8243,6228.0,1.0,66.0,2.0,2.0,7.0,4.0,0.0,4.0,3.0,4.0,0,0
8244,6229.0,2.0,64.0,2.0,1.0,9.0,2.0,0.0,5.0,2.0,2.0,0,0
8245,6230.0,2.0,56.0,2.0,2.0,9.0,3.0,0.0,4.0,4.0,4.0,0,0
8246,6231.0,2.0,34.0,5.0,4.0,9.0,5.0,2.0,1.0,7.0,5.0,1,1
8247,6232.0,2.0,67.0,2.0,1.0,7.0,3.0,0.0,5.0,3.0,2.0,0,0
8251,6234.0,1.0,54.0,3.0,4.0,2.0,3.0,2.0,3.0,4.0,6.0,1,1
8252,6235.0,2.0,43.0,2.0,3.0,2.0,6.0,1.0,1.0,6.0,6.0,1,1
8253,8589.0,2.0,43.0,2.0,3.0,2.0,6.0,1.0,1.0,6.0,6.0,1,1
8256,6237.0,2.0,44.0,3.0,1.0,2.0,3.0,0.0,1.0,8.0,1.0,0,2
8257,6238.0,2.0,59.0,1.0,4.0,1.0,4.0,0.0,3.0,3.0,7.0,1,1
8259,6240.0,2.0,78.0,5.0,1.0,7.0,4.0,0.0,2.0,6.0,2.0,0,0
8260,6241.0,1.0,58.0,3.0,1.0,7.0,2.0,0.0,4.0,3.4,2.0,0,0
8263,9347.0,2.0,47.0,5.0,4.0,2.0,2.0,2.0,1.0,8.0,8.0,1,1
8264,9091.0,2.0,47.0,5.0,4.0,2.0,2.0,2.0,1.0,8.0,8.0,1,1
8265,8592.0,2.0,47.0,5.0,4.0,2.0,2.0,2.0,1.0,8.0,8.0,1,1
8266,6243.0,2.0,47.0,5.0,4.0,2.0,2.0,2.0,1.0,8.0,8.0,1,1
8267,6244.0,2.0,44.0,5.0,4.0,2.0,6.0,2.0,5.0,6.0,6.0,1,1
8268,6245.0,2.0,32.0,2.0,1.0,4.0,1.0,0.0,3.0,4.0,1.0,0,2
8269,6246.0,2.0,66.0,5.0,2.0,7.0,5.0,0.0,4.0,4.0,4.0,0,0
8270,8593.0,2.0,66.0,2.0,2.0,7.0,8.0,0.0,1.0,4.0,4.0,0,0
8272,6247.0,1.0,69.0,5.0,1.0,7.0,4.0,0.0,1.0,6.0,2.0,0,0
8273,6248.0,1.0,72.0,4.0,2.0,7.0,3.0,0.0,3.0,5.0,4.0,0,0
8274,8595.0,2.0,60.0,5.0,2.0,2.0,5.0,0.0,4.0,2.0,4.0,0,0
8275,6249.0,2.0,60.0,5.0,2.0,2.0,5.0,0.0,4.0,2.0,4.0,0,0
8276,9646.0,2.0,80.0,2.0,2.0,7.0,3.0,0.0,3.0,2.0,4.0,0,0
8277,6250.0,1.0,42.0,3.0,3.0,1.0,2.0,1.0,3.0,4.0,9.0,1,1
8278,8596.0,1.0,42.0,3.0,3.0,1.0,2.0,1.0,3.0,4.0,9.0,1,1
8279,9092.0,1.0,42.0,3.0,3.0,1.0,2.0,1.0,3.0,4.0,9.0,1,1
8280,6251.0,2.0,28.0,5.0,2.0,2.0,6.0,0.0,2.0,8.0,3.0,0,2
8281,6252.0,2.0,41.0,3.0,5.0,9.0,1.0,3.0,4.0,4.0,6.0,-1,-1
8282,8597.0,2.0,41.0,3.0,5.0,9.0,1.0,3.0,4.0,4.0,6.0,-1,-1
8283,6253.0,1.0,69.0,5.0,2.0,7.0,8.0,0.0,4.0,4.0,4.0,0,0
8284,6254.0,1.0,35.0,3.0,4.0,2.0,3.0,2.0,3.0,4.0,6.0,1,1
8285,8598.0,1.0,35.0,3.0,4.0,2.0,3.0,2.0,3.0,4.0,6.0,1,1
8286,6255.0,1.0,87.0,2.0,1.0,7.0,4.0,0.0,5.0,3.0,2.0,0,0
8289,8600.0,1.0,56.0,5.0,3.0,2.0,5.0,0.0,1.0,5.0,7.0,1,0
8290,8601.0,2.0,52.0,2.0,4.0,9.0,4.0,1.0,1.0,3.0,7.0,1,1
8291,9093.0,2.0,52.0,2.0,4.0,9.0,4.0,1.0,1.0,3.0,7.0,1,1
8292,9348.0,2.0,52.0,2.0,4.0,9.0,4.0,1.0,1.0,3.0,7.0,1,1
8293,9488.0,2.0,52.0,2.0,4.0,9.0,4.0,1.0,1.0,3.0,7.0,1,1
8294,6256.0,2.0,43.0,2.0,1.0,2.0,8.0,0.0,4.0,3.0,1.0,0,2
8295,6257.0,2.0,41.0,2.0,2.0,2.0,2.0,1.0,3.0,4.0,8.0,1,1
8296,6258.0,1.0,70.0,3.0,1.0,7.0,2.0,0.0,4.0,4.0,2.0,0,0
8299,8602.0,2.0,40.0,2.0,4.0,9.0,4.0,2.0,4.0,2.0,6.0,1,1
8300,6261.0,2.0,40.0,2.0,4.0,9.0,4.0,2.0,4.0,2.0,6.0,1,1
8301,6262.0,2.0,38.0,2.0,4.0,1.0,3.0,2.0,5.0,4.0,6.0,1,1
8302,6263.0,1.0,63.0,5.0,5.0,4.0,8.0,0.0,4.0,3.0,9.0,-1,-1
8303,6264.0,1.0,75.0,5.0,2.0,7.0,2.0,0.0,5.0,1.0,4.0,0,0
8304,8603.0,1.0,72.0,5.0,2.0,7.0,3.0,0.0,5.0,3.0,4.0,0,0
8305,6265.0,1.0,72.0,5.0,2.0,7.0,3.0,0.0,5.0,3.0,4.0,0,0
8306,9094.0,2.0,50.0,2.0,4.0,2.0,2.0,2.0,1.0,4.0,6.0,1,1
8307,9349.0,2.0,50.0,2.0,4.0,2.0,2.0,2.0,1.0,4.0,6.0,1,1
8308,8604.0,2.0,50.0,2.0,4.0,2.0,2.0,2.0,1.0,4.0,6.0,1,1
8309,6266.0,2.0,50.0,2.0,4.0,2.0,2.0,2.0,1.0,4.0,6.0,1,1
8315,6270.0,2.0,46.0,4.0,2.0,1.0,5.0,0.0,2.0,7.0,4.0,0,2
8316,6271.0,1.0,64.0,5.0,5.0,4.0,3.0,0.0,5.0,2.0,9.0,-1,-1
8317,8606.0,1.0,66.0,3.0,2.0,5.0,6.0,0.0,1.0,6.0,4.0,0,0
8318,6272.0,1.0,66.0,3.0,2.0,5.0,6.0,0.0,1.0,6.0,4.0,0,0
8319,9489.0,2.0,49.0,2.0,5.0,2.0,6.0,3.0,1.0,8.0,6.0,1,1
8320,6273.0,2.0,49.0,2.0,5.0,2.0,6.0,3.0,1.0,8.0,6.0,1,1
8321,9351.0,2.0,49.0,2.0,5.0,2.0,6.0,3.0,1.0,8.0,6.0,1,1
8322,8607.0,2.0,49.0,2.0,5.0,2.0,6.0,3.0,1.0,8.0,6.0,1,1
8325,6275.0,1.0,77.0,4.0,2.0,7.0,6.0,0.0,1.0,8.0,4.0,0,0
8328,8610.0,2.0,61.0,1.0,2.0,6.0,1.0,0.0,5.0,2.0,9.0,1,0
8329,6277.0,2.0,61.0,1.0,2.0,6.0,1.0,0.0,5.0,2.0,9.0,1,0
8330,6278.0,2.0,61.0,4.0,1.0,4.0,1.0,0.0,3.0,7.0,2.0,0,0
8332,6280.0,1.0,76.0,1.0,2.0,7.0,2.0,0.0,5.0,2.0,4.0,0,0
8333,8611.0,2.0,64.0,2.0,2.0,4.0,3.0,0.0,5.0,3.0,4.0,0,0
8334,6281.0,2.0,64.0,2.0,2.0,4.0,3.0,0.0,5.0,3.0,4.0,0,0
8335,6282.0,1.0,31.0,3.0,1.0,2.0,5.0,0.0,1.0,7.0,1.0,0,2
8336,8612.0,2.0,65.0,3.0,2.0,9.0,2.0,0.0,4.0,4.0,4.0,0,0
8337,6283.0,2.0,58.0,3.0,3.0,9.0,4.0,0.0,4.0,5.0,7.0,1,0
8338,9095.0,2.0,58.0,3.0,3.0,9.0,4.0,0.0,4.0,5.0,7.0,1,0
8339,8613.0,2.0,58.0,3.0,3.0,9.0,4.0,0.0,4.0,5.0,7.0,1,0
8340,6284.0,1.0,52.0,2.0,4.0,2.0,5.0,1.0,2.0,4.0,6.0,1,1
8341,8614.0,2.0,75.0,5.0,2.0,7.0,1.0,0.0,4.0,4.0,4.0,0,0
8342,6285.0,2.0,75.0,5.0,2.0,7.0,1.0,0.0,4.0,4.0,4.0,0,0
8343,8615.0,2.0,45.0,2.0,2.0,2.0,4.0,0.0,4.0,5.0,4.0,0,0
8344,6286.0,2.0,45.0,2.0,2.0,2.0,4.0,0.0,4.0,5.0,4.0,0,0
8345,6287.0,2.0,60.0,5.0,2.0,2.0,2.0,0.0,5.0,2.0,9.0,1,0
8346,6288.0,1.0,69.0,3.0,2.0,7.0,2.0,0.0,4.0,4.0,4.0,0,0
8347,6289.0,1.0,67.0,2.0,2.0,1.0,5.0,0.0,1.0,8.0,4.0,0,0
8348,9352.0,2.0,71.0,5.0,1.0,1.0,5.0,0.0,1.0,8.0,2.0,0,0
8349,6290.0,1.0,46.0,2.0,4.0,2.0,5.0,2.0,3.0,4.0,6.0,1,1
8350,8616.0,1.0,46.0,2.0,4.0,2.0,5.0,2.0,3.0,4.0,6.0,1,1
8351,6291.0,1.0,36.0,2.0,2.0,1.0,7.0,0.0,1.0,8.0,3.0,0,2
8353,6292.0,2.0,44.0,5.0,3.0,9.0,1.0,2.0,5.0,4.0,8.0,-1,-1
8354,6293.0,2.0,70.0,5.0,2.0,7.0,2.0,0.0,5.0,3.0,4.0,0,0
8355,6294.0,1.0,75.0,5.0,2.0,7.0,5.0,0.0,4.0,4.0,4.0,0,0
8356,6295.0,2.0,63.0,3.0,2.0,1.0,4.0,0.0,2.0,4.0,4.0,0,0
8357,8618.0,2.0,63.0,3.0,2.0,1.0,4.0,0.0,2.0,4.0,4.0,0,0
8358,6296.0,2.0,61.0,2.0,2.0,4.0,8.0,0.0,5.0,2.0,4.0,0,0
8359,6297.0,1.0,82.0,5.0,2.0,7.0,4.0,0.0,2.0,6.0,4.0,0,0
8360,6298.0,1.0,78.0,5.0,2.0,7.0,5.0,0.0,1.0,8.0,4.0,0,0
8361,6299.0,2.0,30.0,4.0,3.0,5.0,2.0,1.0,3.0,4.0,6.0,1,1
8362,6300.0,1.0,66.0,5.0,2.0,4.0,3.0,0.0,4.0,4.0,4.0,0,0
8363,6301.0,2.0,60.0,5.0,2.0,2.0,3.0,0.0,5.0,3.0,4.0,0,0
8364,6302.0,1.0,70.0,5.0,2.0,7.0,3.0,0.0,4.0,3.0,4.0,0,0
8365,8619.0,1.0,70.0,5.0,2.0,7.0,3.0,0.0,4.0,3.0,4.0,0,0
8366,9647.0,2.0,49.0,4.0,2.0,9.0,2.0,1.0,5.0,4.0,9.0,1,0
8367,6303.0,2.0,39.0,2.0,2.0,2.0,8.0,0.0,4.0,3.0,3.0,0,2
8368,8620.0,2.0,39.0,2.0,2.0,2.0,8.0,0.0,4.0,3.0,3.0,0,2
8369,9353.0,1.0,66.0,1.0,1.0,7.0,3.0,0.0,2.0,5.0,2.0,0,0
8370,8621.0,2.0,41.0,5.0,3.0,2.0,5.0,1.0,3.0,6.0,6.0,1,1
8375,6305.0,2.0,62.0,4.0,1.0,5.0,1.0,0.0,4.0,4.0,2.0,0,0
8376,6306.0,2.0,63.0,3.0,1.0,7.0,3.0,0.0,2.0,7.0,2.0,0,0
8377,6307.0,2.0,82.0,4.0,2.0,9.0,6.0,0.0,1.0,5.0,4.0,0,0
8378,8623.0,2.0,82.0,4.0,2.0,9.0,6.0,0.0,1.0,5.0,4.0,0,0
8379,6308.0,1.0,61.0,5.0,1.0,4.0,8.0,0.0,3.0,6.0,2.0,0,0
8380,8624.0,1.0,65.0,5.0,2.0,2.0,5.0,0.0,3.0,4.0,4.0,0,0
8381,6309.0,1.0,65.0,5.0,2.0,2.0,5.0,0.0,3.0,4.0,4.0,0,0
8382,6310.0,2.0,75.0,1.0,1.0,7.0,2.0,0.0,5.0,3.0,2.0,0,0
8383,8625.0,2.0,57.0,1.0,3.0,9.0,3.0,0.0,4.0,3.0,7.0,1,0
8384,9097.0,2.0,57.0,1.0,3.0,9.0,3.0,0.0,4.0,3.0,7.0,1,0
8386,8627.0,2.0,67.0,4.0,2.0,7.0,4.0,0.0,5.0,2.0,4.0,0,0
8387,6311.0,2.0,67.0,4.0,2.0,7.0,4.0,0.0,5.0,2.0,4.0,0,0
8388,6312.0,2.0,58.0,5.0,2.0,2.0,5.0,0.0,3.0,2.0,4.0,0,0
8389,6313.0,2.0,69.0,2.0,1.0,7.0,2.0,0.0,5.0,3.0,2.0,0,0
8390,6314.0,1.0,63.0,2.0,2.0,5.0,4.0,0.0,4.0,4.0,4.0,0,0
8391,8628.0,1.0,63.0,2.0,2.0,5.0,4.0,0.0,4.0,4.0,4.0,0,0
8392,6315.0,2.0,61.0,4.0,1.0,2.0,4.0,0.0,2.0,6.0,2.0,0,0
8393,6316.0,1.0,55.0,4.0,5.0,2.0,6.0,1.0,1.0,6.0,7.0,1,1
8394,9098.0,1.0,55.0,4.0,5.0,2.0,6.0,1.0,1.0,6.0,7.0,1,1
8395,9355.0,1.0,55.0,4.0,5.0,2.0,6.0,1.0,1.0,6.0,7.0,1,1
8396,9490.0,1.0,55.0,4.0,5.0,2.0,6.0,1.0,1.0,6.0,7.0,1,1
8397,9541.0,1.0,55.0,4.0,5.0,2.0,6.0,1.0,1.0,6.0,7.0,1,1
8398,6317.0,2.0,43.0,5.0,5.0,2.0,6.0,3.0,2.0,6.0,8.0,1,1
8399,8629.0,2.0,43.0,5.0,5.0,2.0,6.0,3.0,2.0,6.0,8.0,1,1
8400,6318.0,1.0,67.0,3.0,2.0,7.0,8.0,0.0,2.0,7.0,4.0,0,0
8401,6319.0,2.0,68.0,5.0,1.0,7.0,8.0,0.0,2.0,6.0,2.0,0,0
8402,6320.0,2.0,38.0,3.0,4.0,2.0,5.0,2.0,2.0,4.0,6.0,1,1
8403,6321.0,2.0,72.0,2.0,2.0,7.0,3.0,0.0,5.0,3.0,4.0,0,0
8404,8630.0,2.0,72.0,2.0,2.0,7.0,3.0,0.0,5.0,3.0,4.0,0,0
8405,8631.0,1.0,62.0,5.0,4.0,7.0,5.0,0.0,2.0,6.0,7.0,1,1
8406,6322.0,1.0,62.0,5.0,4.0,7.0,5.0,0.0,2.0,6.0,7.0,1,1
8407,6323.0,1.0,72.0,5.0,2.0,7.0,3.0,0.0,1.0,8.0,4.0,0,0
8408,6324.0,2.0,68.0,5.0,2.0,7.0,8.0,0.0,2.0,6.0,4.0,0,0
8410,6326.0,1.0,64.0,3.0,3.0,9.0,8.0,0.0,2.0,6.0,7.0,1,0
8411,8632.0,1.0,64.0,3.0,3.0,9.0,8.0,0.0,2.0,6.0,7.0,1,0
8414,6329.0,2.0,64.0,4.0,2.0,2.0,3.0,0.0,4.0,2.0,4.0,0,0
8415,8633.0,2.0,64.0,4.0,2.0,2.0,3.0,0.0,4.0,2.0,4.0,0,0
8416,6330.0,1.0,38.0,4.0,3.0,2.0,6.0,1.0,1.0,5.0,8.0,1,1
8417,8634.0,1.0,47.0,4.0,4.0,2.0,8.0,1.0,4.0,4.0,6.0,1,1
8418,6331.0,1.0,47.0,4.0,4.0,2.0,8.0,1.0,4.0,4.0,6.0,1,1
8419,8635.0,2.0,59.0,2.0,2.0,2.0,5.0,0.0,2.0,7.0,4.0,0,0
8420,6332.0,2.0,59.0,2.0,2.0,2.0,5.0,0.0,2.0,7.0,4.0,0,0
8421,6333.0,1.0,68.0,2.0,2.0,7.0,7.0,0.0,2.0,5.6,4.0,0,0
8422,8636.0,1.0,68.0,2.0,2.0,7.0,7.0,0.0,2.0,4.2,4.0,0,0
8423,6334.0,2.0,52.0,2.0,4.0,2.0,7.0,0.0,2.0,7.0,9.0,1,1
8424,6335.0,2.0,34.0,2.0,6.0,2.0,4.0,4.0,2.0,4.0,5.0,2,1
8426,6337.0,1.0,62.0,5.0,1.0,3.0,5.0,0.0,2.0,7.0,2.0,0,0
8427,6338.0,2.0,56.0,4.0,4.0,1.0,5.0,0.0,1.0,4.0,7.0,1,1
8428,8637.0,2.0,56.0,4.0,4.0,1.0,5.0,0.0,1.0,4.0,7.0,1,1
8429,6339.0,1.0,48.0,5.0,1.0,2.0,2.0,0.0,3.0,4.0,2.0,0,0
8430,6340.0,1.0,54.0,5.0,2.0,2.0,5.0,0.0,2.0,7.0,4.0,0,0
8432,6342.0,1.0,45.0,4.0,5.0,2.0,7.0,3.0,2.0,7.0,8.0,1,1
8433,6343.0,2.0,52.0,2.0,1.0,2.0,2.0,0.0,3.0,3.0,2.0,0,0
8434,6344.0,1.0,63.0,2.0,2.0,7.0,5.0,0.0,4.0,2.0,4.0,0,0
8435,6345.0,2.0,24.0,2.0,4.0,2.0,3.0,0.0,3.0,7.0,9.0,1,1
8436,6346.0,2.0,55.0,5.0,4.0,9.0,8.0,0.0,4.0,2.0,7.0,1,1
8437,9648.0,2.0,30.0,5.0,2.0,2.0,8.0,0.0,3.0,8.0,3.0,0,2
8438,8638.0,2.0,49.0,4.0,2.0,2.0,3.0,1.0,2.0,6.0,8.0,1,1
8439,6347.0,1.0,75.0,3.0,2.0,7.0,8.0,0.0,5.0,3.0,4.0,0,0
8440,6348.0,1.0,67.0,5.0,1.0,7.0,3.0,0.0,2.0,4.0,2.0,0,0
8442,8639.0,1.0,69.0,4.0,2.0,7.0,2.0,0.0,3.0,5.0,4.0,0,0
8443,6350.0,1.0,69.0,4.0,2.0,7.0,2.0,0.0,3.0,5.0,4.0,0,0
8444,6351.0,2.0,52.0,3.0,2.0,4.0,1.0,0.0,3.0,6.0,9.0,1,0
8445,6352.0,1.0,67.0,1.0,1.0,1.0,8.0,0.0,1.0,7.0,2.0,0,0
8446,6353.0,2.0,63.0,5.0,1.0,6.0,1.0,0.0,4.0,1.0,2.0,0,0
8447,6354.0,2.0,52.0,2.0,2.0,2.0,8.0,0.0,5.0,3.8,9.0,1,0
8448,6355.0,1.0,66.0,5.0,2.0,7.0,4.0,0.0,2.0,4.0,4.0,0,0
8449,6356.0,1.0,52.0,5.0,4.0,2.0,5.0,0.0,3.0,4.0,7.0,1,1
8450,8640.0,2.0,59.0,2.0,4.0,4.0,5.0,0.0,4.0,4.0,9.0,1,1
8451,6357.0,2.0,59.0,2.0,4.0,4.0,5.0,0.0,4.0,4.0,9.0,1,1
8452,6358.0,2.0,58.0,5.0,2.0,2.0,3.0,0.0,4.0,2.0,4.0,0,0
8453,6359.0,2.0,60.0,4.0,1.0,2.0,2.0,0.0,2.0,4.0,2.0,0,0
8455,8641.0,2.0,54.0,2.0,4.0,2.0,3.0,2.0,3.0,3.0,6.0,1,1
8456,6361.0,2.0,54.0,2.0,4.0,2.0,3.0,2.0,3.0,3.0,6.0,1,1
8457,6362.0,1.0,84.0,5.0,2.0,7.0,5.0,0.0,2.0,6.0,4.0,0,0
8458,6363.0,2.0,72.0,2.0,2.0,7.0,5.0,0.0,2.0,5.0,4.0,0,0
8459,8642.0,2.0,72.0,2.0,2.0,7.0,5.0,0.0,2.0,5.0,4.0,0,0
8460,6364.0,2.0,67.0,2.0,2.0,7.0,3.0,0.0,3.0,3.0,4.0,0,0
8461,6365.0,2.0,82.0,2.0,2.0,7.0,8.0,0.0,4.0,5.0,4.0,0,0
8462,8643.0,2.0,66.0,3.0,2.0,2.0,5.0,0.0,2.0,7.0,4.0,0,0
8463,6366.0,2.0,66.0,3.0,2.0,2.0,5.0,0.0,2.0,7.0,4.0,0,0
8464,6367.0,1.0,58.0,2.0,2.0,3.0,7.0,0.0,1.0,6.0,4.0,0,0
8465,6368.0,1.0,77.0,2.0,1.0,7.0,5.0,0.0,3.0,5.0,2.0,0,0
8466,6369.0,1.0,74.0,3.0,2.0,7.0,8.0,0.0,5.0,3.0,4.0,0,0
8467,8644.0,1.0,74.0,3.0,2.0,7.0,8.0,0.0,5.0,3.0,4.0,0,0
8468,6370.0,2.0,24.0,2.0,1.0,8.0,1.0,0.0,3.0,7.0,1.0,0,2
8469,6371.0,1.0,27.0,2.0,2.0,2.0,2.0,0.0,1.0,8.0,3.0,0,2
8470,6372.0,2.0,48.0,5.0,4.0,9.0,4.0,2.0,1.0,6.0,6.0,1,1
8471,6373.0,2.0,52.0,2.0,4.0,2.0,7.0,0.0,2.0,5.0,9.0,1,1
8472,8645.0,2.0,52.0,2.0,4.0,2.0,7.0,0.0,2.0,5.0,9.0,1,1
8473,6374.0,1.0,66.0,4.0,2.0,7.0,5.0,0.0,2.0,6.0,4.0,0,0
8474,8646.0,2.0,39.0,2.0,4.0,2.0,8.0,2.0,2.0,6.0,6.0,1,1
8475,6375.0,2.0,39.0,2.0,4.0,2.0,8.0,2.0,2.0,6.0,6.0,1,1
8477,6377.0,2.0,38.0,3.0,4.0,2.0,5.0,2.0,2.0,7.0,8.0,1,1
8478,6378.0,2.0,64.0,5.0,1.0,6.0,1.0,0.0,5.0,2.0,2.0,0,0
8480,6380.0,1.0,51.0,3.0,1.0,2.0,3.0,0.0,5.0,2.0,2.0,0,0
8481,6381.0,2.0,64.0,5.0,2.0,5.0,3.0,0.0,5.0,3.0,4.0,0,0
8482,6382.0,1.0,66.0,2.0,2.0,5.0,3.0,0.0,5.0,3.0,4.0,0,0
8483,8647.0,1.0,75.0,2.0,2.0,7.0,5.0,0.0,2.0,6.0,4.0,0,0
8484,6383.0,1.0,75.0,2.0,2.0,7.0,5.0,0.0,2.0,6.0,4.0,0,0
8485,8648.0,2.0,81.0,2.0,2.0,9.0,3.0,0.0,2.0,7.0,4.0,0,0
8487,8649.0,1.0,71.0,3.0,2.0,7.0,3.0,0.0,5.0,2.0,4.0,0,0
8488,6385.0,1.0,71.0,3.0,2.0,7.0,3.0,0.0,5.0,2.0,4.0,0,0
8489,8650.0,2.0,56.0,5.0,4.0,9.0,2.0,1.0,5.0,3.0,7.0,1,1
8490,6386.0,2.0,56.0,5.0,4.0,9.0,2.0,1.0,5.0,3.0,7.0,1,1
8491,6387.0,2.0,29.0,4.0,1.0,2.0,3.0,0.0,2.0,7.0,1.0,0,2
8492,6388.0,2.0,40.0,5.0,1.0,2.0,4.0,0.0,2.0,7.0,1.0,0,2
8493,6389.0,1.0,73.0,5.0,2.0,7.0,2.0,0.0,5.0,2.0,4.0,0,0
8494,6390.0,1.0,60.0,2.0,3.0,3.0,7.0,0.0,2.0,5.0,7.0,1,0
8496,6391.0,1.0,63.0,4.0,2.0,5.0,1.0,0.0,4.0,4.0,4.0,0,0
8497,6392.0,1.0,72.0,3.0,2.0,7.0,2.0,0.0,1.0,1.0,4.0,0,0
8498,8652.0,2.0,70.0,5.0,2.0,7.0,2.0,0.0,5.0,2.0,4.0,0,0
8499,6393.0,1.0,64.0,2.0,2.0,1.0,4.0,0.0,1.0,8.0,4.0,0,0
8500,6394.0,2.0,34.0,2.0,4.0,2.0,5.0,2.0,5.0,5.8,6.0,1,1
8502,8654.0,2.0,65.0,2.0,1.0,2.0,6.0,0.0,2.0,6.0,2.0,0,0
8503,8655.0,2.0,60.0,2.0,2.0,9.0,8.0,0.0,3.0,4.0,4.0,0,0
8504,6395.0,2.0,60.0,2.0,2.0,9.0,8.0,0.0,3.0,4.0,4.0,0,0
8505,6396.0,1.0,69.0,2.0,2.0,7.0,4.0,0.0,5.0,3.0,4.0,0,0
8506,8656.0,1.0,69.0,2.0,2.0,7.0,4.0,0.0,5.0,3.0,4.0,0,0
8508,6398.0,2.0,48.0,4.0,4.0,2.0,8.0,0.0,4.0,4.0,7.0,1,1
8509,6399.0,1.0,63.0,5.0,1.0,2.0,2.0,0.0,4.0,3.0,2.0,0,0
8510,8657.0,2.0,60.0,4.0,2.0,9.0,2.0,0.0,5.0,2.0,4.0,0,0
8511,6400.0,2.0,60.0,4.0,2.0,9.0,2.0,0.0,5.0,2.0,4.0,0,0
8512,6401.0,2.0,27.0,5.0,1.0,8.0,1.0,0.0,3.0,5.8,1.0,0,2
8513,6402.0,1.0,71.0,4.0,2.0,7.0,3.0,0.0,4.0,4.0,4.0,0,0
8516,6404.0,1.0,57.0,5.0,2.0,2.0,4.0,0.0,5.0,2.0,4.0,0,0
8517,9491.0,1.0,57.0,5.0,2.0,2.0,4.0,0.0,5.0,2.0,4.0,0,0
8518,9100.0,2.0,47.0,3.0,4.0,2.0,3.0,2.0,3.0,4.0,6.0,1,1
8519,6405.0,2.0,47.0,3.0,4.0,2.0,3.0,2.0,3.0,4.0,6.0,1,1
8520,8658.0,2.0,47.0,3.0,4.0,2.0,3.0,2.0,3.0,4.0,6.0,1,1
8521,6406.0,2.0,42.0,2.0,3.0,2.0,4.0,1.0,2.0,7.0,8.0,1,1
8522,9649.0,2.0,76.0,2.0,1.0,7.0,3.0,0.0,5.0,4.0,2.0,0,0
8523,6407.0,2.0,44.0,3.0,1.0,2.0,3.0,0.0,2.0,4.0,1.0,0,2
8524,6408.0,2.0,64.0,2.0,1.0,7.0,2.0,0.0,5.0,3.0,2.0,0,0
8525,9101.0,1.0,71.0,5.0,2.0,7.0,2.0,0.0,5.0,2.0,4.0,0,0
8526,6409.0,1.0,71.0,5.0,2.0,7.0,2.0,0.0,5.0,2.0,4.0,0,0
8527,9102.0,1.0,60.0,3.0,3.0,2.0,5.0,0.0,2.0,6.0,7.0,1,0
8528,6410.0,1.0,60.0,3.0,3.0,2.0,5.0,0.0,2.0,6.0,7.0,1,0
8531,6412.0,1.0,71.0,1.0,2.0,7.0,4.0,0.0,4.0,4.0,4.0,0,0
8533,6414.0,1.0,73.0,1.0,2.0,7.0,3.0,0.0,5.0,1.0,4.0,0,0
8534,8660.0,1.0,73.0,1.0,2.0,7.0,3.0,0.0,5.0,1.0,4.0,0,0
8535,9677.0,2.0,69.0,3.0,1.0,7.0,1.0,0.0,5.0,3.0,2.0,0,0
8536,6415.0,2.0,55.0,4.0,1.0,2.0,2.0,0.0,2.0,4.0,2.0,0,0
8537,6416.0,2.0,54.0,2.0,4.0,4.0,8.0,2.0,2.0,3.0,6.0,1,1
8538,9103.0,2.0,48.0,4.0,4.0,2.0,5.0,1.0,1.0,6.0,9.0,1,1
8539,8661.0,2.0,48.0,4.0,4.0,2.0,5.0,1.0,1.0,6.0,9.0,1,1
8540,6417.0,1.0,68.0,5.0,2.0,7.0,2.0,0.0,4.0,4.0,4.0,0,0
8541,6418.0,1.0,50.0,5.0,3.0,2.0,5.0,1.0,3.0,4.0,9.0,1,1
8542,6419.0,1.0,84.0,4.0,1.0,7.0,4.0,0.0,2.0,6.0,2.0,0,0
8543,6420.0,2.0,64.0,1.0,1.0,4.0,2.0,0.0,3.0,3.8,2.0,0,0
8544,8662.0,2.0,57.0,3.0,2.0,9.0,5.0,0.0,4.0,5.0,4.0,0,0
8545,6421.0,2.0,59.0,5.0,1.0,2.0,3.0,0.0,4.0,2.0,2.0,0,0
8546,6422.0,1.0,62.0,1.0,2.0,2.0,4.0,0.0,2.0,4.0,4.0,0,0
8547,6423.0,2.0,62.0,4.0,2.0,6.0,2.0,0.0,5.0,2.0,4.0,0,0
8548,8663.0,2.0,62.0,4.0,2.0,6.0,2.0,0.0,5.0,2.0,4.0,0,0
8549,6424.0,2.0,70.0,5.0,1.0,1.0,4.0,0.0,1.0,7.0,2.0,0,0
8550,6425.0,2.0,56.0,2.0,2.0,6.0,2.0,0.0,5.0,2.0,4.0,0,0
8551,6426.0,1.0,73.0,2.0,2.0,7.0,2.0,0.0,5.0,1.0,4.0,0,0
8552,8664.0,1.0,73.0,2.0,2.0,7.0,2.0,0.0,5.0,1.0,4.0,0,0
8553,6427.0,1.0,69.0,5.0,2.0,7.0,3.0,0.0,4.0,4.0,4.0,0,0
8554,9650.0,1.0,25.0,5.0,2.0,2.0,8.0,0.0,2.0,6.0,3.0,0,2
8555,6428.0,1.0,72.0,2.0,2.0,7.0,2.0,0.0,5.0,3.0,4.0,0,0
8556,9356.0,2.0,54.0,3.0,3.0,1.0,2.0,1.0,1.0,6.0,7.0,1,1
8557,6429.0,2.0,54.0,3.0,3.0,1.0,2.0,1.0,1.0,6.0,7.0,1,1
8558,6430.0,2.0,61.0,4.0,1.0,2.0,2.0,0.0,4.0,2.0,2.0,0,0
8561,6432.0,1.0,72.0,5.0,2.0,7.0,3.0,0.0,5.0,2.0,4.0,0,0
8564,6434.0,2.0,70.0,5.0,2.0,7.0,2.0,0.0,5.0,3.0,4.0,0,0
8565,6435.0,1.0,70.0,1.0,2.0,7.0,5.0,0.0,4.0,2.0,4.0,0,0
8566,6436.0,2.0,69.0,2.0,2.0,7.0,4.0,0.0,3.0,2.0,4.0,0,0
8567,6437.0,2.0,71.0,1.0,2.0,7.0,3.0,0.0,5.0,3.0,4.0,0,0
8568,8666.0,2.0,71.0,1.0,2.0,7.0,3.0,0.0,5.0,3.0,4.0,0,0
8569,8667.0,2.0,58.0,1.0,2.0,2.0,2.0,0.0,5.0,2.0,4.0,0,0
8570,9104.0,2.0,58.0,1.0,2.0,2.0,2.0,0.0,5.0,2.0,4.0,0,0
8571,6438.0,2.0,58.0,1.0,2.0,2.0,2.0,0.0,5.0,2.0,4.0,0,0
8573,6440.0,2.0,58.0,2.0,2.0,2.0,4.0,0.0,4.0,2.0,4.0,0,0
8574,6441.0,2.0,61.0,1.0,1.0,6.0,1.0,0.0,4.0,4.0,2.0,0,0
8575,6442.0,2.0,57.0,4.0,2.0,5.0,2.0,0.0,3.0,6.0,4.0,0,0
8576,8668.0,2.0,57.0,4.0,2.0,5.0,2.0,0.0,3.0,6.0,4.0,0,0
8580,6444.0,1.0,66.0,2.0,2.0,7.0,1.0,0.0,5.0,3.0,4.0,0,0
8582,6446.0,2.0,74.0,1.0,1.0,7.0,3.0,0.0,2.0,6.0,2.0,0,0
8583,9358.0,1.0,47.0,5.0,4.0,2.0,7.0,2.0,1.0,8.0,6.0,1,1
8584,6447.0,1.0,47.0,5.0,4.0,2.0,7.0,2.0,1.0,8.0,6.0,1,1
8585,8670.0,1.0,47.0,5.0,4.0,2.0,7.0,2.0,1.0,8.0,6.0,1,1
8586,8671.0,1.0,49.0,5.0,5.0,2.0,7.0,3.0,1.0,8.0,6.0,1,1
8587,9359.0,1.0,49.0,5.0,5.0,2.0,7.0,3.0,1.0,8.0,6.0,1,1
8588,6448.0,1.0,75.0,3.0,2.0,1.0,5.0,0.0,1.0,5.0,4.0,0,0
8589,6449.0,1.0,63.0,5.0,2.0,4.0,8.0,0.0,3.0,6.0,4.0,0,0
8591,6451.0,1.0,69.0,5.0,2.0,7.0,4.0,0.0,4.0,2.0,4.0,0,0
8596,9107.0,1.0,49.0,4.0,3.0,4.0,4.0,0.0,3.0,5.0,7.0,1,0
8597,8673.0,1.0,49.0,4.0,3.0,4.0,4.0,0.0,3.0,5.0,7.0,1,0
8598,6453.0,1.0,49.0,4.0,3.0,4.0,4.0,0.0,3.0,5.0,7.0,1,0
8599,6454.0,1.0,85.0,2.0,2.0,7.0,6.0,0.0,2.0,4.0,4.0,0,0
8600,6455.0,2.0,68.0,1.0,2.0,7.0,3.0,0.0,5.0,2.0,4.0,0,0
8601,6456.0,1.0,72.0,4.0,2.0,7.0,6.0,0.0,1.0,8.0,4.0,0,0
8602,6457.0,2.0,58.0,4.0,2.0,2.0,8.0,0.0,2.0,4.0,4.0,0,0
8603,8674.0,2.0,58.0,4.0,2.0,2.0,8.0,0.0,2.0,4.0,4.0,0,0
8604,6458.0,1.0,73.0,2.0,2.0,7.0,4.0,0.0,2.0,3.0,4.0,0,0
8605,6459.0,2.0,59.0,5.0,1.0,5.0,1.0,0.0,5.0,3.0,2.0,0,0
8606,6460.0,2.0,61.0,5.0,2.0,9.0,3.0,0.0,2.0,3.0,4.0,0,0
8607,6461.0,1.0,47.0,5.0,5.0,1.0,7.0,3.0,1.0,5.0,6.0,1,1
8608,8675.0,1.0,47.0,5.0,5.0,1.0,7.0,3.0,1.0,5.0,6.0,1,1
8609,6462.0,2.0,46.0,5.0,1.0,4.0,2.0,0.0,4.0,4.0,2.0,0,0
8610,6463.0,1.0,61.0,1.0,2.0,2.0,6.0,0.0,1.0,6.0,4.0,0,0
8614,6467.0,1.0,73.0,2.0,2.0,7.0,4.0,0.0,5.0,3.0,4.0,0,0
8615,6468.0,1.0,70.0,4.0,2.0,7.0,4.0,0.0,1.0,8.0,4.0,0,0
8616,6469.0,1.0,62.0,5.0,2.0,4.0,2.0,0.0,5.0,2.0,4.0,0,0
8617,6470.0,2.0,26.0,4.0,2.0,2.0,4.0,0.0,2.0,6.0,3.0,0,2
8618,6471.0,1.0,32.0,3.0,1.0,2.0,2.0,0.0,1.0,8.0,1.0,0,2
8620,6472.0,2.0,63.0,2.0,2.0,4.0,5.0,0.0,2.0,7.0,4.0,0,0
8621,8677.0,2.0,63.0,2.0,2.0,4.0,5.0,0.0,2.0,7.0,4.0,0,0
8622,8678.0,2.0,62.0,2.0,3.0,2.0,8.0,0.0,4.0,7.0,9.0,1,0
8623,6473.0,2.0,48.0,5.0,4.0,2.0,5.0,2.0,5.0,5.0,6.0,1,1
8624,9108.0,2.0,55.0,2.0,4.0,9.0,8.0,0.0,2.0,5.0,7.0,1,1
8625,6474.0,2.0,55.0,2.0,4.0,9.0,8.0,0.0,2.0,5.0,7.0,1,1
8626,6475.0,1.0,49.0,3.0,2.0,2.0,5.0,0.0,2.0,5.0,4.0,0,0
8627,6476.0,1.0,68.0,2.0,3.0,7.0,5.0,0.0,1.0,8.0,7.0,1,0
8628,8679.0,1.0,68.0,2.0,3.0,7.0,5.0,0.0,1.0,8.0,7.0,1,0
8629,8680.0,2.0,57.0,5.0,2.0,9.0,8.0,0.0,4.0,3.0,4.0,0,0
8631,6478.0,1.0,47.0,5.0,5.0,2.0,8.0,1.0,2.0,4.0,6.0,1,1
8632,8681.0,2.0,48.0,5.0,3.0,2.0,2.0,0.0,3.0,4.0,9.0,1,1
8633,6479.0,2.0,48.0,4.0,3.0,2.0,8.0,1.0,1.0,4.0,6.0,1,1
8634,9492.0,2.0,54.0,1.0,4.0,2.0,4.0,0.0,1.0,6.0,7.0,1,1
8635,6480.0,1.0,68.0,3.0,2.0,7.0,2.0,0.0,4.0,4.0,4.0,0,0
8636,6481.0,1.0,33.0,4.0,4.0,2.0,5.0,2.0,1.0,7.0,8.0,1,1
8637,8682.0,1.0,67.0,3.0,2.0,7.0,8.0,0.0,4.0,4.0,4.0,0,0
8638,6482.0,1.0,67.0,3.0,2.0,7.0,8.0,0.0,4.0,4.0,4.0,0,0
8639,8683.0,1.0,53.0,5.0,2.0,1.0,6.0,0.0,1.0,6.0,4.0,0,0
8640,6483.0,1.0,53.0,5.0,2.0,1.0,6.0,0.0,1.0,6.0,4.0,0,0
8641,8684.0,1.0,44.0,2.0,4.0,2.0,7.0,2.0,1.0,8.0,8.0,1,1
8642,6484.0,1.0,44.0,2.0,4.0,2.0,7.0,2.0,1.0,8.0,8.0,1,1
8643,6485.0,1.0,64.0,2.0,1.0,1.0,2.0,0.0,1.0,4.4,2.0,0,0
8644,6486.0,2.0,52.0,2.0,4.0,2.0,3.0,0.0,4.0,2.0,7.0,1,1
8645,9109.0,2.0,52.0,2.0,4.0,2.0,3.0,0.0,4.0,2.0,7.0,1,1
8646,8685.0,2.0,52.0,2.0,4.0,2.0,3.0,0.0,4.0,2.0,7.0,1,1
8647,9110.0,2.0,50.0,4.0,4.0,2.0,2.0,2.0,3.0,5.0,6.0,1,1
8648,6487.0,2.0,50.0,4.0,4.0,2.0,2.0,2.0,3.0,5.0,6.0,1,1
8649,9361.0,2.0,50.0,4.0,4.0,2.0,2.0,2.0,3.0,5.0,6.0,1,1
8650,8686.0,2.0,50.0,4.0,4.0,2.0,2.0,2.0,3.0,5.0,6.0,1,1
8651,6488.0,2.0,44.0,5.0,2.0,2.0,7.0,0.0,2.0,7.0,3.0,0,2
8652,8687.0,2.0,63.0,1.0,2.0,9.0,2.0,0.0,2.0,3.0,4.0,0,0
8653,6489.0,2.0,63.0,1.0,2.0,9.0,2.0,0.0,2.0,3.0,4.0,0,0
8654,8688.0,1.0,58.0,5.0,3.0,3.0,8.0,0.0,2.0,6.0,7.0,1,0
8655,9493.0,1.0,58.0,5.0,3.0,3.0,8.0,0.0,2.0,6.0,7.0,1,0
8656,6490.0,1.0,58.0,5.0,3.0,3.0,8.0,0.0,2.0,6.0,7.0,1,0
8657,9362.0,1.0,58.0,5.0,3.0,3.0,8.0,0.0,2.0,6.0,7.0,1,0
8658,8689.0,2.0,64.0,2.0,2.0,7.0,2.0,0.0,3.0,3.0,4.0,0,0
8659,6491.0,2.0,64.0,2.0,2.0,7.0,2.0,0.0,3.0,3.0,4.0,0,0
8660,6492.0,1.0,62.0,3.0,2.0,2.0,7.0,0.0,1.0,8.0,3.0,0,0
8661,6493.0,1.0,54.0,5.0,2.0,2.0,5.0,0.0,2.0,6.0,4.0,0,0
8662,6494.0,2.0,42.0,2.0,2.0,2.0,6.0,0.0,3.0,5.0,3.0,0,2
8663,6495.0,1.0,65.0,4.0,2.0,2.0,5.0,0.0,2.0,4.0,4.0,0,0
8664,6496.0,2.0,33.0,2.0,2.0,2.0,5.0,0.0,2.0,4.0,3.0,0,2
8665,6497.0,1.0,40.0,2.0,5.0,3.0,5.0,3.0,2.0,7.0,6.0,1,1
8666,8690.0,1.0,40.0,2.0,5.0,3.0,5.0,3.0,2.0,7.0,6.0,1,1
8667,6498.0,1.0,72.0,1.0,2.0,2.0,5.0,0.0,2.0,6.0,4.0,0,0
8668,6499.0,1.0,41.0,4.0,5.0,3.0,4.0,3.0,2.0,4.0,5.0,1,1
8670,6501.0,1.0,76.0,5.0,4.0,7.0,4.0,0.0,5.0,3.0,5.0,-1,-1
8671,8691.0,1.0,76.0,5.0,4.0,7.0,4.0,0.0,5.0,3.0,5.0,-1,-1
8672,6502.0,1.0,65.0,3.0,1.0,9.0,2.0,0.0,5.0,4.0,2.0,0,0
8673,9111.0,2.0,66.0,5.0,1.0,7.0,8.0,0.0,4.0,4.0,2.0,0,0
8674,6503.0,2.0,66.0,5.0,1.0,7.0,8.0,0.0,4.0,4.0,2.0,0,0
8676,9112.0,1.0,56.0,1.0,2.0,1.0,7.0,0.0,1.0,6.0,4.0,0,0
8677,6505.0,1.0,56.0,1.0,2.0,1.0,7.0,0.0,1.0,6.0,4.0,0,0
8678,8692.0,1.0,56.0,1.0,2.0,1.0,7.0,0.0,1.0,6.0,4.0,0,0
8679,6506.0,1.0,41.0,1.0,3.0,2.0,4.0,0.0,4.0,4.0,7.0,1,1
8680,6507.0,2.0,78.0,3.0,2.0,7.0,3.0,0.0,2.0,5.0,4.0,0,0
8681,6508.0,1.0,47.0,3.0,1.0,9.0,1.0,0.0,5.0,2.0,2.0,0,0
8682,6509.0,2.0,52.0,5.0,1.0,4.0,2.0,0.0,5.0,4.6,2.0,0,0
8684,8693.0,2.0,53.0,5.0,4.0,1.0,4.0,1.0,1.0,5.0,6.0,1,1
8686,6512.0,1.0,54.0,3.0,1.0,2.0,2.0,0.0,3.0,5.0,2.0,0,0
8687,6513.0,2.0,30.0,2.0,1.0,4.0,2.0,0.0,4.0,4.0,1.0,0,2
8689,6515.0,2.0,41.0,4.0,1.0,4.0,2.0,0.0,4.0,4.0,1.0,0,2
8690,8694.0,2.0,61.0,5.0,2.0,3.0,8.0,0.0,2.0,6.0,4.0,0,0
8691,6516.0,2.0,61.0,5.0,2.0,3.0,8.0,0.0,2.0,6.0,4.0,0,0
8692,6517.0,2.0,34.0,5.0,3.0,2.0,6.0,1.0,3.0,5.0,6.0,1,1
8693,6518.0,2.0,54.0,2.0,3.0,2.0,7.0,0.0,1.0,6.0,7.0,1,0
8694,6519.0,1.0,62.0,3.0,2.0,1.0,5.0,0.0,1.0,8.0,4.0,0,0
8695,6520.0,2.0,55.0,5.0,2.0,9.0,3.0,0.0,4.0,5.0,4.0,0,0
8696,6521.0,1.0,61.0,1.0,2.0,7.0,5.0,0.0,4.0,4.0,4.0,0,0
8697,8695.0,1.0,50.0,4.0,4.0,1.0,7.0,2.0,1.0,8.0,6.0,1,1
8698,9363.0,1.0,50.0,4.0,4.0,1.0,7.0,2.0,1.0,8.0,6.0,1,1
8699,6522.0,1.0,50.0,4.0,4.0,1.0,7.0,2.0,1.0,8.0,6.0,1,1
8700,9113.0,1.0,50.0,4.0,4.0,1.0,7.0,2.0,1.0,8.0,6.0,1,1
8701,6523.0,2.0,48.0,5.0,5.0,1.0,8.0,2.0,1.0,7.0,6.0,1,1
8702,6524.0,2.0,39.0,5.0,2.0,2.0,5.0,0.0,2.0,6.0,3.0,0,2
8703,8696.0,2.0,39.0,5.0,2.0,2.0,5.0,0.0,2.0,6.0,3.0,0,2
8704,6525.0,1.0,40.0,4.0,5.0,2.0,5.0,3.0,2.0,7.0,6.0,1,1
8705,6526.0,2.0,65.0,4.0,1.0,7.0,4.0,0.0,2.0,6.0,2.0,0,0
8706,6527.0,2.0,65.0,5.0,1.0,7.0,4.0,0.0,2.0,6.0,2.0,0,0
8707,9364.0,1.0,53.0,5.0,4.0,2.0,6.0,1.0,2.0,6.0,6.0,1,1
8708,6528.0,1.0,53.0,5.0,4.0,2.0,6.0,1.0,2.0,6.0,6.0,1,1
8709,8697.0,2.0,71.0,5.0,3.0,7.0,4.0,0.0,5.0,3.0,7.0,1,0
8710,6529.0,2.0,71.0,5.0,3.0,7.0,4.0,0.0,5.0,3.0,7.0,1,0
8711,8698.0,1.0,39.0,4.0,1.0,2.0,2.0,0.0,4.0,1.0,1.0,0,2
8712,8699.0,1.0,44.0,4.0,2.0,2.0,5.0,0.0,3.0,4.0,3.0,0,0
8713,6530.0,1.0,44.0,4.0,2.0,2.0,5.0,0.0,3.0,4.0,3.0,0,0
8714,6531.0,2.0,42.0,4.0,5.0,3.0,6.0,3.0,1.0,6.0,6.0,1,1
8715,6532.0,2.0,52.0,4.0,4.0,4.0,4.0,0.0,1.0,7.0,7.0,1,1
8716,8700.0,1.0,38.0,2.0,5.0,2.0,4.0,3.0,3.0,5.2,6.0,1,1
8717,9365.0,1.0,38.0,2.0,5.0,2.0,4.0,3.0,3.0,7.2,6.0,1,1
8718,6533.0,2.0,71.0,2.0,1.0,7.0,2.0,0.0,3.0,5.0,2.0,0,0
8720,6535.0,2.0,73.0,3.0,1.0,7.0,2.0,0.0,4.0,4.0,2.0,0,0
8721,6536.0,1.0,66.0,5.0,2.0,7.0,3.0,0.0,5.0,3.0,4.0,0,0
8722,6537.0,2.0,53.0,4.0,5.0,2.0,3.0,0.0,4.0,4.0,7.0,1,1
8723,6538.0,2.0,71.0,2.0,2.0,7.0,8.0,0.0,5.0,2.0,4.0,0,0
8724,6539.0,1.0,66.0,3.0,2.0,7.0,8.0,0.0,1.0,8.0,4.0,0,0
8725,6540.0,2.0,64.0,5.0,1.0,2.0,8.0,0.0,2.0,4.0,2.0,0,0
8726,6541.0,1.0,45.0,2.0,3.0,2.0,5.0,1.0,1.0,6.0,5.0,1,1
8727,6542.0,2.0,60.0,4.0,1.0,9.0,8.0,0.0,5.0,4.0,2.0,0,0
8732,6544.0,2.0,43.0,3.0,1.0,2.0,4.0,0.0,1.0,6.0,1.0,0,2
8733,6545.0,1.0,57.0,1.0,2.0,2.0,7.0,0.0,3.0,4.0,4.0,0,0
8734,6546.0,1.0,74.0,5.0,2.0,7.0,4.0,0.0,4.0,4.0,4.0,0,0
8735,6547.0,2.0,53.0,4.0,3.0,2.0,5.0,0.0,1.0,4.0,7.0,1,0
8736,8702.0,2.0,53.0,4.0,3.0,2.0,5.0,0.0,1.0,4.0,7.0,1,0
8737,9542.0,2.0,53.0,4.0,3.0,2.0,5.0,0.0,1.0,4.0,7.0,1,0
8738,6548.0,2.0,71.0,4.0,2.0,9.0,8.0,0.0,2.0,1.0,4.0,0,0
8739,8703.0,2.0,71.0,4.0,2.0,9.0,8.0,0.0,2.0,1.0,4.0,0,0
8740,6549.0,2.0,42.0,2.0,2.0,5.0,4.0,0.0,3.0,2.0,3.0,0,0
8741,6550.0,2.0,81.0,5.0,2.0,9.0,3.0,0.0,5.0,3.0,4.0,0,0
8742,6551.0,2.0,43.0,5.0,2.0,4.0,4.0,0.0,2.0,4.0,3.0,0,0
8743,6552.0,1.0,41.0,4.0,1.0,2.0,8.0,0.0,2.0,4.0,1.0,0,2
8744,8704.0,1.0,52.0,2.0,3.0,2.0,8.0,1.0,2.0,5.0,6.0,1,1
8745,6553.0,1.0,52.0,2.0,3.0,2.0,8.0,1.0,2.0,5.0,6.0,1,1
8746,9114.0,2.0,52.0,4.0,5.0,2.0,5.0,1.0,4.0,4.0,7.0,1,1
8747,8705.0,2.0,52.0,4.0,5.0,2.0,5.0,1.0,4.0,4.0,7.0,1,1
8748,6554.0,2.0,52.0,4.0,5.0,2.0,5.0,1.0,4.0,4.0,7.0,1,1
8749,9367.0,2.0,52.0,4.0,5.0,2.0,5.0,1.0,4.0,4.0,7.0,1,1
8750,6555.0,1.0,62.0,4.0,2.0,2.0,5.0,0.0,2.0,6.0,4.0,0,0
8751,8706.0,1.0,62.0,4.0,2.0,2.0,5.0,0.0,2.0,6.0,4.0,0,0
8752,6556.0,2.0,83.0,2.0,1.0,7.0,2.0,0.0,5.0,1.0,2.0,0,0
8754,6558.0,1.0,53.0,1.0,2.0,5.0,5.0,0.0,2.0,4.0,4.0,0,0
8755,6559.0,2.0,62.0,5.0,1.0,6.0,1.0,0.0,5.0,3.0,2.0,0,0
8756,6560.0,2.0,54.0,4.0,2.0,2.0,2.0,0.0,4.0,2.0,9.0,1,0
8757,8707.0,2.0,74.0,1.0,2.0,7.0,3.0,0.0,5.0,3.0,4.0,0,0
8758,6561.0,2.0,74.0,1.0,2.0,7.0,3.0,0.0,5.0,3.0,4.0,0,0
8760,6563.0,2.0,35.0,1.0,2.0,2.0,2.0,1.0,4.0,2.0,8.0,1,1
8761,6564.0,2.0,55.0,2.0,1.0,2.0,4.0,0.0,2.0,5.0,2.0,0,0
8762,8708.0,2.0,30.0,3.0,2.0,2.0,4.0,0.0,1.0,8.0,3.0,0,2
8763,6565.0,2.0,30.0,3.0,2.0,2.0,4.0,0.0,1.0,8.0,3.0,0,2
8764,8709.0,1.0,59.0,5.0,3.0,2.0,5.0,0.0,1.0,7.0,7.0,1,0
8765,9115.0,1.0,59.0,5.0,3.0,2.0,5.0,0.0,1.0,7.0,7.0,1,0
8766,6566.0,1.0,59.0,5.0,3.0,2.0,5.0,0.0,1.0,7.0,7.0,1,0
8767,6567.0,2.0,57.0,3.0,1.0,3.0,4.0,0.0,2.0,5.0,2.0,0,0
8768,6568.0,1.0,79.0,2.0,2.0,7.0,3.0,0.0,5.0,3.0,4.0,0,0
8769,6569.0,1.0,74.0,5.0,2.0,7.0,2.0,0.0,5.0,2.0,4.0,0,0
8771,6571.0,1.0,61.0,5.0,2.0,7.0,5.0,0.0,1.0,8.0,4.0,0,0
8772,6572.0,1.0,33.0,4.0,1.0,4.0,1.0,0.0,5.0,3.0,1.0,0,2
8773,6573.0,2.0,25.0,4.0,1.0,8.0,1.0,0.0,3.0,6.0,1.0,0,2
8774,9116.0,1.0,52.0,2.0,4.0,2.0,4.0,1.0,3.0,5.0,6.0,1,1
8775,9368.0,1.0,52.0,2.0,4.0,2.0,4.0,1.0,3.0,5.0,6.0,1,1
8776,8710.0,1.0,52.0,2.0,4.0,2.0,4.0,1.0,3.0,5.0,6.0,1,1
8777,6574.0,1.0,52.0,2.0,4.0,2.0,4.0,1.0,3.0,5.0,6.0,1,1
8778,6575.0,1.0,54.0,2.0,4.0,2.0,5.0,1.0,2.0,7.0,6.0,1,1
8779,6576.0,1.0,46.0,2.0,1.0,3.0,5.0,0.0,1.0,8.0,2.0,0,2
8780,6577.0,2.0,30.0,4.0,3.0,1.0,5.0,1.0,1.0,6.0,8.0,1,1
8781,6578.0,2.0,53.0,5.0,1.0,5.0,1.0,0.0,5.0,3.0,2.0,0,0
8784,9117.0,2.0,52.0,5.0,5.0,2.0,1.0,3.0,2.0,4.6,8.0,1,1
8785,6580.0,2.0,52.0,5.0,5.0,2.0,1.0,3.0,2.0,6.2,8.0,1,1
8786,8712.0,2.0,55.0,5.0,2.0,1.0,7.0,0.0,1.0,7.0,4.0,0,0
8787,6581.0,2.0,35.0,4.0,4.0,9.0,3.0,2.0,3.0,4.0,6.0,1,1
8788,6582.0,2.0,54.0,5.0,2.0,2.0,7.0,0.0,1.0,8.0,4.0,0,0
8789,9369.0,1.0,69.0,5.0,1.0,7.0,4.0,0.0,4.0,4.0,2.0,0,0
8790,6583.0,1.0,69.0,5.0,1.0,7.0,4.0,0.0,4.0,4.0,2.0,0,0
8791,6584.0,2.0,46.0,4.0,1.0,3.0,5.0,0.0,1.0,8.0,2.0,0,2
8792,6585.0,1.0,29.0,4.0,1.0,2.0,5.0,0.0,1.0,8.0,1.0,0,2
8798,6588.0,2.0,57.0,2.0,2.0,2.0,7.0,0.0,2.0,6.0,9.0,1,0
8801,6590.0,2.0,57.0,4.0,2.0,3.0,7.0,0.0,2.0,5.0,4.0,0,0
8802,6591.0,2.0,42.0,3.0,1.0,2.0,4.0,0.0,2.0,4.0,1.0,0,2
8803,6592.0,1.0,58.0,3.0,4.0,2.0,6.0,2.0,1.0,6.0,6.0,1,1
8805,9119.0,1.0,49.0,5.0,4.0,3.0,5.0,2.0,2.0,7.0,6.0,1,1
8806,6594.0,2.0,36.0,4.0,1.0,2.0,8.0,0.0,2.0,5.0,1.0,0,2
8807,9120.0,1.0,53.0,5.0,4.0,1.0,5.0,2.0,1.0,2.0,6.0,1,1
8808,8715.0,1.0,53.0,5.0,4.0,1.0,5.0,2.0,1.0,2.0,6.0,1,1
8809,6595.0,1.0,53.0,5.0,4.0,1.0,5.0,2.0,1.0,2.0,6.0,1,1
8810,9371.0,1.0,53.0,5.0,4.0,1.0,5.0,2.0,1.0,2.0,6.0,1,1
8811,6596.0,2.0,70.0,4.0,1.0,7.0,2.0,0.0,3.0,5.0,2.0,0,0
8812,6597.0,1.0,32.0,5.0,1.0,2.0,4.0,0.0,2.0,4.0,1.0,0,2
8813,9372.0,2.0,59.0,4.0,3.0,2.0,5.0,0.0,4.0,5.0,7.0,1,0
8814,6598.0,2.0,59.0,4.0,3.0,2.0,5.0,0.0,4.0,5.0,7.0,1,0
8815,8716.0,2.0,61.0,4.0,2.0,2.0,8.0,0.0,4.0,4.0,4.0,0,0
8816,6599.0,2.0,61.0,4.0,2.0,2.0,8.0,0.0,4.0,4.0,4.0,0,0
8818,6601.0,1.0,28.0,3.0,2.0,2.0,5.0,0.0,1.0,8.0,3.0,0,2
8820,6603.0,2.0,51.0,3.0,3.0,9.0,8.0,0.0,3.0,4.0,7.0,1,0
8821,6604.0,2.0,64.0,5.0,1.0,4.0,3.0,0.0,3.0,4.0,2.0,0,0
8822,6605.0,1.0,49.0,1.0,1.0,2.0,3.0,0.0,1.0,4.0,2.0,0,0
8823,6606.0,1.0,37.0,1.0,3.0,2.0,4.0,1.0,3.0,4.0,5.0,1,1
8825,6608.0,2.0,50.0,4.0,3.0,2.0,4.0,0.0,2.0,2.0,7.0,1,0
8826,6609.0,1.0,48.0,2.0,3.0,2.0,6.0,1.0,2.0,4.0,5.0,1,1
8827,8717.0,1.0,48.0,2.0,3.0,2.0,6.0,1.0,2.0,4.0,5.0,1,1
8830,6612.0,1.0,33.0,1.0,2.0,2.0,4.0,0.0,2.0,4.0,3.0,0,2
8831,8718.0,1.0,33.0,1.0,2.0,2.0,4.0,0.0,2.0,4.0,3.0,0,2
8832,6613.0,2.0,33.0,2.0,1.0,2.0,3.0,0.0,2.0,5.0,1.0,0,2
8833,6614.0,1.0,34.0,1.0,1.0,2.0,2.0,0.0,3.0,7.0,1.0,0,2
8834,8719.0,2.0,55.0,4.0,3.0,3.0,8.0,0.0,1.0,6.0,9.0,1,1
8835,6615.0,2.0,29.0,4.0,1.0,2.0,2.0,0.0,2.0,5.0,1.0,0,2
8836,6616.0,2.0,33.0,3.0,1.0,2.0,1.0,0.0,2.0,7.0,1.0,0,2
8839,6618.0,1.0,62.0,1.0,3.0,1.0,3.0,0.0,2.0,6.0,9.0,1,0
8840,9495.0,1.0,62.0,1.0,3.0,1.0,3.0,0.0,2.0,6.0,9.0,1,0
8841,6619.0,1.0,63.0,5.0,2.0,7.0,2.0,0.0,5.0,1.0,4.0,0,0
8842,6620.0,2.0,31.0,3.0,1.0,2.0,3.0,0.0,2.0,7.0,1.0,0,2
8843,6621.0,1.0,74.0,1.0,2.0,7.0,4.0,0.0,2.0,6.0,4.0,0,0
8844,6622.0,2.0,53.0,2.0,2.0,2.0,5.0,0.0,3.0,4.0,4.0,0,0
8848,6626.0,2.0,52.0,2.0,3.0,1.0,8.0,0.0,1.0,4.0,7.0,1,0
8849,6627.0,1.0,66.0,2.0,2.0,7.0,4.0,0.0,4.0,4.0,4.0,0,0
8850,6628.0,2.0,52.0,1.0,4.0,3.0,8.0,0.0,5.0,6.0,7.0,1,1
8851,9373.0,2.0,52.0,1.0,4.0,3.0,8.0,0.0,5.0,6.0,7.0,1,1
8852,6629.0,2.0,53.0,4.0,2.0,2.0,3.0,0.0,4.0,3.0,4.0,0,0
8853,8721.0,2.0,53.0,4.0,2.0,2.0,3.0,0.0,4.0,3.0,4.0,0,0
8854,8722.0,2.0,64.0,1.0,2.0,4.0,3.0,0.0,4.0,4.0,4.0,0,0
8855,6630.0,2.0,64.0,1.0,2.0,4.0,3.0,0.0,4.0,4.0,4.0,0,0
8856,6631.0,2.0,87.0,5.0,2.0,7.0,2.0,0.0,5.0,4.0,4.0,0,0
8857,8723.0,2.0,87.0,5.0,2.0,7.0,2.0,0.0,5.0,4.4,4.0,0,0
8858,6632.0,1.0,70.0,5.0,2.0,2.0,4.0,0.0,2.0,6.0,4.0,0,0
8859,8724.0,1.0,70.0,5.0,2.0,2.0,4.0,0.0,2.0,6.0,4.0,0,0
8860,6633.0,1.0,74.0,5.0,2.0,7.0,3.0,0.0,5.0,3.0,4.0,0,0
8861,6634.0,1.0,55.0,3.0,2.0,3.0,6.0,0.0,3.0,4.6,4.0,0,0
8862,6635.0,1.0,52.0,1.0,2.0,2.0,5.0,0.0,2.0,3.0,4.0,0,0
8863,6636.0,2.0,28.0,2.0,1.0,2.0,2.0,0.0,1.0,8.0,1.0,0,2
8864,6637.0,2.0,61.0,2.0,3.0,7.0,7.0,0.0,1.0,7.0,7.0,1,0
8865,6638.0,2.0,58.0,1.0,1.0,5.0,1.0,0.0,5.0,4.0,2.0,0,0
8866,6639.0,1.0,43.0,2.0,4.0,2.0,7.0,2.0,3.0,4.0,6.0,1,1
8867,9121.0,1.0,56.0,5.0,4.0,2.0,4.0,1.0,4.0,4.2,6.0,1,1
8868,6640.0,1.0,56.0,5.0,4.0,2.0,4.0,1.0,4.0,3.6,6.0,1,1
8869,6641.0,1.0,22.0,5.0,1.0,8.0,1.0,0.0,3.0,6.0,1.0,0,2
8870,6642.0,2.0,72.0,5.0,2.0,7.0,3.0,0.0,3.0,2.0,4.0,0,0
8871,6643.0,1.0,27.0,1.0,1.0,2.0,3.0,0.0,2.0,4.0,1.0,0,2
8872,6644.0,2.0,56.0,2.0,2.0,5.0,3.0,0.0,5.0,3.0,9.0,1,0
8873,6645.0,2.0,50.0,5.0,3.0,2.0,2.0,1.0,3.0,2.0,7.0,1,1
8874,6646.0,2.0,20.0,4.0,5.0,2.0,8.0,1.0,3.0,5.6,6.0,-1,-1
8875,8725.0,2.0,20.0,4.0,5.0,2.0,8.0,1.0,3.0,6.6,6.0,-1,-1
8876,6647.0,2.0,30.0,3.0,3.0,2.0,5.0,1.0,1.0,4.0,5.0,1,1
8877,6648.0,1.0,83.0,5.0,2.0,7.0,2.0,0.0,5.0,3.0,4.0,0,0
8878,6649.0,2.0,34.0,3.0,4.0,2.0,5.0,2.0,2.0,7.0,8.0,1,1
8879,6650.0,1.0,73.0,5.0,2.0,7.0,3.0,0.0,2.0,7.0,4.0,0,0
8880,8726.0,1.0,73.0,5.0,2.0,7.0,3.0,0.0,2.0,7.0,4.0,0,0
8881,6651.0,2.0,26.0,2.0,2.0,2.0,2.0,0.0,2.0,7.0,3.0,0,2
8882,8727.0,2.0,70.0,2.0,2.0,7.0,2.0,0.0,5.0,2.0,4.0,0,0
8883,6652.0,2.0,70.0,2.0,2.0,7.0,2.0,0.0,5.0,2.0,4.0,0,0
8885,6654.0,1.0,55.0,2.0,4.0,3.0,7.0,2.0,1.0,4.0,8.0,1,1
8886,6655.0,1.0,78.0,2.0,2.0,7.0,6.0,0.0,2.0,6.0,4.0,0,0
8887,6656.0,1.0,73.0,4.0,2.0,7.0,3.0,0.0,2.0,6.0,4.0,0,0
8888,6657.0,2.0,32.0,3.0,3.0,9.0,2.0,1.0,4.0,5.8,6.0,1,1
8889,6658.0,1.0,80.0,1.0,2.0,1.0,3.0,0.0,1.0,3.0,4.0,0,0
8890,6659.0,2.0,24.0,2.0,1.0,8.0,1.0,0.0,3.0,7.0,1.0,0,2
8891,6660.0,2.0,60.0,2.0,2.0,2.0,2.0,0.0,5.0,2.0,9.0,1,0
8892,9374.0,1.0,52.0,3.0,4.0,2.0,8.0,2.0,3.0,4.0,6.0,1,1
8893,6661.0,2.0,53.0,5.0,4.0,1.0,8.0,0.0,2.0,7.0,7.0,1,1
8894,8728.0,2.0,53.0,5.0,4.0,1.0,8.0,0.0,2.0,7.0,7.0,1,1
8895,6662.0,2.0,31.0,2.0,2.0,2.0,8.0,0.0,1.0,4.0,3.0,0,2
8896,8729.0,2.0,31.0,4.0,5.0,2.0,5.0,3.0,2.0,6.0,5.0,1,1
8897,6663.0,2.0,74.0,4.0,1.0,7.0,8.0,0.0,2.0,7.0,2.0,0,0
8899,6665.0,2.0,56.0,3.0,1.0,2.0,4.0,0.0,2.0,5.0,2.0,0,0
8901,6667.0,2.0,52.0,5.0,2.0,2.0,4.0,0.0,2.0,6.0,9.0,1,0
8902,8730.0,2.0,52.0,5.0,2.0,2.0,4.0,0.0,2.0,6.0,9.0,1,0
8903,6668.0,2.0,72.0,2.0,1.0,7.0,3.0,0.0,5.0,3.0,2.0,0,0
8904,8731.0,2.0,36.0,2.0,4.0,2.0,4.0,2.0,2.0,7.0,5.0,1,1
8905,6669.0,2.0,36.0,2.0,4.0,2.0,4.0,2.0,2.0,7.0,5.0,1,1
8906,6670.0,2.0,56.0,1.0,1.0,4.0,2.0,0.0,3.0,8.0,2.0,0,0
8907,6671.0,2.0,43.0,2.0,4.0,1.0,8.0,1.0,1.0,8.0,8.0,1,1
8908,8732.0,1.0,74.0,4.0,1.0,7.0,4.0,0.0,4.0,4.0,2.0,0,0
8909,6672.0,1.0,74.0,4.0,1.0,7.0,4.0,0.0,4.0,4.0,2.0,0,0
8910,6673.0,1.0,56.0,5.0,2.0,2.0,5.0,0.0,3.0,4.0,4.0,0,0
8911,6674.0,2.0,50.0,2.0,2.0,2.0,8.0,0.0,3.0,4.0,4.0,0,0
8912,6675.0,2.0,48.0,5.0,2.0,2.0,8.0,0.0,3.0,5.2,4.0,0,0
8913,8733.0,2.0,48.0,4.0,2.0,2.0,5.0,1.0,2.0,7.0,8.0,1,1
8914,6676.0,2.0,48.0,4.0,2.0,2.0,5.0,1.0,2.0,7.0,8.0,1,1
8917,6678.0,2.0,69.0,5.0,2.0,7.0,4.0,0.0,2.0,6.0,4.0,0,0
8918,8734.0,2.0,69.0,5.0,2.0,7.0,4.0,0.0,2.0,6.0,4.0,0,0
8919,6679.0,2.0,53.0,1.0,2.0,2.0,3.0,0.0,3.0,3.0,4.0,0,0
8920,9123.0,2.0,53.0,1.0,2.0,2.0,3.0,0.0,3.0,3.0,4.0,0,0
8921,6680.0,2.0,39.0,2.0,2.0,2.0,4.0,1.0,3.0,4.0,8.0,1,1
8922,6681.0,1.0,27.0,5.0,1.0,3.0,2.0,0.0,4.0,6.2,1.0,0,2
8923,6682.0,2.0,31.0,5.0,2.0,2.0,8.0,0.0,3.0,6.0,3.0,0,2
8924,6683.0,2.0,20.0,5.0,5.0,8.0,3.0,0.0,5.0,6.0,7.0,-1,-1
8925,9496.0,1.0,47.0,4.0,6.0,2.0,5.0,2.0,2.0,7.0,6.0,-1,-1
8926,9375.0,1.0,47.0,4.0,6.0,2.0,5.0,2.0,2.0,7.0,6.0,-1,-1
8927,8735.0,1.0,47.0,4.0,6.0,2.0,5.0,2.0,2.0,7.0,6.0,-1,-1
8930,6685.0,1.0,71.0,3.0,2.0,7.0,4.0,0.0,2.0,7.0,4.0,0,0
8931,6686.0,2.0,43.0,3.0,8.0,2.0,2.0,5.0,5.0,5.4,6.0,-1,-1
8933,6688.0,2.0,34.0,2.0,4.0,2.0,7.0,2.0,1.0,8.0,5.0,1,1
8934,8737.0,2.0,34.0,2.0,4.0,2.0,7.0,2.0,1.0,8.0,5.0,1,1
8937,6690.0,2.0,64.0,2.0,1.0,2.0,2.0,0.0,4.0,2.0,2.0,0,0
8938,6691.0,2.0,44.0,4.0,1.0,4.0,2.0,0.0,3.0,5.0,1.0,0,2
8939,6692.0,2.0,32.0,3.0,2.0,8.0,2.0,0.0,2.0,7.0,3.0,0,2
8940,6693.0,2.0,76.0,2.0,1.0,7.0,3.0,0.0,2.0,7.0,2.0,0,0
8941,6694.0,2.0,31.0,5.0,3.0,2.0,8.0,1.0,3.0,4.0,5.0,1,1
8942,6695.0,1.0,81.0,5.0,1.0,7.0,5.0,0.0,2.0,6.0,2.0,0,0
8943,6696.0,1.0,34.0,5.0,3.0,2.0,6.0,1.0,1.0,6.0,8.0,1,1
8944,6697.0,2.0,31.0,1.0,3.0,2.0,3.0,1.0,1.0,8.0,8.0,1,1
8945,6698.0,2.0,29.0,4.0,2.0,2.0,5.0,0.0,1.0,8.0,3.0,0,2
8946,6699.0,1.0,66.0,4.0,2.0,2.0,2.0,0.0,4.0,2.0,4.0,0,0
8947,6700.0,1.0,48.0,5.0,3.0,2.0,3.0,2.0,3.0,5.0,8.0,1,1
8948,6701.0,2.0,56.0,4.0,4.0,2.0,7.0,0.0,2.0,7.0,7.0,1,1
8949,9497.0,2.0,56.0,4.0,4.0,2.0,7.0,0.0,2.0,7.0,7.0,1,1
8950,8738.0,2.0,61.0,5.0,2.0,9.0,2.0,0.0,5.0,2.0,4.0,0,0
8951,6702.0,2.0,61.0,5.0,2.0,9.0,2.0,0.0,5.0,2.0,4.0,0,0
8952,6703.0,1.0,52.0,4.0,1.0,2.0,2.0,0.0,4.0,1.0,2.0,0,0
8953,6704.0,1.0,69.0,5.0,2.0,7.0,3.0,0.0,5.0,2.0,4.0,0,0
8954,6705.0,1.0,68.0,5.0,2.0,7.0,5.0,0.0,4.0,4.0,4.0,0,0
8955,8739.0,1.0,68.0,5.0,2.0,7.0,5.0,0.0,4.0,4.0,4.0,0,0
8956,6706.0,1.0,64.0,2.0,2.0,1.0,5.0,0.0,1.0,6.0,4.0,0,0
8957,6707.0,1.0,71.0,2.0,2.0,7.0,3.0,0.0,5.0,2.0,4.0,0,0
8958,8740.0,1.0,71.0,2.0,2.0,7.0,3.0,0.0,5.0,2.0,4.0,0,0
8959,6708.0,1.0,82.0,2.0,2.0,7.0,2.0,0.0,4.0,3.0,4.0,0,0
8960,8741.0,1.0,59.0,2.0,2.0,2.0,3.0,0.0,2.0,4.0,4.0,0,0
8961,6709.0,1.0,59.0,2.0,2.0,2.0,3.0,0.0,2.0,4.0,4.0,0,0
8962,6710.0,1.0,53.0,2.0,4.0,3.0,7.0,0.0,2.0,7.0,7.0,1,1
8963,6711.0,2.0,70.0,2.0,1.0,7.0,2.0,0.0,5.0,1.0,2.0,0,0
8964,6712.0,2.0,24.0,2.0,1.0,8.0,1.0,0.0,3.0,6.0,1.0,0,2
8965,6713.0,1.0,66.0,2.0,1.0,2.0,8.0,0.0,3.0,4.0,2.0,0,0
8966,6714.0,1.0,69.0,3.0,2.0,7.0,2.0,0.0,4.0,2.0,4.0,0,0
8968,6716.0,1.0,72.0,4.0,2.0,7.0,4.0,0.0,5.0,3.0,4.0,0,0
8969,6717.0,1.0,34.0,5.0,1.0,1.0,8.0,0.0,1.0,4.0,1.0,0,2
8971,6719.0,2.0,35.0,3.0,3.0,2.0,4.0,1.0,2.0,5.0,5.0,1,1
8972,6720.0,1.0,31.0,5.0,3.0,2.0,4.0,0.0,3.0,8.0,7.0,1,1
8973,6721.0,2.0,49.0,3.0,3.0,2.0,5.0,1.0,1.0,4.0,6.0,1,1
8974,6722.0,1.0,59.0,3.0,3.0,2.0,5.0,0.0,2.0,6.0,7.0,1,0
8975,6723.0,2.0,28.0,2.0,1.0,5.0,8.0,0.0,3.0,6.0,1.0,0,2
8978,8742.0,1.0,46.0,5.0,2.0,5.0,8.0,0.0,4.0,4.0,3.0,0,0
8979,6725.0,1.0,46.0,5.0,2.0,5.0,8.0,0.0,4.0,4.0,3.0,0,0
8980,6726.0,2.0,33.0,2.0,3.0,9.0,4.0,1.0,3.0,5.0,6.0,1,1
8981,6727.0,2.0,60.0,1.0,2.0,2.0,2.0,0.0,5.0,2.0,4.0,0,0
8982,6728.0,1.0,42.0,2.0,4.0,2.0,2.0,2.0,4.0,2.0,8.0,1,1
8983,6729.0,1.0,69.0,2.0,2.0,7.0,8.0,0.0,4.0,4.0,4.0,0,0
8984,6730.0,1.0,76.0,3.0,2.0,1.0,8.0,0.0,1.0,6.0,4.0,0,0
8985,6731.0,1.0,45.0,2.0,2.0,2.0,4.0,0.0,2.0,4.0,4.0,0,0
8987,6733.0,1.0,72.0,2.0,3.0,7.0,2.0,0.0,5.0,2.0,9.0,1,0
8989,6735.0,1.0,65.0,4.0,2.0,2.0,8.0,0.0,2.0,8.0,4.0,0,0
8990,8743.0,2.0,72.0,4.0,2.0,7.0,3.0,0.0,5.0,3.0,4.0,0,0
8991,6736.0,2.0,72.0,4.0,2.0,7.0,3.0,0.0,5.0,3.0,4.0,0,0
8992,6737.0,2.0,39.0,4.0,1.0,2.0,4.0,0.0,2.0,7.0,1.0,0,2
8993,8744.0,2.0,63.0,4.0,2.0,2.0,5.0,0.0,2.0,5.0,4.0,0,0
8994,8745.0,2.0,36.0,2.0,4.0,2.0,8.0,2.0,4.0,5.6,6.0,1,1
8996,6739.0,2.0,68.0,2.0,1.0,7.0,2.0,0.0,4.0,4.0,2.0,0,0
8997,6740.0,1.0,67.0,2.0,1.0,7.0,2.0,0.0,4.0,4.0,2.0,0,0
8998,8746.0,2.0,62.0,5.0,2.0,2.0,5.0,0.0,2.0,5.0,4.0,0,0
8999,6741.0,2.0,23.0,5.0,1.0,8.0,1.0,0.0,3.0,5.4,1.0,0,2
9000,6742.0,2.0,54.0,3.0,1.0,2.0,3.0,0.0,2.0,6.0,2.0,0,0
9001,8747.0,2.0,54.0,3.0,1.0,2.0,3.0,0.0,2.0,6.0,2.0,0,0
9002,6743.0,2.0,37.0,2.0,4.0,9.0,2.0,2.0,4.0,2.0,6.0,1,1
9003,8748.0,2.0,37.0,2.0,4.0,9.0,2.0,2.0,4.0,2.0,6.0,1,1
9004,6744.0,1.0,61.0,5.0,2.0,2.0,8.0,0.0,4.0,5.0,4.0,0,0
9005,6745.0,2.0,48.0,4.0,3.0,2.0,5.0,0.0,3.0,4.0,7.0,1,1
9007,6747.0,2.0,29.0,3.0,1.0,3.0,3.0,0.0,2.0,7.0,1.0,0,2
9008,6748.0,2.0,28.0,2.0,2.0,5.0,1.0,0.0,5.0,4.0,9.0,1,1
9009,6749.0,2.0,37.0,5.0,5.0,9.0,6.0,3.0,1.0,7.0,5.0,-1,-1
9010,8749.0,2.0,37.0,5.0,5.0,9.0,6.0,3.0,1.0,7.0,5.0,-1,-1
9011,6750.0,1.0,50.0,5.0,4.0,2.0,4.0,0.0,3.0,4.0,7.0,1,1
9012,8750.0,1.0,56.0,2.0,3.0,2.0,6.0,0.0,2.0,6.0,7.0,1,0
9013,6751.0,1.0,56.0,2.0,3.0,2.0,6.0,0.0,2.0,6.0,7.0,1,0
9014,6752.0,2.0,49.0,5.0,3.0,2.0,4.0,0.0,2.0,5.0,9.0,1,1
9015,6753.0,1.0,57.0,3.0,1.0,2.0,4.0,0.0,4.0,3.0,2.0,0,0
9016,6754.0,2.0,61.0,5.0,2.0,1.0,5.0,0.0,2.0,6.0,4.0,0,0
9017,8751.0,1.0,58.0,5.0,4.0,1.0,7.0,0.0,1.0,5.0,7.0,1,1
9018,6755.0,1.0,58.0,5.0,4.0,1.0,7.0,0.0,1.0,5.0,7.0,1,1
9019,9376.0,1.0,58.0,5.0,4.0,1.0,7.0,0.0,1.0,5.0,7.0,1,1
9020,6756.0,1.0,35.0,3.0,1.0,3.0,8.0,0.0,2.0,7.0,1.0,0,2
9021,8752.0,1.0,35.0,3.0,1.0,3.0,8.0,0.0,2.0,7.0,1.0,0,2
9022,6757.0,2.0,61.0,5.0,1.0,2.0,8.0,0.0,2.0,4.0,2.0,0,0
9023,9377.0,2.0,51.0,4.0,4.0,2.0,3.0,0.0,3.0,4.0,7.0,1,1
9024,8753.0,2.0,51.0,4.0,4.0,2.0,3.0,0.0,3.0,4.0,7.0,1,1
9025,6758.0,2.0,51.0,4.0,4.0,2.0,3.0,0.0,3.0,4.0,7.0,1,1
9026,9126.0,2.0,51.0,4.0,4.0,2.0,3.0,0.0,3.0,4.0,7.0,1,1
9027,8754.0,2.0,52.0,3.0,1.0,1.0,3.0,0.0,1.0,5.0,2.0,0,0
9028,6759.0,2.0,56.0,3.0,2.0,4.0,8.0,0.0,4.0,6.0,4.0,0,0
9029,6760.0,2.0,71.0,5.0,2.0,7.0,3.0,0.0,5.0,3.0,4.0,0,0
9030,6761.0,2.0,61.0,5.0,3.0,9.0,3.0,0.0,4.0,3.0,7.0,1,0
9031,8755.0,2.0,61.0,5.0,3.0,9.0,3.0,0.0,4.0,3.0,7.0,1,0
9032,9127.0,2.0,61.0,5.0,3.0,9.0,3.0,0.0,4.0,3.0,7.0,1,0
9035,6764.0,2.0,49.0,4.0,2.0,2.0,2.0,0.0,5.0,4.8,9.0,1,0
9036,8756.0,2.0,64.0,1.0,2.0,2.0,8.0,0.0,3.0,2.0,4.0,0,0
9037,9128.0,2.0,64.0,1.0,2.0,2.0,8.0,0.0,3.0,2.0,4.0,0,0
9038,6765.0,2.0,64.0,1.0,2.0,2.0,8.0,0.0,3.0,2.0,4.0,0,0
9039,8757.0,2.0,65.0,4.0,2.0,7.0,6.0,0.0,1.0,4.4,4.0,0,0
9040,6766.0,2.0,65.0,4.0,2.0,7.0,6.0,0.0,1.0,3.8,4.0,0,0
9041,6767.0,2.0,36.0,4.0,2.0,2.0,6.0,0.0,1.0,8.0,3.0,0,2
9042,6768.0,1.0,58.0,4.0,5.0,2.0,8.0,1.0,1.0,6.0,9.0,1,1
9044,6770.0,1.0,66.0,2.0,2.0,7.0,2.0,0.0,1.0,8.0,4.0,0,0
9045,6771.0,2.0,63.0,2.0,1.0,2.0,8.0,0.0,3.0,3.0,2.0,0,0
9046,9651.0,2.0,64.0,4.0,1.0,6.0,2.0,0.0,3.0,6.0,2.0,0,0
9047,6772.0,1.0,71.0,5.0,2.0,2.0,5.0,0.0,1.0,7.0,4.0,0,0
9048,8758.0,1.0,71.0,5.0,2.0,2.0,5.0,0.0,1.0,7.0,4.0,0,0
9049,6773.0,2.0,59.0,4.0,1.0,6.0,1.0,0.0,3.0,5.2,2.0,0,0
9051,6775.0,2.0,75.0,1.0,1.0,7.0,2.0,0.0,4.0,4.0,2.0,0,0
9054,6777.0,2.0,33.0,5.0,1.0,2.0,8.0,0.0,2.0,7.0,1.0,0,2
9055,6778.0,2.0,63.0,4.0,1.0,2.0,2.0,0.0,2.0,5.0,2.0,0,0
9056,6779.0,2.0,28.0,2.0,1.0,2.0,4.0,0.0,1.0,8.0,1.0,0,2
9057,6780.0,2.0,30.0,4.0,1.0,3.0,3.0,0.0,2.0,6.0,1.0,0,2
9059,6782.0,1.0,37.0,2.0,6.0,2.0,5.0,4.0,1.0,8.0,5.0,-1,-1
9060,8760.0,1.0,37.0,2.0,6.0,2.0,5.0,4.0,1.0,8.0,5.0,-1,-1
9061,6783.0,1.0,36.0,3.0,1.0,2.0,5.0,0.0,2.0,7.0,1.0,0,2
9062,9129.0,1.0,59.0,4.0,1.0,2.0,3.0,0.0,2.0,4.0,2.0,0,0
9063,6784.0,1.0,59.0,4.0,1.0,2.0,3.0,0.0,2.0,4.0,2.0,0,0
9064,6785.0,1.0,73.0,1.0,1.0,7.0,8.0,0.0,5.0,2.0,2.0,0,0
9065,6786.0,2.0,39.0,1.0,2.0,2.0,7.0,0.0,1.0,8.0,3.0,0,2
9066,6787.0,2.0,67.0,1.0,1.0,7.0,5.0,0.0,3.0,4.4,2.0,0,0
9067,9378.0,2.0,45.0,4.0,4.0,2.0,6.0,1.0,4.0,5.0,7.0,1,1
9068,6788.0,2.0,45.0,4.0,4.0,2.0,6.0,1.0,4.0,5.0,7.0,1,1
9069,6789.0,2.0,40.0,2.0,4.0,1.0,5.0,2.0,1.0,5.0,6.0,1,1
9070,6790.0,2.0,62.0,5.0,2.0,1.0,2.0,0.0,4.0,8.0,4.0,0,0
9071,6791.0,1.0,37.0,2.0,1.0,2.0,4.0,0.0,2.0,7.0,1.0,0,2
9072,6792.0,2.0,60.0,2.0,2.0,4.0,3.0,0.0,4.0,4.0,4.0,0,0
9073,6793.0,2.0,61.0,3.0,1.0,1.0,2.0,0.0,1.0,4.0,2.0,0,0
9074,6794.0,2.0,55.0,5.0,2.0,2.0,4.0,0.0,3.0,3.0,4.0,0,0
9075,6795.0,1.0,43.0,3.0,4.0,3.0,6.0,2.0,2.0,6.0,6.0,1,1
9077,6797.0,1.0,47.0,5.0,4.0,3.0,6.0,1.0,3.0,4.0,9.0,1,1
9078,8761.0,1.0,47.0,5.0,4.0,3.0,6.0,1.0,3.0,4.0,9.0,1,1
9079,6798.0,1.0,59.0,4.0,3.0,4.0,3.0,0.0,3.0,6.0,7.0,1,0
9080,6799.0,2.0,30.0,2.0,2.0,1.0,5.0,0.0,1.0,8.0,3.0,0,2
9081,6800.0,1.0,54.0,2.0,3.0,2.0,3.0,1.0,4.0,3.0,6.0,1,1
9082,6801.0,1.0,43.0,4.0,4.0,2.0,5.0,1.0,3.0,2.0,6.0,1,1
9083,6802.0,1.0,72.0,2.0,2.0,7.0,2.0,0.0,5.0,3.0,4.0,0,0
9084,6803.0,1.0,34.0,3.0,4.0,2.0,3.0,2.0,4.0,4.0,5.0,1,1
9085,6804.0,2.0,70.0,1.0,1.0,7.0,3.0,0.0,1.0,8.0,2.0,0,0
9086,6805.0,1.0,42.0,5.0,2.0,1.0,7.0,0.0,1.0,6.0,3.0,0,2
9087,6806.0,2.0,55.0,5.0,4.0,2.0,8.0,0.0,3.0,4.0,7.0,1,1
9088,6807.0,2.0,53.0,2.0,3.0,2.0,8.0,0.0,4.0,4.0,7.0,1,0
9089,9130.0,2.0,53.0,2.0,3.0,2.0,8.0,0.0,4.0,4.0,7.0,1,0
9090,8762.0,2.0,53.0,2.0,3.0,2.0,8.0,0.0,4.0,4.0,7.0,1,0
9091,6808.0,2.0,45.0,3.0,1.0,5.0,1.0,0.0,4.0,5.0,2.0,0,2
9092,8763.0,2.0,53.0,5.0,4.0,4.0,5.0,1.0,4.0,3.0,9.0,1,1
9093,9498.0,2.0,53.0,5.0,4.0,4.0,5.0,1.0,4.0,3.0,9.0,1,1
9094,9379.0,2.0,53.0,5.0,4.0,4.0,5.0,1.0,4.0,3.0,9.0,1,1
9095,9131.0,2.0,53.0,5.0,4.0,4.0,5.0,1.0,4.0,3.0,9.0,1,1
9096,6809.0,2.0,53.0,5.0,4.0,4.0,5.0,1.0,4.0,3.0,9.0,1,1
9097,6810.0,1.0,50.0,3.0,4.0,2.0,4.0,0.0,2.0,4.0,7.0,1,1
9098,6811.0,2.0,54.0,5.0,2.0,2.0,2.0,0.0,5.0,3.0,4.0,0,0
9099,6812.0,2.0,42.0,5.0,1.0,2.0,4.0,0.0,2.0,7.0,1.0,0,2
9100,6813.0,2.0,81.0,2.0,1.0,7.0,1.0,0.0,2.0,6.0,2.0,0,0
9102,6814.0,2.0,41.0,2.0,2.0,3.0,4.0,0.0,3.0,7.0,3.0,0,2
9104,6816.0,2.0,45.0,2.0,4.0,2.0,5.0,2.0,3.0,6.0,6.0,1,1
9105,8765.0,2.0,45.0,2.0,4.0,2.0,5.0,2.0,3.0,6.0,6.0,1,1
9111,6818.0,2.0,37.0,2.0,3.0,9.0,2.0,1.0,2.0,6.0,5.0,1,1
9112,6819.0,1.0,44.0,2.0,2.0,5.0,2.0,1.0,3.0,7.0,8.0,1,1
9113,6820.0,2.0,70.0,1.0,1.0,7.0,7.0,0.0,1.0,8.0,2.0,0,0
9114,8767.0,2.0,36.0,5.0,4.0,2.0,5.0,2.0,3.0,7.0,6.0,1,1
9115,6821.0,2.0,36.0,5.0,4.0,2.0,5.0,2.0,3.0,7.0,6.0,1,1
9116,6822.0,2.0,30.0,4.0,2.0,2.0,7.0,0.0,2.0,8.0,3.0,0,2
9117,6823.0,2.0,72.0,5.0,1.0,7.0,5.0,0.0,2.0,6.0,2.0,0,0
9119,6825.0,1.0,50.0,5.0,3.0,3.0,5.0,2.0,1.0,8.0,8.0,1,1
9120,6826.0,2.0,36.0,5.0,3.0,2.0,7.0,1.0,1.0,8.0,5.0,1,1
9121,6827.0,2.0,36.0,5.0,1.0,2.0,1.0,0.0,4.0,4.0,1.0,0,2
9122,6828.0,1.0,43.0,3.0,6.0,2.0,5.0,4.0,2.0,3.0,5.0,-1,-1
9123,6829.0,1.0,71.0,5.0,1.0,7.0,8.0,0.0,5.0,3.0,2.0,0,0
9125,9133.0,1.0,62.0,5.0,3.0,3.0,5.0,1.0,3.0,3.0,6.0,1,0
9127,6832.0,1.0,31.0,4.0,3.0,2.0,6.0,1.0,2.0,7.0,5.0,1,1
9128,6833.0,1.0,35.0,5.0,2.0,2.0,6.0,0.0,1.0,6.8,3.0,0,2
9129,6834.0,1.0,45.0,4.0,3.0,3.0,6.0,1.0,2.0,4.0,6.0,1,1
9132,6837.0,2.0,46.0,3.0,3.0,2.0,5.0,1.0,3.0,5.0,6.0,1,1
9134,6839.0,1.0,34.0,2.0,3.0,2.0,6.0,1.0,1.0,8.0,5.0,1,1
9135,9500.0,2.0,37.0,2.0,2.0,2.0,5.0,0.0,1.0,7.0,3.0,0,2
9136,6840.0,2.0,37.0,2.0,2.0,2.0,5.0,0.0,1.0,7.0,3.0,0,2
9137,6841.0,1.0,68.0,3.0,2.0,2.0,7.0,0.0,1.0,3.8,4.0,0,0
9138,6842.0,1.0,63.0,5.0,3.0,7.0,2.0,0.0,5.0,3.0,9.0,1,0
9139,6843.0,2.0,40.0,1.0,4.0,1.0,4.0,2.0,1.0,4.0,6.0,1,1
9140,8768.0,2.0,40.0,1.0,4.0,1.0,4.0,2.0,1.0,4.0,6.0,1,1
9141,6844.0,1.0,71.0,5.0,2.0,7.0,3.0,0.0,4.0,4.0,4.0,0,0
9142,8769.0,1.0,71.0,5.0,2.0,7.0,3.0,0.0,4.0,4.0,4.0,0,0
9143,6845.0,1.0,53.0,3.0,7.0,2.0,2.0,4.0,3.0,4.0,5.0,-1,-1
9144,8770.0,1.0,53.0,3.0,7.0,2.0,2.0,4.0,3.0,4.0,5.0,-1,-1
9145,9501.0,1.0,53.0,3.0,7.0,2.0,2.0,4.0,3.0,4.0,5.0,-1,-1
9146,6846.0,2.0,61.0,5.0,1.0,2.0,2.0,0.0,4.0,2.0,2.0,0,0
9148,6848.0,2.0,53.0,4.0,2.0,1.0,8.0,0.0,1.0,7.0,4.0,0,0
9150,6850.0,2.0,51.0,3.0,1.0,9.0,8.0,0.0,5.0,2.0,2.0,0,0
9151,6851.0,2.0,32.0,4.0,2.0,2.0,4.0,0.0,1.0,8.0,3.0,0,2
9152,6852.0,1.0,40.0,2.0,5.0,3.0,5.0,2.0,1.0,6.0,5.0,1,1
9153,8771.0,1.0,40.0,2.0,5.0,3.0,5.0,2.0,1.0,6.0,5.0,1,1
9156,6854.0,2.0,51.0,5.0,4.0,1.0,3.0,0.0,1.0,6.0,7.0,1,1
9157,6855.0,2.0,36.0,5.0,4.0,2.0,6.0,2.0,2.0,6.0,5.0,1,1
9158,8773.0,2.0,36.0,5.0,4.0,2.0,6.0,2.0,2.0,6.0,5.0,1,1
9160,6857.0,1.0,69.0,5.0,2.0,7.0,7.0,0.0,2.0,7.0,4.0,0,0
9161,6858.0,2.0,50.0,4.0,6.0,2.0,5.0,2.0,1.0,8.0,6.0,-1,-1
9162,9134.0,2.0,50.0,4.0,6.0,2.0,5.0,2.0,1.0,8.0,6.0,-1,-1
9163,9502.0,2.0,50.0,4.0,6.0,2.0,5.0,2.0,1.0,8.0,6.0,-1,-1
9164,9381.0,2.0,50.0,4.0,6.0,2.0,5.0,2.0,1.0,8.0,6.0,-1,-1
9165,6859.0,1.0,54.0,1.0,1.0,2.0,2.0,0.0,2.0,5.0,2.0,0,0
9167,6861.0,2.0,48.0,4.0,4.0,2.0,4.0,2.0,3.0,2.0,6.0,1,1
9169,6863.0,1.0,43.0,1.0,1.0,2.0,5.0,0.0,2.0,7.0,1.0,0,2
9170,6864.0,2.0,85.0,2.0,1.0,7.0,2.0,0.0,5.0,2.0,2.0,0,0
9171,6865.0,1.0,36.0,4.0,1.0,2.0,2.0,0.0,3.0,4.0,1.0,0,2
9172,6866.0,1.0,58.0,2.0,2.0,4.0,4.0,0.0,3.0,7.0,4.0,0,0
9173,6867.0,1.0,59.0,4.0,2.0,2.0,6.0,0.0,2.0,5.0,4.0,0,0
9174,6868.0,1.0,31.0,1.0,4.0,3.0,5.0,2.0,1.0,7.0,5.0,1,1
9175,6869.0,1.0,40.0,2.0,2.0,2.0,6.0,0.0,2.0,4.0,3.0,0,2
9176,6870.0,2.0,38.0,4.0,3.0,2.0,2.0,1.0,2.0,5.8,9.0,1,1
9177,6871.0,1.0,66.0,4.0,2.0,7.0,3.0,0.0,3.0,5.0,4.0,0,0
9178,6872.0,1.0,40.0,1.0,1.0,6.0,3.0,0.0,3.0,7.0,1.0,0,2
9179,9135.0,2.0,41.0,5.0,3.0,3.0,4.0,2.0,2.0,7.0,8.0,1,1
9180,6873.0,2.0,41.0,5.0,3.0,3.0,4.0,2.0,2.0,7.0,8.0,1,1
9181,8774.0,2.0,31.0,4.0,4.0,2.0,8.0,2.0,4.0,4.0,5.0,1,1
9182,6874.0,2.0,28.0,5.0,1.0,6.0,1.0,0.0,4.0,4.0,1.0,0,2
9183,8775.0,2.0,45.0,5.0,2.0,2.0,6.0,0.0,1.0,8.0,4.0,0,2
9184,6875.0,2.0,45.0,5.0,2.0,2.0,6.0,0.0,1.0,8.0,4.0,0,2
9185,6876.0,2.0,71.0,2.0,1.0,1.0,3.0,0.0,1.0,7.0,2.0,0,0
9186,6877.0,2.0,47.0,2.0,1.0,2.0,2.0,0.0,2.0,4.0,2.0,0,2
9187,6878.0,2.0,52.0,4.0,2.0,1.0,2.0,0.0,1.0,4.0,9.0,1,0
9188,6879.0,1.0,91.0,1.0,2.0,7.0,6.0,0.0,2.0,5.0,4.0,0,0
9189,6880.0,2.0,43.0,5.0,2.0,2.0,5.0,0.0,2.0,6.0,3.0,0,2
9190,6881.0,1.0,59.0,5.0,2.0,2.0,4.0,0.0,2.0,5.0,4.0,0,0
9191,6882.0,2.0,55.0,1.0,1.0,3.0,5.0,0.0,2.0,7.0,2.0,0,0
9192,8776.0,2.0,49.0,1.0,4.0,2.0,6.0,0.0,3.0,3.6,7.0,1,1
9193,6883.0,2.0,49.0,1.0,4.0,2.0,6.0,0.0,3.0,5.0,7.0,1,1
9194,6884.0,2.0,21.0,2.0,1.0,8.0,1.0,0.0,3.0,6.0,1.0,0,2
9195,6885.0,2.0,38.0,3.0,2.0,9.0,8.0,0.0,1.0,5.0,3.0,0,2
9196,6886.0,2.0,39.0,2.0,2.0,97.0,1.0,1.0,3.0,5.4,8.0,-1,-1
9197,6887.0,1.0,48.0,4.0,1.0,2.0,2.0,0.0,4.0,4.0,2.0,0,0
9198,6888.0,2.0,66.0,3.0,1.0,7.0,2.0,0.0,3.0,5.0,2.0,0,0
9199,8777.0,2.0,68.0,1.0,2.0,7.0,4.0,0.0,4.0,3.0,4.0,0,0
9200,6889.0,2.0,68.0,1.0,2.0,7.0,4.0,0.0,4.0,3.0,4.0,0,0
9201,6890.0,2.0,63.0,5.0,2.0,3.0,8.0,0.0,2.0,6.0,4.0,0,0
9202,6891.0,2.0,57.0,5.0,1.0,2.0,4.0,0.0,3.0,5.2,2.0,0,0
9203,6892.0,1.0,75.0,3.0,2.0,7.0,5.0,0.0,3.0,5.0,4.0,0,0
9204,8778.0,1.0,75.0,3.0,2.0,7.0,5.0,0.0,3.0,5.0,4.0,0,0
9205,8779.0,2.0,39.0,5.0,2.0,4.0,3.0,0.0,4.0,4.0,3.0,0,2
9206,6893.0,1.0,75.0,2.0,2.0,7.0,5.0,0.0,1.0,8.0,4.0,0,0
9207,6894.0,2.0,45.0,3.0,1.0,4.0,1.0,0.0,4.0,1.0,2.0,0,0
9208,6895.0,2.0,63.0,2.0,1.0,2.0,3.0,0.0,2.0,5.0,2.0,0,0
9209,6896.0,1.0,68.0,1.0,2.0,7.0,3.0,0.0,5.0,2.0,4.0,0,0
9210,6897.0,2.0,62.0,4.0,1.0,4.0,3.0,0.0,4.0,4.0,2.0,0,0
9211,6898.0,1.0,63.0,2.0,2.0,1.0,6.0,0.0,1.0,5.0,4.0,0,0
9212,8780.0,1.0,63.0,2.0,2.0,1.0,6.0,0.0,1.0,5.0,4.0,0,0
9213,6899.0,2.0,26.0,5.0,2.0,2.0,3.0,0.0,1.0,8.0,3.0,0,2
9214,6900.0,2.0,58.0,5.0,2.0,4.0,8.0,0.0,5.0,3.0,4.0,0,0
9215,6901.0,2.0,49.0,3.0,1.0,4.0,2.0,0.0,4.0,4.0,2.0,0,0
9216,6902.0,1.0,48.0,4.0,4.0,2.0,8.0,2.0,4.0,2.0,6.0,1,1
9217,8781.0,1.0,48.0,4.0,4.0,2.0,8.0,2.0,4.0,2.0,6.0,1,1
9218,6903.0,1.0,50.0,2.0,2.0,2.0,8.0,0.0,4.0,2.0,4.0,0,0
9219,8782.0,1.0,50.0,2.0,2.0,2.0,8.0,0.0,4.0,2.0,4.0,0,0
9220,6904.0,2.0,61.0,3.0,3.0,2.0,2.0,0.0,4.0,4.0,9.0,1,0
9221,6905.0,1.0,62.0,5.0,2.0,2.0,5.0,0.0,1.0,8.0,4.0,0,0
9222,6906.0,2.0,55.0,3.0,3.0,9.0,2.0,0.0,5.0,5.0,7.0,1,0
9223,8783.0,2.0,62.0,3.0,2.0,4.0,2.0,0.0,5.0,2.0,4.0,0,0
9224,6907.0,2.0,62.0,3.0,2.0,4.0,2.0,0.0,5.0,2.0,4.0,0,0
9225,6908.0,2.0,22.0,5.0,3.0,1.0,6.0,1.0,3.0,4.0,6.0,1,1
9226,6909.0,2.0,37.0,3.0,4.0,5.0,3.0,2.0,3.0,4.0,5.0,1,1
9227,9382.0,2.0,37.0,3.0,4.0,5.0,3.0,2.0,3.0,4.0,5.0,1,1
9228,6910.0,2.0,65.0,2.0,2.0,2.0,5.0,0.0,1.0,4.8,4.0,0,0
9229,9136.0,2.0,65.0,2.0,2.0,2.0,5.0,0.0,1.0,3.4,4.0,0,0
9230,6911.0,1.0,42.0,5.0,3.0,4.0,5.0,1.0,3.0,4.0,6.0,1,1
9231,6912.0,2.0,78.0,2.0,2.0,9.0,2.0,0.0,5.0,2.0,4.0,0,0
9232,6913.0,2.0,22.0,1.0,2.0,8.0,1.0,0.0,3.0,6.0,3.0,0,2
9233,6914.0,1.0,75.0,1.0,1.0,7.0,3.0,0.0,5.0,3.0,2.0,0,0
9234,6915.0,2.0,47.0,3.0,3.0,4.0,2.0,1.0,2.0,5.0,6.0,1,1
9236,6917.0,2.0,45.0,5.0,3.0,2.0,2.0,2.0,5.0,2.0,8.0,1,1
9237,8784.0,2.0,45.0,5.0,3.0,2.0,2.0,2.0,5.0,2.0,8.0,1,1
9238,9137.0,2.0,45.0,5.0,3.0,2.0,2.0,2.0,5.0,2.0,8.0,1,1
9239,6918.0,2.0,52.0,1.0,3.0,2.0,5.0,0.0,3.0,3.0,7.0,1,0
9240,9383.0,2.0,52.0,1.0,3.0,2.0,5.0,0.0,3.0,3.0,7.0,1,0
9241,6919.0,1.0,64.0,2.0,2.0,2.0,5.0,0.0,1.0,6.0,4.0,0,0
9242,6920.0,2.0,62.0,2.0,2.0,5.0,3.0,0.0,5.0,4.0,4.0,0,0
9243,6921.0,1.0,68.0,2.0,2.0,7.0,5.0,0.0,3.0,3.0,4.0,0,0
9244,6922.0,2.0,59.0,1.0,2.0,1.0,5.0,0.0,1.0,4.2,9.0,1,0
9245,9384.0,1.0,47.0,2.0,4.0,3.0,6.0,3.0,1.0,8.0,8.0,1,1
9246,6923.0,1.0,47.0,2.0,4.0,3.0,6.0,3.0,1.0,8.0,8.0,1,1
9247,6924.0,2.0,54.0,4.0,4.0,5.0,4.0,0.0,3.0,4.0,7.0,1,1
9248,6925.0,1.0,68.0,4.0,2.0,7.0,8.0,0.0,5.0,2.0,4.0,0,0
9249,6926.0,1.0,65.0,5.0,2.0,4.0,2.0,0.0,5.0,2.0,4.0,0,0
9250,6927.0,1.0,63.0,5.0,2.0,4.0,2.0,0.0,4.0,4.0,4.0,0,0
9251,6928.0,1.0,63.0,2.0,2.0,4.0,8.0,0.0,5.0,3.0,4.0,0,0
9252,8785.0,1.0,63.0,2.0,2.0,4.0,8.0,0.0,5.0,3.0,4.0,0,0
9254,6929.0,2.0,27.0,4.0,2.0,2.0,4.0,0.0,3.0,4.0,3.0,0,2
9255,8787.0,2.0,27.0,4.0,2.0,2.0,4.0,0.0,3.0,4.0,3.0,0,2
9256,6930.0,1.0,35.0,3.0,4.0,8.0,2.0,2.0,5.0,2.0,5.0,1,1
9257,9138.0,2.0,52.0,4.0,1.0,2.0,2.0,0.0,3.0,5.0,2.0,0,0
9258,6931.0,2.0,52.0,4.0,1.0,2.0,2.0,0.0,3.0,5.0,2.0,0,0
9259,6932.0,2.0,54.0,4.0,2.0,5.0,3.0,0.0,4.0,3.0,4.0,0,0
9260,6933.0,1.0,63.0,5.0,1.0,2.0,2.0,0.0,4.0,4.0,2.0,0,0
9261,9678.0,1.0,63.0,2.0,3.0,1.0,4.0,0.0,1.0,8.0,9.0,1,0
9262,6934.0,2.0,52.0,3.0,5.0,2.0,6.0,1.0,3.0,6.0,6.0,1,1
9263,8788.0,2.0,52.0,3.0,5.0,2.0,6.0,1.0,3.0,6.0,6.0,1,1
9264,8789.0,2.0,45.0,4.0,5.0,2.0,5.0,3.0,2.0,6.0,6.0,1,1
9265,6935.0,2.0,23.0,5.0,2.0,8.0,1.0,0.0,3.0,5.0,3.0,0,2
9266,6936.0,1.0,29.0,2.0,1.0,3.0,2.0,0.0,2.0,4.0,1.0,0,2
9267,6937.0,2.0,67.0,5.0,1.0,7.0,1.0,0.0,2.0,6.0,2.0,0,0
9268,6938.0,2.0,71.0,1.0,1.0,7.0,8.0,0.0,5.0,3.0,2.0,0,0
9269,6939.0,1.0,44.0,1.0,7.0,2.0,5.0,5.0,2.0,4.0,5.0,-1,-1
9270,6940.0,2.0,67.0,3.0,2.0,2.0,4.0,0.0,5.0,4.0,4.0,0,0
9271,6941.0,1.0,18.0,1.0,4.0,8.0,8.0,0.0,3.0,3.8,7.0,1,1
9272,6942.0,1.0,75.0,2.0,2.0,1.0,4.0,0.0,1.0,5.0,4.0,0,0
9273,6943.0,2.0,68.0,2.0,1.0,7.0,4.0,0.0,3.0,5.0,2.0,0,0
9276,6945.0,2.0,69.0,4.0,2.0,7.0,8.0,0.0,2.0,6.0,4.0,0,0
9277,6946.0,1.0,61.0,2.0,2.0,2.0,4.0,0.0,4.0,2.0,4.0,0,0
9278,9503.0,1.0,61.0,2.0,2.0,2.0,4.0,0.0,4.0,2.0,4.0,0,0
9279,6947.0,1.0,69.0,2.0,2.0,7.0,8.0,0.0,2.0,7.0,4.0,0,0
9280,9652.0,2.0,25.0,2.0,4.0,2.0,2.0,0.0,2.0,4.0,7.0,1,1
9281,6948.0,1.0,37.0,2.0,2.0,2.0,4.0,0.0,3.0,4.0,3.0,0,2
9282,6949.0,2.0,63.0,5.0,2.0,4.0,8.0,0.0,3.0,4.6,4.0,0,0
9283,6950.0,1.0,68.0,5.0,2.0,7.0,3.0,0.0,4.0,3.0,4.0,0,0
9284,6951.0,1.0,45.0,5.0,1.0,4.0,2.0,0.0,4.0,4.0,2.0,0,0
9285,6952.0,2.0,58.0,5.0,3.0,2.0,2.0,0.0,5.0,6.0,9.0,1,1
9286,6953.0,1.0,89.0,5.0,1.0,7.0,5.0,0.0,4.0,4.8,2.0,0,0
9287,6954.0,2.0,43.0,2.0,2.0,2.0,8.0,1.0,2.0,6.0,8.0,1,1
9288,6955.0,2.0,66.0,2.0,2.0,1.0,5.0,0.0,2.0,3.6,4.0,0,0
9289,6956.0,2.0,67.0,4.0,2.0,7.0,3.0,0.0,5.0,2.0,4.0,0,0
9290,8791.0,2.0,67.0,4.0,2.0,7.0,3.0,0.0,5.0,2.0,4.0,0,0
9291,6957.0,1.0,69.0,2.0,1.0,7.0,5.0,0.0,4.0,4.0,2.0,0,0
9292,9139.0,2.0,53.0,2.0,3.0,9.0,8.0,0.0,4.0,1.0,7.0,1,0
9293,6958.0,2.0,53.0,2.0,3.0,9.0,8.0,0.0,4.0,1.0,7.0,1,0
9294,6959.0,1.0,72.0,5.0,2.0,1.0,7.0,0.0,1.0,7.0,4.0,0,0
9295,6960.0,1.0,50.0,1.0,1.0,5.0,3.0,0.0,4.0,4.0,2.0,0,0
9296,6961.0,2.0,77.0,5.0,1.0,7.0,8.0,0.0,5.0,2.0,2.0,0,0
9297,6962.0,2.0,52.0,2.0,1.0,2.0,3.0,0.0,3.0,3.0,2.0,0,0
9298,6963.0,1.0,29.0,4.0,2.0,2.0,4.0,0.0,3.0,6.4,3.0,0,2
9299,9140.0,2.0,43.0,2.0,6.0,9.0,5.0,4.0,3.0,4.0,6.0,-1,-1
9300,8792.0,2.0,43.0,2.0,6.0,9.0,5.0,4.0,3.0,4.0,6.0,-1,-1
9301,6964.0,2.0,43.0,2.0,6.0,9.0,5.0,4.0,3.0,4.0,6.0,-1,-1
9302,6965.0,2.0,78.0,4.0,2.0,7.0,8.0,0.0,5.0,4.0,4.0,0,0
9303,6966.0,1.0,74.0,3.0,2.0,7.0,5.0,0.0,2.0,6.0,4.0,0,0
9304,6967.0,2.0,49.0,5.0,3.0,4.0,3.0,1.0,3.0,4.0,6.0,1,1
9305,6968.0,1.0,57.0,4.0,4.0,2.0,5.0,0.0,2.0,4.0,7.0,1,1
9306,8793.0,2.0,39.0,5.0,5.0,2.0,6.0,3.0,1.0,8.0,8.0,1,1
9307,6969.0,2.0,39.0,5.0,5.0,2.0,6.0,3.0,1.0,8.0,8.0,1,1
9308,9141.0,2.0,51.0,1.0,4.0,2.0,5.0,0.0,3.0,3.8,7.0,1,1
9309,9385.0,2.0,51.0,1.0,4.0,2.0,5.0,0.0,3.0,5.6,7.0,1,1
9310,8794.0,2.0,51.0,1.0,4.0,2.0,5.0,0.0,3.0,5.2,7.0,1,1
9311,6970.0,2.0,51.0,1.0,4.0,2.0,5.0,0.0,3.0,3.4,7.0,1,1
9312,6971.0,2.0,37.0,5.0,4.0,5.0,2.0,2.0,2.0,8.0,8.0,1,1
9313,8795.0,2.0,37.0,5.0,4.0,5.0,2.0,2.0,2.0,8.0,8.0,1,1
9314,6972.0,1.0,57.0,5.0,2.0,5.0,8.0,0.0,4.0,4.0,4.0,0,0
9315,6973.0,1.0,72.0,3.0,2.0,7.0,5.0,0.0,2.0,7.0,4.0,0,0
9316,6974.0,1.0,66.0,1.0,2.0,7.0,2.0,0.0,5.0,2.0,4.0,0,0
9317,6975.0,2.0,61.0,4.0,2.0,1.0,3.0,0.0,4.0,2.0,4.0,0,0
9318,6976.0,2.0,35.0,2.0,2.0,2.0,4.0,0.0,2.0,5.0,3.0,0,2
9319,6977.0,1.0,30.0,2.0,3.0,2.0,6.0,1.0,2.0,7.0,5.0,1,1
9320,8796.0,1.0,30.0,2.0,3.0,2.0,6.0,1.0,2.0,7.0,5.0,1,1
9321,6978.0,2.0,62.0,2.0,1.0,6.0,1.0,0.0,5.0,2.0,2.0,0,0
9322,6979.0,1.0,58.0,1.0,1.0,2.0,5.0,0.0,1.0,7.0,2.0,0,0
9323,6980.0,2.0,40.0,5.0,1.0,2.0,3.0,0.0,2.0,7.0,1.0,0,2
9324,6981.0,2.0,39.0,4.0,6.0,3.0,2.0,2.0,1.0,4.0,6.0,-1,-1
9325,6982.0,2.0,73.0,4.0,1.0,7.0,8.0,0.0,2.0,6.0,2.0,0,0
9327,6984.0,2.0,69.0,2.0,1.0,7.0,8.0,0.0,5.0,1.0,2.0,0,0
9328,9386.0,2.0,53.0,3.0,4.0,2.0,8.0,0.0,2.0,6.0,7.0,1,1
9329,6985.0,2.0,53.0,3.0,4.0,2.0,8.0,0.0,2.0,6.0,7.0,1,1
9330,6986.0,2.0,18.0,2.0,4.0,8.0,4.0,1.0,4.0,5.6,6.0,-1,-1
9331,6987.0,2.0,70.0,2.0,1.0,7.0,2.0,0.0,5.0,3.0,2.0,0,0
9332,6988.0,2.0,47.0,4.0,1.0,4.0,3.0,0.0,4.0,5.0,2.0,0,0
9333,6989.0,2.0,63.0,4.0,2.0,9.0,3.0,0.0,5.0,3.0,4.0,0,0
9334,8797.0,2.0,63.0,4.0,2.0,9.0,3.0,0.0,5.0,3.0,4.0,0,0
9335,6990.0,2.0,69.0,2.0,2.0,7.0,4.0,0.0,2.0,4.0,4.0,0,0
9336,6991.0,2.0,56.0,2.0,2.0,4.0,8.0,0.0,3.0,3.0,4.0,0,0
9337,6992.0,1.0,68.0,1.0,2.0,7.0,3.0,0.0,4.0,4.0,4.0,0,0
9338,6993.0,1.0,71.0,4.0,2.0,7.0,2.0,0.0,4.0,4.0,4.0,0,0
9339,6994.0,2.0,51.0,4.0,3.0,1.0,3.0,0.0,1.0,4.6,7.0,1,1
9340,6995.0,2.0,49.0,4.0,1.0,2.0,4.0,0.0,2.0,6.0,2.0,0,2
9341,6996.0,2.0,40.0,3.0,2.0,2.0,8.0,0.0,1.0,5.0,3.0,0,2
9342,6997.0,1.0,54.0,5.0,4.0,2.0,5.0,1.0,3.0,3.0,6.0,1,1
9343,6998.0,2.0,34.0,2.0,4.0,2.0,5.0,2.0,1.0,4.0,5.0,1,1
9344,6999.0,2.0,56.0,2.0,1.0,2.0,4.0,0.0,1.0,6.0,2.0,0,0
9345,7000.0,1.0,36.0,4.0,2.0,2.0,6.0,0.0,1.0,6.0,3.0,0,2
9346,7001.0,1.0,39.0,5.0,2.0,2.0,2.0,0.0,2.0,4.0,3.0,0,2
9348,7003.0,2.0,22.0,2.0,1.0,8.0,1.0,0.0,3.0,6.0,1.0,0,2
9349,7004.0,1.0,29.0,2.0,2.0,2.0,5.0,0.0,1.0,8.0,3.0,0,2
9350,7005.0,2.0,25.0,5.0,3.0,2.0,5.0,1.0,2.0,6.0,5.0,1,1
9351,7006.0,1.0,38.0,2.0,3.0,2.0,3.0,2.0,3.0,5.8,8.0,1,1
9352,7007.0,1.0,53.0,5.0,1.0,2.0,2.0,0.0,3.0,4.0,2.0,0,0
9353,7008.0,1.0,36.0,2.0,1.0,2.0,5.0,0.0,2.0,7.0,1.0,0,2
9354,7009.0,2.0,64.0,5.0,1.0,1.0,1.0,0.0,1.0,3.0,2.0,0,0
9355,7010.0,2.0,64.0,3.0,2.0,3.0,4.0,0.0,2.0,4.0,4.0,0,0
9356,7011.0,2.0,24.0,1.0,2.0,8.0,8.0,0.0,4.0,6.8,3.0,0,2
9358,7013.0,1.0,65.0,5.0,2.0,4.0,4.0,0.0,5.0,1.0,4.0,0,0
9359,8798.0,2.0,44.0,4.0,2.0,2.0,8.0,0.0,1.0,8.0,9.0,1,0
9360,7014.0,2.0,44.0,4.0,2.0,2.0,8.0,0.0,1.0,8.0,9.0,1,0
9361,7015.0,1.0,53.0,2.0,3.0,2.0,7.0,1.0,2.0,5.0,6.0,1,1
9362,7016.0,1.0,61.0,5.0,2.0,3.0,8.0,0.0,1.0,8.0,4.0,0,0
9364,7018.0,2.0,25.0,1.0,1.0,2.0,2.0,0.0,2.0,7.0,1.0,0,2
9365,8799.0,2.0,49.0,5.0,4.0,2.0,5.0,1.0,3.0,2.0,6.0,1,1
9366,7019.0,2.0,49.0,5.0,4.0,2.0,5.0,1.0,3.0,2.0,6.0,1,1
9367,7020.0,2.0,51.0,4.0,1.0,2.0,2.0,0.0,2.0,6.0,2.0,0,0
9368,7021.0,1.0,68.0,4.0,1.0,7.0,2.0,0.0,5.0,2.0,2.0,0,0
9369,7022.0,2.0,57.0,2.0,2.0,9.0,2.0,0.0,4.0,3.0,4.0,0,0
9370,7023.0,2.0,40.0,4.0,3.0,2.0,3.0,1.0,4.0,4.0,6.0,1,1
9371,7024.0,1.0,71.0,4.0,2.0,7.0,5.0,0.0,3.0,5.0,4.0,0,0
9372,7025.0,2.0,83.0,1.0,2.0,7.0,8.0,0.0,2.0,6.0,4.0,0,0
9373,7026.0,2.0,54.0,2.0,2.0,2.0,2.0,0.0,3.0,3.0,9.0,1,0
9374,7027.0,1.0,25.0,4.0,5.0,2.0,4.0,0.0,2.0,4.6,7.0,-1,-1
9375,9142.0,1.0,25.0,4.0,5.0,2.0,4.0,0.0,2.0,5.0,7.0,-1,-1
9376,7028.0,2.0,68.0,5.0,1.0,7.0,2.0,0.0,5.0,3.0,2.0,0,0
9377,7029.0,1.0,77.0,5.0,1.0,7.0,2.0,0.0,5.0,2.0,2.0,0,0
9378,7030.0,2.0,32.0,4.0,1.0,8.0,1.0,0.0,3.0,5.0,1.0,0,2
9379,7031.0,2.0,71.0,4.0,2.0,7.0,2.0,0.0,5.0,3.0,4.0,0,0
9380,7032.0,2.0,55.0,3.0,1.0,2.0,2.0,0.0,4.0,3.6,2.0,0,0
9381,7033.0,1.0,65.0,5.0,2.0,7.0,5.0,0.0,4.0,4.0,4.0,0,0
9382,7034.0,2.0,63.0,5.0,2.0,4.0,8.0,0.0,5.0,3.2,4.0,0,0
9383,7035.0,2.0,50.0,2.0,3.0,2.0,4.0,1.0,4.0,3.0,6.0,1,1
9384,7036.0,2.0,69.0,2.0,1.0,7.0,2.0,0.0,5.0,2.0,2.0,0,0
9385,8800.0,1.0,60.0,4.0,2.0,2.0,5.0,0.0,2.0,4.0,4.0,0,0
9386,7037.0,1.0,60.0,4.0,2.0,2.0,5.0,0.0,2.0,4.0,4.0,0,0
9387,7038.0,2.0,42.0,4.0,1.0,5.0,1.0,0.0,3.0,6.0,1.0,0,2
9388,7039.0,1.0,37.0,3.0,5.0,6.0,2.0,3.0,5.0,3.0,6.0,1,1
9389,7040.0,1.0,82.0,3.0,2.0,7.0,4.0,0.0,4.0,4.0,4.0,0,0
9391,7042.0,1.0,28.0,2.0,2.0,8.0,1.0,0.0,1.0,4.0,3.0,0,2
9392,7043.0,2.0,55.0,4.0,1.0,4.0,2.0,0.0,4.0,4.0,2.0,0,0
9393,7044.0,1.0,64.0,2.0,2.0,3.0,5.0,0.0,2.0,4.0,4.0,0,0
9394,8801.0,1.0,64.0,2.0,2.0,3.0,5.0,0.0,2.0,4.0,4.0,0,0
9395,7045.0,2.0,26.0,3.0,3.0,2.0,2.0,0.0,5.0,6.0,7.0,1,1
9396,7046.0,1.0,62.0,2.0,3.0,1.0,6.0,0.0,1.0,8.0,7.0,1,0
9397,9387.0,2.0,46.0,5.0,4.0,4.0,8.0,2.0,3.0,5.6,6.0,1,1
9398,8802.0,2.0,46.0,5.0,4.0,4.0,8.0,2.0,3.0,5.0,6.0,1,1
9399,7047.0,2.0,46.0,5.0,4.0,4.0,8.0,2.0,3.0,4.4,6.0,1,1
9400,7048.0,2.0,69.0,1.0,2.0,7.0,8.0,0.0,3.0,5.0,4.0,0,0
9401,8803.0,2.0,69.0,1.0,2.0,7.0,8.0,0.0,3.0,5.0,4.0,0,0
9404,7050.0,1.0,67.0,2.0,2.0,7.0,5.0,0.0,3.0,5.0,4.0,0,0
9405,7051.0,2.0,27.0,3.0,2.0,2.0,5.0,0.0,3.0,8.0,3.0,0,2
9406,7052.0,2.0,27.0,1.0,1.0,2.0,3.0,0.0,1.0,8.0,1.0,0,2
9407,7053.0,2.0,46.0,1.0,4.0,9.0,2.0,1.0,5.0,4.0,6.0,1,1
9408,9388.0,2.0,46.0,1.0,4.0,9.0,2.0,1.0,5.0,4.0,6.0,1,1
9409,7054.0,2.0,51.0,4.0,2.0,2.0,5.0,0.0,4.0,5.0,4.0,0,0
9410,7055.0,2.0,51.0,5.0,3.0,2.0,3.0,0.0,4.0,4.0,7.0,1,0
9411,7056.0,1.0,70.0,4.0,2.0,7.0,2.0,0.0,5.0,3.0,4.0,0,0
9412,7057.0,2.0,39.0,2.0,1.0,2.0,5.0,0.0,1.0,6.0,1.0,0,2
9413,7058.0,1.0,67.0,2.0,3.0,7.0,8.0,2.0,5.0,3.0,8.0,-1,-1
9414,8804.0,1.0,67.0,2.0,3.0,7.0,8.0,2.0,5.0,3.0,8.0,-1,-1
9415,7059.0,1.0,77.0,5.0,2.0,7.0,2.0,0.0,4.0,4.0,4.0,0,0
9416,7060.0,1.0,63.0,4.0,2.0,2.0,4.0,0.0,3.0,3.0,4.0,0,0
9417,8805.0,2.0,41.0,5.0,3.0,2.0,7.0,1.0,3.0,5.0,6.0,1,1
9418,7061.0,2.0,41.0,5.0,3.0,2.0,7.0,1.0,3.0,5.8,6.0,1,1
9419,7062.0,2.0,25.0,1.0,1.0,8.0,1.0,0.0,3.0,5.0,1.0,0,2
9420,7063.0,1.0,61.0,5.0,2.0,2.0,4.0,0.0,3.0,4.0,4.0,0,0
9421,8806.0,1.0,61.0,5.0,2.0,2.0,4.0,0.0,3.0,4.0,4.0,0,0
9422,7064.0,2.0,84.0,4.0,1.0,7.0,2.0,0.0,5.0,3.0,2.0,0,0
9423,7065.0,2.0,47.0,4.0,1.0,5.0,1.0,0.0,4.0,5.8,2.0,0,2
9424,7066.0,2.0,59.0,2.0,1.0,4.0,2.0,0.0,3.0,8.0,2.0,0,0
9425,7067.0,1.0,71.0,1.0,2.0,7.0,6.0,0.0,2.0,6.0,4.0,0,0
9426,7068.0,2.0,24.0,1.0,6.0,8.0,3.0,0.0,4.0,6.0,7.0,-1,-1
9427,7069.0,1.0,23.0,4.0,2.0,8.0,8.0,0.0,5.0,4.0,9.0,-1,-1
9428,7070.0,1.0,71.0,2.0,1.0,7.0,2.0,0.0,5.0,2.0,2.0,0,0
9429,7071.0,2.0,24.0,4.0,4.0,6.0,8.0,0.0,5.0,4.0,7.0,1,1
9430,7072.0,1.0,66.0,3.0,1.0,2.0,5.0,0.0,3.0,4.0,2.0,0,0
9431,7073.0,1.0,44.0,1.0,2.0,2.0,2.0,0.0,3.0,6.0,3.0,0,2
9433,7075.0,2.0,77.0,5.0,1.0,7.0,5.0,0.0,4.0,4.0,2.0,0,0
9435,7077.0,1.0,84.0,4.0,2.0,7.0,7.0,0.0,1.0,8.0,4.0,0,0
9436,7078.0,2.0,51.0,2.0,1.0,2.0,8.0,0.0,2.0,4.8,2.0,0,0
9437,7079.0,2.0,64.0,5.0,1.0,2.0,3.0,0.0,3.0,4.0,2.0,0,0
9438,7080.0,2.0,23.0,1.0,3.0,8.0,8.0,0.0,2.0,5.2,9.0,1,1
9439,7081.0,2.0,27.0,4.0,1.0,2.0,2.0,0.0,2.0,4.0,1.0,0,2
9440,7082.0,2.0,67.0,3.0,2.0,7.0,4.0,0.0,2.0,3.0,4.0,0,0
9441,7083.0,1.0,62.0,5.0,2.0,2.0,4.0,0.0,4.0,3.0,4.0,0,0
9443,7085.0,2.0,57.0,5.0,1.0,3.0,2.0,0.0,3.0,4.0,2.0,0,0
9444,8807.0,2.0,44.0,1.0,4.0,2.0,3.0,2.0,3.0,6.0,6.0,1,1
9445,7086.0,2.0,44.0,1.0,4.0,2.0,3.0,2.0,3.0,6.0,6.0,1,1
9446,7087.0,2.0,36.0,5.0,3.0,2.0,8.0,1.0,1.0,8.0,8.0,1,1
9448,7088.0,2.0,68.0,5.0,1.0,7.0,2.0,0.0,5.0,3.0,2.0,0,0
9449,7089.0,2.0,94.0,5.0,1.0,7.0,2.0,0.0,5.0,5.2,2.0,0,0
9450,7090.0,1.0,51.0,4.0,1.0,2.0,6.0,0.0,1.0,5.0,2.0,0,0
9451,7091.0,2.0,54.0,5.0,2.0,2.0,8.0,0.0,2.0,4.2,4.0,0,0
9452,7092.0,1.0,78.0,3.0,2.0,7.0,3.0,0.0,2.0,6.0,4.0,0,0
9453,7093.0,2.0,69.0,5.0,2.0,7.0,8.0,0.0,3.0,5.0,4.0,0,0
9454,7094.0,2.0,47.0,2.0,2.0,9.0,1.0,0.0,3.0,3.0,3.0,0,0
9455,8808.0,2.0,47.0,2.0,2.0,9.0,1.0,0.0,3.0,3.0,3.0,0,0
9456,7095.0,2.0,51.0,5.0,1.0,2.0,4.0,0.0,2.0,6.0,2.0,0,0
9457,8809.0,2.0,51.0,5.0,1.0,2.0,4.0,0.0,2.0,6.0,2.0,0,0
9459,7096.0,2.0,40.0,4.0,1.0,2.0,2.0,0.0,2.0,7.0,1.0,0,2
9460,7097.0,2.0,37.0,4.0,3.0,2.0,5.0,1.0,3.0,7.0,5.0,1,1
9461,7098.0,2.0,42.0,4.0,4.0,2.0,8.0,2.0,4.0,5.0,6.0,1,1
9462,7099.0,2.0,63.0,4.0,2.0,5.0,2.0,0.0,4.0,6.0,4.0,0,0
9463,7100.0,2.0,39.0,2.0,2.0,4.0,8.0,0.0,3.0,5.0,3.0,0,2
9464,7101.0,2.0,61.0,1.0,2.0,2.0,3.0,0.0,5.0,2.0,4.0,0,0
9465,8810.0,2.0,61.0,1.0,2.0,2.0,3.0,0.0,5.0,2.0,4.0,0,0
9466,7102.0,2.0,64.0,4.0,1.0,7.0,3.0,0.0,2.0,7.0,2.0,0,0
9467,7103.0,1.0,70.0,1.0,2.0,7.0,8.0,0.0,4.0,4.0,4.0,0,0
9468,7104.0,2.0,60.0,3.0,1.0,6.0,1.0,0.0,4.0,4.0,2.0,0,0
9469,7105.0,2.0,68.0,4.0,2.0,7.0,4.0,0.0,2.0,6.0,4.0,0,0
9470,7106.0,2.0,33.0,5.0,1.0,2.0,1.0,0.0,2.0,4.0,1.0,0,2
9471,9654.0,2.0,62.0,4.0,2.0,4.0,3.0,0.0,2.0,4.4,4.0,0,0
9472,9574.0,2.0,62.0,4.0,2.0,4.0,3.0,0.0,2.0,3.2,4.0,0,0
9473,7107.0,2.0,71.0,5.0,3.0,7.0,4.0,0.0,1.0,2.0,7.0,1,0
9474,7108.0,1.0,70.0,1.0,1.0,7.0,2.0,0.0,4.0,4.0,2.0,0,0
9475,7109.0,1.0,53.0,2.0,4.0,1.0,8.0,0.0,1.0,4.0,7.0,1,1
9476,7110.0,2.0,44.0,4.0,5.0,9.0,8.0,3.0,3.0,2.0,6.0,-1,-1
9477,8811.0,1.0,70.0,5.0,2.0,7.0,5.0,0.0,2.0,7.0,4.0,0,0
9478,7111.0,1.0,70.0,5.0,2.0,7.0,5.0,0.0,2.0,7.0,4.0,0,0
9479,7112.0,2.0,57.0,5.0,2.0,2.0,6.0,0.0,1.0,5.0,4.0,0,0
9480,7113.0,2.0,70.0,5.0,2.0,4.0,2.0,0.0,5.0,2.0,4.0,0,0
9481,7114.0,1.0,69.0,4.0,2.0,7.0,5.0,0.0,4.0,4.0,4.0,0,0
9482,7115.0,2.0,72.0,1.0,2.0,7.0,3.0,0.0,4.0,4.0,4.0,0,0
9483,7116.0,1.0,73.0,2.0,2.0,7.0,3.0,0.0,5.0,2.0,4.0,0,0
9484,9389.0,1.0,46.0,5.0,4.0,2.0,6.0,0.0,1.0,3.0,6.0,1,1
9485,7117.0,1.0,46.0,5.0,4.0,2.0,6.0,0.0,1.0,3.0,6.0,1,1
9486,9144.0,1.0,46.0,5.0,4.0,2.0,6.0,0.0,1.0,3.0,6.0,1,1
9487,7118.0,1.0,29.0,1.0,2.0,8.0,5.0,0.0,1.0,6.0,3.0,0,2
9489,7120.0,1.0,61.0,1.0,1.0,6.0,1.0,0.0,4.0,5.0,2.0,0,0
9490,7121.0,2.0,67.0,4.0,2.0,7.0,8.0,0.0,2.0,6.0,4.0,0,0
9491,7122.0,2.0,35.0,5.0,2.0,1.0,4.0,0.0,1.0,6.0,3.0,0,2
9492,7123.0,1.0,70.0,2.0,2.0,7.0,4.0,0.0,2.0,6.0,4.0,0,0
9493,7124.0,2.0,66.0,4.0,2.0,7.0,5.0,0.0,2.0,4.0,4.0,0,0
9494,7125.0,2.0,73.0,4.0,1.0,7.0,2.0,0.0,4.0,4.0,2.0,0,0
9496,7127.0,2.0,47.0,3.0,2.0,2.0,4.0,0.0,2.0,4.0,4.0,0,0
9497,7128.0,2.0,54.0,5.0,2.0,4.0,8.0,0.0,5.0,2.0,4.0,0,0
9498,7129.0,2.0,48.0,5.0,3.0,2.0,2.0,0.0,1.0,4.0,7.0,1,1
9499,7130.0,1.0,80.0,2.0,1.0,7.0,3.0,0.0,5.0,3.0,2.0,0,0
9500,7131.0,1.0,76.0,1.0,2.0,7.0,5.0,0.0,1.0,8.0,4.0,0,0
9502,7133.0,2.0,33.0,5.0,1.0,2.0,4.0,0.0,1.0,8.0,1.0,0,2
9503,7134.0,2.0,69.0,5.0,1.0,7.0,8.0,0.0,1.0,8.0,2.0,0,0
9504,7135.0,2.0,43.0,4.0,2.0,5.0,3.0,0.0,2.0,6.0,3.0,0,2
9505,7136.0,1.0,57.0,5.0,2.0,9.0,4.0,0.0,3.0,2.0,4.0,0,0
9506,7137.0,2.0,59.0,2.0,2.0,9.0,2.0,0.0,5.0,2.0,4.0,0,0
9507,7138.0,2.0,25.0,5.0,3.0,8.0,8.0,0.0,1.0,4.0,7.0,1,1
9508,7139.0,2.0,54.0,4.0,2.0,2.0,3.0,0.0,3.0,4.0,4.0,0,0
9509,7140.0,1.0,63.0,3.0,1.0,2.0,6.0,0.0,1.0,8.0,2.0,0,0
9511,7142.0,1.0,71.0,3.0,2.0,7.0,2.0,0.0,5.0,3.0,4.0,0,0
9512,7143.0,1.0,27.0,2.0,1.0,1.0,2.0,0.0,1.0,6.0,1.0,0,2
9513,7144.0,1.0,41.0,2.0,4.0,2.0,2.0,2.0,4.0,2.0,6.0,1,1
9514,7145.0,2.0,40.0,3.0,3.0,2.0,3.0,1.0,2.0,4.4,6.0,1,1
9515,8812.0,2.0,40.0,3.0,3.0,2.0,3.0,1.0,2.0,5.0,6.0,1,1
9516,7146.0,2.0,38.0,4.0,3.0,2.0,3.0,1.0,3.0,4.4,6.0,1,1
9517,7147.0,2.0,22.0,4.0,1.0,8.0,8.0,0.0,3.0,5.6,1.0,0,2
9518,7148.0,2.0,67.0,3.0,2.0,7.0,3.0,0.0,4.0,4.0,4.0,0,0
9519,7149.0,2.0,30.0,2.0,2.0,2.0,3.0,0.0,1.0,8.0,3.0,0,2
9520,9390.0,2.0,23.0,4.0,4.0,8.0,1.0,0.0,5.0,6.0,7.0,1,1
9521,7150.0,2.0,23.0,4.0,4.0,8.0,1.0,0.0,5.0,6.0,7.0,1,1
9522,7151.0,2.0,57.0,1.0,1.0,4.0,8.0,0.0,4.0,4.0,2.0,0,0
9524,7153.0,1.0,36.0,2.0,4.0,2.0,1.0,2.0,4.0,2.0,8.0,1,1
9525,7154.0,1.0,43.0,5.0,4.0,2.0,5.0,2.0,3.0,4.0,6.0,1,1
9526,7155.0,2.0,30.0,5.0,1.0,2.0,3.0,0.0,2.0,4.0,1.0,0,2
9527,7156.0,2.0,47.0,2.0,2.0,4.0,5.0,0.0,3.0,7.0,4.0,0,0
9528,7157.0,2.0,32.0,1.0,2.0,8.0,2.0,1.0,3.0,5.0,8.0,1,1
9529,9391.0,2.0,22.0,5.0,2.0,2.0,4.0,0.0,2.0,4.0,3.0,0,2
9530,7158.0,2.0,22.0,5.0,2.0,2.0,4.0,0.0,2.0,4.0,3.0,0,2
9531,7159.0,2.0,36.0,3.0,2.0,2.0,2.0,1.0,2.0,4.0,8.0,1,1
9532,7160.0,1.0,64.0,5.0,3.0,2.0,7.0,1.0,1.0,7.0,8.0,1,1
9533,7161.0,2.0,24.0,5.0,2.0,2.0,8.0,0.0,2.0,4.2,3.0,0,2
9535,8813.0,1.0,49.0,4.0,3.0,2.0,8.0,1.0,2.0,5.0,6.0,1,1
9536,7163.0,1.0,49.0,4.0,3.0,2.0,8.0,1.0,2.0,5.0,6.0,1,1
9537,9145.0,1.0,49.0,4.0,3.0,2.0,8.0,1.0,2.0,3.8,6.0,1,1
9538,7164.0,2.0,35.0,2.0,1.0,2.0,2.0,0.0,3.0,4.0,1.0,0,2
9539,7165.0,1.0,46.0,4.0,3.0,2.0,8.0,1.0,1.0,6.0,6.0,1,1
9540,7166.0,2.0,31.0,5.0,1.0,2.0,2.0,0.0,4.0,4.8,1.0,0,2
9541,7167.0,1.0,72.0,5.0,2.0,7.0,4.0,0.0,2.0,7.0,4.0,0,0
9542,7168.0,1.0,71.0,4.0,2.0,7.0,5.0,0.0,2.0,7.0,4.0,0,0
9543,7169.0,2.0,45.0,4.0,4.0,9.0,2.0,2.0,5.0,4.0,6.0,1,1
9544,7170.0,1.0,65.0,4.0,2.0,7.0,4.0,0.0,2.0,6.0,4.0,0,0
9545,7171.0,2.0,33.0,2.0,3.0,2.0,6.0,1.0,1.0,8.0,8.0,1,1
9546,7172.0,2.0,59.0,3.0,2.0,2.0,4.0,0.0,5.0,5.2,4.0,0,0
9547,7173.0,1.0,73.0,2.0,2.0,7.0,4.0,0.0,4.0,4.0,4.0,0,0
9548,7174.0,2.0,63.0,3.0,2.0,2.0,4.0,0.0,5.0,4.0,4.0,0,0
9549,7175.0,2.0,34.0,2.0,2.0,2.0,8.0,0.0,2.0,6.6,3.0,0,2
9550,7176.0,2.0,36.0,5.0,3.0,2.0,3.0,2.0,2.0,7.0,8.0,1,1
9551,7177.0,1.0,73.0,5.0,1.0,7.0,8.0,0.0,4.0,4.0,2.0,0,0
9552,7178.0,2.0,50.0,1.0,4.0,2.0,8.0,1.0,2.0,2.0,6.0,1,1
9553,7179.0,2.0,30.0,5.0,1.0,2.0,2.0,0.0,2.0,7.0,1.0,0,2
9556,7181.0,2.0,36.0,5.0,3.0,2.0,5.0,1.0,4.0,7.0,6.0,1,1
9557,7182.0,2.0,23.0,4.0,1.0,8.0,8.0,0.0,3.0,6.0,1.0,0,2
9558,9392.0,2.0,50.0,3.0,4.0,2.0,4.0,0.0,5.0,3.0,7.0,1,1
9559,9504.0,2.0,50.0,3.0,4.0,2.0,4.0,0.0,5.0,3.0,7.0,1,1
9560,8815.0,2.0,50.0,3.0,4.0,2.0,4.0,0.0,5.0,3.0,7.0,1,1
9561,7183.0,2.0,50.0,3.0,4.0,2.0,4.0,0.0,5.0,3.0,7.0,1,1
9562,7184.0,1.0,53.0,2.0,2.0,2.0,5.0,0.0,2.0,7.0,4.0,0,0
9563,7185.0,1.0,50.0,2.0,4.0,2.0,5.0,1.0,2.0,4.0,6.0,1,1
9564,7186.0,1.0,65.0,4.0,2.0,2.0,6.0,0.0,3.0,4.0,4.0,0,0
9565,7187.0,1.0,30.0,4.0,3.0,3.0,4.0,0.0,2.0,6.0,7.0,1,1
9566,7188.0,1.0,71.0,1.0,3.0,7.0,7.0,0.0,1.0,6.0,7.0,1,0
9567,7189.0,2.0,58.0,2.0,1.0,4.0,2.0,0.0,3.0,6.0,2.0,0,0
9568,7190.0,1.0,28.0,5.0,3.0,2.0,8.0,0.0,4.0,7.0,7.0,1,1
9569,7191.0,1.0,33.0,2.0,1.0,2.0,2.0,0.0,3.0,5.0,1.0,0,2
9570,7192.0,1.0,59.0,5.0,1.0,2.0,4.0,0.0,4.0,3.0,2.0,0,0
9571,7193.0,1.0,64.0,4.0,2.0,4.0,3.0,0.0,5.0,3.0,4.0,0,0
9572,7194.0,1.0,27.0,4.0,3.0,2.0,3.0,1.0,2.0,7.0,5.0,1,1
9573,7195.0,2.0,74.0,1.0,1.0,7.0,3.0,0.0,2.0,6.0,2.0,0,0
9574,8816.0,1.0,38.0,2.0,3.0,5.0,1.0,0.0,3.0,5.4,9.0,1,1
9575,7196.0,1.0,76.0,2.0,2.0,7.0,8.0,0.0,2.0,6.0,4.0,0,0
9576,7197.0,2.0,20.0,4.0,4.0,8.0,2.0,0.0,3.0,5.0,7.0,1,1
9577,7198.0,1.0,45.0,4.0,3.0,2.0,8.0,1.0,1.0,4.0,6.0,1,1
9578,7199.0,2.0,35.0,3.0,3.0,4.0,2.0,2.0,4.0,4.0,8.0,1,1
9579,7200.0,2.0,66.0,2.0,2.0,7.0,3.0,0.0,1.0,7.0,4.0,0,0
9580,9655.0,1.0,74.0,2.0,2.0,7.0,5.0,0.0,2.0,6.0,4.0,0,0
9581,7201.0,2.0,66.0,5.0,2.0,7.0,2.0,0.0,5.0,4.0,4.0,0,0
9582,7202.0,1.0,46.0,4.0,4.0,1.0,5.0,2.0,1.0,6.0,6.0,1,1
9583,7203.0,1.0,79.0,4.0,2.0,7.0,5.0,0.0,3.0,5.0,4.0,0,0
9585,7205.0,2.0,28.0,4.0,2.0,2.0,5.0,0.0,5.0,4.6,3.0,0,2
9586,7206.0,1.0,18.0,4.0,5.0,8.0,7.0,0.0,3.0,1.0,7.0,-1,-1
9588,7208.0,1.0,67.0,5.0,2.0,1.0,5.0,0.0,1.0,6.0,4.0,0,0
9589,7209.0,2.0,66.0,5.0,1.0,7.0,2.0,0.0,4.0,4.0,2.0,0,0
9590,7210.0,2.0,59.0,1.0,2.0,9.0,2.0,0.0,4.0,4.0,4.0,0,0
9591,7211.0,1.0,24.0,3.0,2.0,8.0,8.0,0.0,2.0,6.0,3.0,0,2
9592,7212.0,2.0,50.0,2.0,1.0,9.0,1.0,0.0,5.0,4.0,2.0,0,0
9593,7213.0,2.0,55.0,4.0,4.0,9.0,3.0,0.0,4.0,4.0,7.0,1,1
9594,7214.0,1.0,24.0,4.0,1.0,8.0,1.0,0.0,3.0,5.0,1.0,0,2
9595,7215.0,1.0,71.0,5.0,2.0,7.0,3.0,0.0,2.0,6.0,4.0,0,0
9596,7216.0,2.0,32.0,1.0,2.0,2.0,5.0,0.0,2.0,5.6,3.0,0,2
9597,7217.0,2.0,31.0,3.0,4.0,2.0,8.0,2.0,2.0,4.0,6.0,1,1
9598,7218.0,2.0,29.0,5.0,2.0,2.0,1.0,0.0,3.0,5.0,3.0,0,2
9599,7219.0,2.0,27.0,5.0,1.0,2.0,3.0,0.0,2.0,7.0,1.0,0,2
9600,7220.0,2.0,52.0,4.0,2.0,4.0,3.0,0.0,5.0,4.0,4.0,0,0
9601,7221.0,2.0,31.0,5.0,3.0,2.0,8.0,1.0,3.0,5.4,6.0,1,1
9602,7222.0,2.0,26.0,2.0,2.0,3.0,6.0,0.0,1.0,7.0,3.0,0,2
9603,8817.0,2.0,46.0,2.0,4.0,1.0,8.0,1.0,1.0,5.0,7.0,1,1
9604,7223.0,2.0,46.0,2.0,4.0,1.0,8.0,1.0,1.0,5.0,7.0,1,1
9605,7224.0,1.0,41.0,4.0,1.0,2.0,2.0,0.0,4.0,4.0,1.0,0,2
9606,7225.0,1.0,67.0,2.0,2.0,7.0,8.0,0.0,2.0,5.0,4.0,0,0
9607,9393.0,2.0,72.0,3.0,2.0,7.0,2.0,0.0,5.0,2.0,4.0,0,0
9608,7226.0,2.0,72.0,3.0,2.0,7.0,2.0,0.0,5.0,2.0,4.0,0,0
9609,7227.0,1.0,64.0,3.0,3.0,4.0,2.0,0.0,5.0,2.0,9.0,1,0
9610,7228.0,1.0,71.0,2.0,1.0,7.0,2.0,0.0,5.0,2.0,2.0,0,0
9611,7229.0,2.0,37.0,4.0,3.0,2.0,3.0,1.0,2.0,5.0,5.0,1,1
9612,7230.0,2.0,59.0,5.0,1.0,1.0,5.0,0.0,1.0,3.4,2.0,0,0
9613,7231.0,1.0,64.0,2.0,3.0,7.0,4.0,0.0,4.0,2.0,7.0,1,0
9614,8818.0,1.0,64.0,2.0,3.0,7.0,4.0,0.0,4.0,2.0,7.0,1,0
9615,7232.0,1.0,55.0,3.0,1.0,4.0,8.0,0.0,4.0,4.0,2.0,0,0
9616,7233.0,2.0,58.0,2.0,2.0,2.0,8.0,0.0,3.0,4.0,4.0,0,0
9617,7234.0,1.0,69.0,5.0,2.0,7.0,5.0,0.0,5.0,2.0,4.0,0,0
9618,7235.0,2.0,29.0,2.0,2.0,4.0,8.0,0.0,2.0,4.0,3.0,0,2
9619,7236.0,1.0,74.0,4.0,2.0,7.0,2.0,0.0,5.0,4.0,4.0,0,0
9620,7237.0,1.0,68.0,5.0,2.0,7.0,5.0,0.0,4.0,4.0,4.0,0,0
9621,7238.0,1.0,79.0,1.0,2.0,7.0,3.0,0.0,4.0,4.0,4.0,0,0
9622,7239.0,2.0,26.0,4.0,2.0,2.0,5.0,0.0,1.0,7.0,3.0,0,2
9623,7240.0,2.0,64.0,4.0,1.0,7.0,2.0,0.0,5.0,3.0,2.0,0,0
9624,7241.0,2.0,84.0,2.0,1.0,7.0,1.0,0.0,5.0,3.0,2.0,0,0
9625,7242.0,1.0,65.0,5.0,2.0,7.0,4.0,0.0,2.0,7.0,4.0,0,0
9626,7243.0,2.0,65.0,2.0,2.0,2.0,8.0,0.0,5.0,1.0,4.0,0,0
9628,7245.0,1.0,63.0,1.0,1.0,7.0,8.0,0.0,2.0,6.0,2.0,0,0
9629,7246.0,2.0,79.0,5.0,1.0,7.0,2.0,0.0,5.0,3.0,2.0,0,0
9630,8819.0,1.0,42.0,2.0,5.0,2.0,8.0,3.0,2.0,5.0,6.0,1,1
9631,7247.0,1.0,42.0,2.0,5.0,2.0,8.0,3.0,2.0,5.0,6.0,1,1
9632,7248.0,1.0,69.0,2.0,2.0,7.0,5.0,0.0,2.0,6.0,4.0,0,0
9633,7249.0,1.0,37.0,4.0,2.0,2.0,4.0,0.0,2.0,7.0,3.0,0,2
9634,9146.0,1.0,44.0,5.0,4.0,2.0,5.0,2.0,1.0,6.0,8.0,1,1
9635,8820.0,1.0,44.0,5.0,4.0,2.0,5.0,2.0,1.0,6.0,8.0,1,1
9636,7250.0,1.0,44.0,5.0,4.0,2.0,5.0,2.0,1.0,6.0,8.0,1,1
9637,9394.0,1.0,44.0,5.0,4.0,2.0,5.0,2.0,1.0,6.0,8.0,1,1
9638,7251.0,1.0,67.0,2.0,2.0,7.0,5.0,0.0,4.0,4.0,4.0,0,0
9640,7252.0,1.0,36.0,5.0,4.0,2.0,5.0,2.0,1.0,7.0,5.0,1,1
9641,7253.0,2.0,43.0,2.0,5.0,2.0,5.0,2.0,1.0,6.0,9.0,1,1
9642,8821.0,1.0,51.0,4.0,1.0,5.0,2.0,0.0,3.0,6.0,2.0,0,0
9643,7254.0,1.0,51.0,4.0,1.0,5.0,2.0,0.0,3.0,6.0,2.0,0,0
9644,9395.0,1.0,51.0,4.0,1.0,5.0,2.0,0.0,3.0,6.0,2.0,0,0
9645,7255.0,2.0,29.0,5.0,1.0,2.0,4.0,0.0,2.0,6.0,1.0,0,2
9646,7256.0,2.0,68.0,4.0,2.0,7.0,8.0,0.0,4.0,2.0,4.0,0,0
9647,7257.0,2.0,58.0,3.0,2.0,3.0,5.0,0.0,1.0,8.0,9.0,1,0
9648,7258.0,2.0,66.0,4.0,2.0,7.0,3.0,0.0,4.0,5.0,4.0,0,0
9649,8822.0,2.0,66.0,4.0,2.0,7.0,3.0,0.0,4.0,5.0,4.0,0,0
9650,7259.0,2.0,61.0,5.0,2.0,2.0,5.0,0.0,4.0,2.0,4.0,0,0
9651,7260.0,1.0,66.0,2.0,2.0,7.0,5.0,0.0,3.0,5.0,4.0,0,0
9652,8823.0,1.0,66.0,2.0,2.0,7.0,5.0,0.0,3.0,5.0,4.0,0,0
9653,7261.0,1.0,52.0,1.0,2.0,2.0,6.0,0.0,2.0,4.0,4.0,0,0
9654,7262.0,2.0,57.0,5.0,2.0,2.0,2.0,0.0,4.0,4.0,4.0,0,0
9655,7263.0,1.0,71.0,4.0,2.0,7.0,7.0,0.0,1.0,8.0,4.0,0,0
9656,7264.0,1.0,69.0,4.0,2.0,7.0,6.0,0.0,3.0,4.0,4.0,0,0
9657,7265.0,2.0,55.0,3.0,2.0,2.0,2.0,0.0,4.0,2.0,4.0,0,0
9658,8824.0,1.0,63.0,2.0,2.0,7.0,5.0,0.0,4.0,4.0,4.0,0,0
9659,7266.0,1.0,63.0,2.0,2.0,7.0,5.0,0.0,4.0,4.0,4.0,0,0
9660,7267.0,2.0,48.0,2.0,1.0,2.0,3.0,0.0,2.0,4.0,2.0,0,0
9661,7268.0,2.0,48.0,5.0,2.0,6.0,1.0,1.0,4.0,4.0,8.0,1,0
9662,7269.0,1.0,73.0,5.0,2.0,7.0,2.0,0.0,5.0,2.0,4.0,0,0
9663,7270.0,2.0,25.0,4.0,3.0,2.0,8.0,0.0,4.0,5.0,7.0,1,1
9664,7271.0,2.0,36.0,1.0,3.0,2.0,5.0,1.0,4.0,8.0,6.0,1,1
9665,9147.0,2.0,46.0,2.0,4.0,2.0,7.0,2.0,1.0,4.2,6.0,1,1
9666,7272.0,2.0,46.0,2.0,4.0,2.0,7.0,2.0,1.0,5.0,6.0,1,1
9667,7273.0,2.0,43.0,2.0,4.0,9.0,1.0,2.0,1.0,5.0,5.0,1,1
9668,8825.0,2.0,43.0,2.0,4.0,9.0,1.0,2.0,1.0,5.0,5.0,1,1
9669,8826.0,2.0,41.0,4.0,4.0,2.0,5.0,2.0,1.0,4.0,5.0,1,1
9670,7274.0,2.0,66.0,4.0,2.0,9.0,3.0,0.0,5.0,3.0,4.0,0,0
9671,8827.0,2.0,66.0,4.0,2.0,9.0,3.0,0.0,5.0,3.0,4.0,0,0
9672,7275.0,2.0,36.0,5.0,2.0,2.0,8.0,0.0,5.0,4.0,3.0,0,2
9675,8828.0,1.0,37.0,4.0,4.0,2.0,6.0,2.0,1.0,6.0,5.0,1,1
9676,7278.0,2.0,49.0,3.0,1.0,5.0,1.0,0.0,5.0,2.0,2.0,0,0
9677,7279.0,1.0,26.0,4.0,3.0,97.0,1.0,0.0,3.0,4.6,7.0,-1,-1
